"";"timestamp";"received_timestamp";"broadcast_timestamp";"tv_tracking_provider";"partner_id";"broadcast_duration_sec";"country";"ad_brand";"spot_name";"tv_channel_name"
"1";"1539582986";1539582986;1539582984;"Tvty";39575;39;"tr";"Arçelik";"Büyük yenileme hareketi ilk geri dönüşüm tesisi";"Fox TV"
"2";"1539584877";1539584877;1539584875;"Tvty";39575;39;"tr";"Arçelik";"Büyük yenileme hareketi ilk geri dönüşüm tesisi";"TRT 1"
"3";"1539584026";1539584026;1539584023;"Tvty";39575;39;"tr";"Arçelik";"Büyük yenileme hareketi ilk geri dönüşüm tesisi";"TV8"
"4";"1539585802";1539585802;1539585800;"Tvty";39575;39;"tr";"Arçelik";"Büyük yenileme hareketi ilk geri dönüşüm tesisi";"Fox TV"
"5";"1539586629";1539586629;1539586628;"Tvty";39575;20;"tr";"Arçelik";"Kalp kalbe karşı Arçelik kampanyası";"Star TV"
"6";"1539586684";1539586684;1539586682;"Tvty";39575;0;"tr";"Arçelik";"Mystery";"Fox TV"
"7";"1539589261";1539589261;1539589259;"Tvty";39575;39;"tr";"Arçelik";"Büyük yenileme hareketi ilk geri dönüşüm tesisi";"Skyturk 360"
"8";"1539588267";1539588267;1539588265;"Tvty";39575;39;"tr";"Arçelik";"Büyük yenileme hareketi ilk geri dönüşüm tesisi";"Kanal D"
"9";"1539587765";1539587765;1539587762;"Tvty";39575;39;"tr";"Arçelik";"Büyük yenileme hareketi ilk geri dönüşüm tesisi";"Star TV"
"10";"1539590288";1539590288;1539590286;"Tvty";39575;39;"tr";"Arçelik";"Büyük yenileme hareketi ilk geri dönüşüm tesisi";"ATV"
"11";"1539593664";1539593664;1539593662;"Tvty";39575;20;"tr";"Arçelik";"Kalp kalbe karşı Arçelik kampanyası";"Fox TV"
"12";"1539593779";1539593779;1539593777;"Tvty";39575;39;"tr";"Arçelik";"Büyük yenileme hareketi ilk geri dönüşüm tesisi";"ATV"
"13";"1539593022";1539593022;1539593020;"Tvty";39575;0;"tr";"Arçelik";"Mystery";"ATV"
"14";"1539597179";1539597179;1539597177;"Tvty";39575;39;"tr";"Arçelik";"Büyük yenileme hareketi ilk geri dönüşüm tesisi";"Show TV"
"15";"1539596959";1539596959;1539596957;"Tvty";39575;20;"tr";"Arçelik";"Kalp kalbe karşı Arçelik kampanyası";"Kanal 7"
"16";"1539597220";1539597220;1539597218;"Tvty";39575;39;"tr";"Arçelik";"Büyük yenileme hareketi ilk geri dönüşüm tesisi";"TRT Haber"
"17";"1539596899";1539596899;1539596897;"Tvty";39575;0;"tr";"Arçelik";"Mystery";"ATV"
"18";"1539596641";1539596641;1539596638;"Tvty";39575;39;"tr";"Arçelik";"Büyük yenileme hareketi ilk geri dönüşüm tesisi";"Fox TV"
"19";"1539595750";1539595750;1539595749;"Tvty";39575;0;"tr";"Arçelik";"Mystery";"Kanal D"
"20";"1539600151";1539600151;1539600149;"Tvty";39575;39;"tr";"Arçelik";"Büyük yenileme hareketi ilk geri dönüşüm tesisi";"Kanal 7"
"21";"1539600976";1539600976;1539600975;"Tvty";39575;0;"tr";"Arçelik";"Mystery";"Show TV"
"22";"1539600209";1539600209;1539600208;"Tvty";39575;20;"tr";"Arçelik";"Kalp kalbe karşı Arçelik kampanyası";"Fox TV"
"23";"1539602097";1539602097;1539602096;"Tvty";39575;39;"tr";"Arçelik";"Büyük yenileme hareketi ilk geri dönüşüm tesisi";"ATV"
"24";"1539602542";1539602542;1539602539;"Tvty";39575;0;"tr";"Arçelik";"Mystery";"TV8"
"25";"1539603111";1539603111;1539603108;"Tvty";39575;39;"tr";"Arçelik";"Büyük yenileme hareketi ilk geri dönüşüm tesisi";"Show TV"
"26";"1539603436";1539603436;1539603435;"Tvty";39575;0;"tr";"Arçelik";"Mystery";"Show TV"
"27";"1539607494";1539607494;1539607493;"Tvty";39575;39;"tr";"Arçelik";"Büyük yenileme hareketi ilk geri dönüşüm tesisi";"Kanal 7"
"28";"1539607326";1539607326;1539607324;"Tvty";39575;39;"tr";"Arçelik";"Büyük yenileme hareketi ilk geri dönüşüm tesisi";"TRT 1"
"29";"1539608002";1539608002;1539608000;"Tvty";39575;39;"tr";"Arçelik";"Büyük yenileme hareketi ilk geri dönüşüm tesisi";"ATV"
"30";"1539611287";1539611287;1539611286;"Tvty";39575;39;"tr";"Arçelik";"Büyük yenileme hareketi ilk geri dönüşüm tesisi";"Kanal D"
"31";"1539610597";1539610597;1539610595;"Tvty";39575;20;"tr";"Arçelik";"Kalp kalbe karşı Arçelik kampanyası";"Show TV"
"32";"1539611689";1539611689;1539611687;"Tvty";39575;20;"tr";"Arçelik";"Kalp kalbe karşı Arçelik kampanyası";"Star TV"
"33";"1539610132";1539610132;1539610131;"Tvty";39575;22;"tr";"Arçelik";"Türkiye'nin en çok tercih edilen ankastre seti Arçelik'te";"TRT 1"
"34";"1539610133";1539610133;1539610132;"Tvty";39575;20;"tr";"Arçelik";"Kalp kalbe karşı Arçelik kampanyası";"TRT 1"
"35";"1539614977";1539614977;1539614975;"Tvty";39575;39;"tr";"Arçelik";"Büyük yenileme hareketi ilk geri dönüşüm tesisi";"Skyturk 360"
"36";"1539613993";1539613993;1539613991;"Tvty";39575;39;"tr";"Arçelik";"Büyük yenileme hareketi ilk geri dönüşüm tesisi";"Star TV"
"37";"1539615389";1539615389;1539615388;"Tvty";39575;39;"tr";"Arçelik";"Büyük yenileme hareketi ilk geri dönüşüm tesisi";"TV8"
"38";"1539613740";1539613740;1539613738;"Tvty";39575;20;"tr";"Arçelik";"Kalp kalbe karşı Arçelik kampanyası";"Star TV"
"39";"1539612191";1539612191;1539612188;"Tvty";39575;20;"tr";"Arçelik";"Kalp kalbe karşı Arçelik kampanyası";"Fox TV"
"40";"1539613153";1539613153;1539613152;"Tvty";39575;0;"tr";"Arçelik";"Mystery";"TRT 1"
"41";"1539617655";1539617655;1539617653;"Tvty";39575;39;"tr";"Arçelik";"Büyük yenileme hareketi ilk geri dönüşüm tesisi";"Skyturk 360"
"42";"1539619146";1539619146;1539619144;"Tvty";39575;39;"tr";"Arçelik";"Büyük yenileme hareketi ilk geri dönüşüm tesisi";"Kanal 7"
"43";"1539616271";1539616271;1539616268;"Tvty";39575;39;"tr";"Arçelik";"Büyük yenileme hareketi ilk geri dönüşüm tesisi";"Star TV"
"44";"1539616403";1539616403;1539616400;"Tvty";39575;39;"tr";"Arçelik";"Büyük yenileme hareketi ilk geri dönüşüm tesisi";"Show TV"
"45";"1539616910";1539616910;1539616908;"Tvty";39575;39;"tr";"Arçelik";"Büyük yenileme hareketi ilk geri dönüşüm tesisi";"TRT 1"
"46";"1539615814";1539615814;1539615812;"Tvty";39575;39;"tr";"Arçelik";"Büyük yenileme hareketi ilk geri dönüşüm tesisi";"TV8"
"47";"1539621468";1539621468;1539621467;"Tvty";39575;0;"tr";"Arçelik";"Mystery";"Star TV"
"48";"1539622576";1539622576;1539622573;"Tvty";39575;39;"tr";"Arçelik";"Büyük yenileme hareketi ilk geri dönüşüm tesisi";"TRT 1"
"49";"1539622507";1539622507;1539622502;"Tvty";39575;39;"tr";"Arçelik";"Büyük yenileme hareketi ilk geri dönüşüm tesisi";"Fox TV"
"50";"1539622504";1539622504;1539622502;"Tvty";39575;39;"tr";"Arçelik";"Büyük yenileme hareketi ilk geri dönüşüm tesisi";"Fox TV"
"51";"1539622338";1539622338;1539622337;"Tvty";39575;20;"tr";"Arçelik";"Kalp kalbe karşı Arçelik kampanyası";"ATV"
"52";"1539622221";1539622221;1539622220;"Tvty";39575;0;"tr";"Arçelik";"Mystery";"TRT 1"
"53";"1539622507";1539622507;1539622505;"Tvty";39575;39;"tr";"Arçelik";"Büyük yenileme hareketi ilk geri dönüşüm tesisi";"ATV"
"54";"1539624051";1539624051;1539624048;"Tvty";39575;39;"tr";"Arçelik";"Büyük yenileme hareketi ilk geri dönüşüm tesisi";"TRT 1"
"55";"1539629583";1539629583;1539629581;"Tvty";39575;39;"tr";"Arçelik";"Büyük yenileme hareketi ilk geri dönüşüm tesisi";"TRT Haber"
"56";"1539631840";1539631840;1539631839;"Tvty";39575;39;"tr";"Arçelik";"Büyük yenileme hareketi ilk geri dönüşüm tesisi";"Skyturk 360"
"57";"1539632308";1539632308;1539632306;"Tvty";39575;39;"tr";"Arçelik";"Büyük yenileme hareketi ilk geri dönüşüm tesisi";"Skyturk 360"
"58";"1539633405";1539633405;1539633403;"Tvty";39575;39;"tr";"Arçelik";"Büyük yenileme hareketi ilk geri dönüşüm tesisi";"TRT Haber"
"59";"1539633331";1539633331;1539633329;"Tvty";39575;39;"tr";"Arçelik";"Büyük yenileme hareketi ilk geri dönüşüm tesisi";"ATV"
"60";"1539632833";1539632833;1539632831;"Tvty";39575;20;"tr";"Arçelik";"Kalp kalbe karşı Arçelik kampanyası";"ATV"
"61";"1539630991";1539630991;1539630990;"Tvty";39575;39;"tr";"Arçelik";"Büyük yenileme hareketi ilk geri dönüşüm tesisi";"Kanal D"
"62";"1539631247";1539631247;1539631245;"Tvty";39575;0;"tr";"Arçelik";"Mystery";"Kanal D"
"63";"1539633972";1539633972;1539633969;"Tvty";39575;0;"tr";"Arçelik";"Mystery";"TV8"
"64";"1539634189";1539634189;1539634187;"Tvty";39575;39;"tr";"Arçelik";"Büyük yenileme hareketi ilk geri dönüşüm tesisi";"ATV"
"65";"1539636950";1539636950;1539636948;"Tvty";39575;39;"tr";"Arçelik";"Büyük yenileme hareketi ilk geri dönüşüm tesisi";"Star TV"
"66";"1539636270";1539636270;1539636268;"Tvty";39575;39;"tr";"Arçelik";"Büyük yenileme hareketi ilk geri dönüşüm tesisi";"TRT 1"
"67";"1539636850";1539636850;1539636848;"Tvty";39575;20;"tr";"Arçelik";"Kalp kalbe karşı Arçelik kampanyası";"Fox TV"
"68";"1539637634";1539637634;1539637632;"Tvty";39575;39;"tr";"Arçelik";"Büyük yenileme hareketi ilk geri dönüşüm tesisi";"Fox TV"
"69";"1539638222";1539638222;1539638220;"Tvty";39575;39;"tr";"Arçelik";"Büyük yenileme hareketi ilk geri dönüşüm tesisi";"TV8"
"70";"1539637821";1539637821;1539637819;"Tvty";39575;39;"tr";"Arçelik";"Büyük yenileme hareketi ilk geri dönüşüm tesisi";"Show TV"
"71";"1539667865";1539667865;1539667862;"Tvty";39575;39;"tr";"Arçelik";"Büyük yenileme hareketi ilk geri dönüşüm tesisi";"Star TV"
"72";"1539672321";1539672321;1539672319;"Tvty";39575;39;"tr";"Arçelik";"Büyük yenileme hareketi ilk geri dönüşüm tesisi";"Fox TV"
"73";"1539673078";1539673078;1539673076;"Tvty";39575;20;"tr";"Arçelik";"Kalp kalbe karşı Arçelik kampanyası";"Fox TV"
"74";"1539671126";1539671126;1539671124;"Tvty";39575;39;"tr";"Arçelik";"Büyük yenileme hareketi ilk geri dönüşüm tesisi";"TRT 1"
"75";"1539675640";1539675640;1539675637;"Tvty";39575;39;"tr";"Arçelik";"Büyük yenileme hareketi ilk geri dönüşüm tesisi";"Skyturk 360"
"76";"1539676081";1539676081;1539676079;"Tvty";39575;0;"tr";"Arçelik";"Mystery";"ATV"
"77";"1539674516";1539674516;1539674514;"Tvty";39575;20;"tr";"Arçelik";"Kalp kalbe karşı Arçelik kampanyası";"Star TV"
"78";"1539678761";1539678761;1539678758;"Tvty";39575;39;"tr";"Arçelik";"Büyük yenileme hareketi ilk geri dönüşüm tesisi";"Star TV"
"79";"1539678360";1539678360;1539678359;"Tvty";39575;0;"tr";"Arçelik";"Mystery";"TV8"
"80";"1539679201";1539679201;1539679199;"Tvty";39575;39;"tr";"Arçelik";"Büyük yenileme hareketi ilk geri dönüşüm tesisi";"Skyturk 360"
"81";"1539680172";1539680172;1539680170;"Tvty";39575;0;"tr";"Arçelik";"Mystery";"ATV"
"82";"1539681657";1539681657;1539681656;"Tvty";39575;22;"tr";"Arçelik";"Türkiye'nin en çok tercih edilen ankastre seti Arçelik'te";"Kanal D"
"83";"1539681713";1539681713;1539681711;"Tvty";39575;39;"tr";"Arçelik";"Büyük yenileme hareketi ilk geri dönüşüm tesisi";"Kanal D"
"84";"1539681658";1539681658;1539681657;"Tvty";39575;20;"tr";"Arçelik";"Kalp kalbe karşı Arçelik kampanyası";"Kanal D"
"85";"1539682761";1539682761;1539682759;"Tvty";39575;39;"tr";"Arçelik";"Büyük yenileme hareketi ilk geri dönüşüm tesisi";"Fox TV"
"86";"1539683355";1539683355;1539683353;"Tvty";39575;20;"tr";"Arçelik";"Kalp kalbe karşı Arçelik kampanyası";"Kanal 7"
"87";"1539683782";1539683782;1539683780;"Tvty";39575;39;"tr";"Arçelik";"Büyük yenileme hareketi ilk geri dönüşüm tesisi";"ATV"
"88";"1539683386";1539683386;1539683385;"Tvty";39575;0;"tr";"Arçelik";"Mystery";"ATV"
"89";"1539686893";1539686893;1539686891;"Tvty";39575;39;"tr";"Arçelik";"Büyük yenileme hareketi ilk geri dönüşüm tesisi";"Fox TV"
"90";"1539687106";1539687106;1539687104;"Tvty";39575;39;"tr";"Arçelik";"Büyük yenileme hareketi ilk geri dönüşüm tesisi";"Show TV"
"91";"1539686719";1539686719;1539686718;"Tvty";39575;0;"tr";"Arçelik";"Mystery";"ATV"
"92";"1539687401";1539687401;1539687400;"Tvty";39575;39;"tr";"Arçelik";"Büyük yenileme hareketi ilk geri dönüşüm tesisi";"ATV"
"93";"1539687359";1539687359;1539687357;"Tvty";39575;0;"tr";"Arçelik";"Mystery";"Kanal 7"
"94";"1539689521";1539689521;1539689519;"Tvty";39575;39;"tr";"Arçelik";"Büyük yenileme hareketi ilk geri dönüşüm tesisi";"TRT 1"
"95";"1539689471";1539689471;1539689468;"Tvty";39575;39;"tr";"Arçelik";"Büyük yenileme hareketi ilk geri dönüşüm tesisi";"Kanal 7"
"96";"1539694370";1539694370;1539694368;"Tvty";39575;39;"tr";"Arçelik";"Büyük yenileme hareketi ilk geri dönüşüm tesisi";"TRT Haber"
"97";"1539697464";1539697464;1539697462;"Tvty";39575;0;"tr";"Arçelik";"Mystery";"TRT 1"
"98";"1539701671";1539701671;1539701669;"Tvty";39575;39;"tr";"Arçelik";"Büyük yenileme hareketi ilk geri dönüşüm tesisi";"TRT Haber"
"99";"1539701702";1539701702;1539701669;"Tvty";39575;39;"tr";"Arçelik";"Büyük yenileme hareketi ilk geri dönüşüm tesisi";"TRT Haber"
"100";"1539701682";1539701682;1539701669;"Tvty";39575;39;"tr";"Arçelik";"Büyük yenileme hareketi ilk geri dönüşüm tesisi";"TRT Haber"
"101";"1539701682";1539701682;1539701681;"Tvty";39575;0;"tr";"Arçelik";"Mystery";"TV8"
"102";"1539704779";1539704779;1539704778;"Tvty";39575;39;"tr";"Arçelik";"Büyük yenileme hareketi ilk geri dönüşüm tesisi";"Skyturk 360"
"103";"1539702188";1539702188;1539702186;"Tvty";39575;39;"tr";"Arçelik";"Büyük yenileme hareketi ilk geri dönüşüm tesisi";"TV8"
"104";"1539708488";1539708488;1539708486;"Tvty";39575;39;"tr";"Arçelik";"Büyük yenileme hareketi ilk geri dönüşüm tesisi";"TRT Haber"
"105";"1539708621";1539708621;1539708588;"Tvty";39575;39;"tr";"Arçelik";"Büyük yenileme hareketi ilk geri dönüşüm tesisi";"TRT 1"
"106";"1539708534";1539708534;1539708486;"Tvty";39575;39;"tr";"Arçelik";"Büyük yenileme hareketi ilk geri dönüşüm tesisi";"TRT Haber"
"107";"1539708942";1539708942;1539708941;"Tvty";39575;20;"tr";"Arçelik";"Kalp kalbe karşı Arçelik kampanyası";"Show TV"
"108";"1539708591";1539708591;1539708588;"Tvty";39575;39;"tr";"Arçelik";"Büyük yenileme hareketi ilk geri dönüşüm tesisi";"TRT 1"
"109";"1539708621";1539708621;1539708619;"Tvty";39575;39;"tr";"Arçelik";"Büyük yenileme hareketi ilk geri dönüşüm tesisi";"Show TV"
"110";"1539708534";1539708534;1539708532;"Tvty";39575;0;"tr";"Arçelik";"Mystery";"ATV"
"111";"1539712615";1539712615;1539712613;"Tvty";39575;39;"tr";"Arçelik";"Büyük yenileme hareketi ilk geri dönüşüm tesisi";"Kanal 7"
"112";"1539709425";1539709425;1539709424;"Tvty";39575;22;"tr";"Arçelik";"Türkiye'nin en çok tercih edilen ankastre seti Arçelik'te";"TRT 1"
"113";"1539710191";1539710191;1539710189;"Tvty";39575;39;"tr";"Arçelik";"Büyük yenileme hareketi ilk geri dönüşüm tesisi";"Fox TV"
"114";"1539710574";1539710574;1539710572;"Tvty";39575;0;"tr";"Arçelik";"Mystery";"Fox TV"
"115";"1539712275";1539712275;1539712273;"Tvty";39575;39;"tr";"Arçelik";"Büyük yenileme hareketi ilk geri dönüşüm tesisi";"Star TV"
"116";"1539711368";1539711368;1539711366;"Tvty";39575;39;"tr";"Arçelik";"Büyük yenileme hareketi ilk geri dönüşüm tesisi";"Show TV"
"117";"1539712496";1539712496;1539712494;"Tvty";39575;39;"tr";"Arçelik";"Büyük yenileme hareketi ilk geri dönüşüm tesisi";"TRT Haber"
"118";"1539714726";1539714726;1539714725;"Tvty";39575;39;"tr";"Arçelik";"Büyük yenileme hareketi ilk geri dönüşüm tesisi";"Skyturk 360"
"119";"1539714831";1539714831;1539714829;"Tvty";39575;39;"tr";"Arçelik";"Büyük yenileme hareketi ilk geri dönüşüm tesisi";"TRT 1"
"120";"1539715914";1539715914;1539715912;"Tvty";39575;39;"tr";"Arçelik";"Büyük yenileme hareketi ilk geri dönüşüm tesisi";"TRT Haber"
"121";"1539718521";1539718521;1539718519;"Tvty";39575;39;"tr";"Arçelik";"Büyük yenileme hareketi ilk geri dönüşüm tesisi";"Skyturk 360"
"122";"1539722949";1539722949;1539722947;"Tvty";39575;39;"tr";"Arçelik";"Büyük yenileme hareketi ilk geri dönüşüm tesisi";"ATV"
"123";"1539722054";1539722054;1539722052;"Tvty";39575;20;"tr";"Arçelik";"Kalp kalbe karşı Arçelik kampanyası";"Star TV"
"124";"1539724383";1539724383;1539724381;"Tvty";39575;39;"tr";"Arçelik";"Büyük yenileme hareketi ilk geri dönüşüm tesisi";"ATV"
"125";"1539724819";1539724819;1539724817;"Tvty";39575;39;"tr";"Arçelik";"Büyük yenileme hareketi ilk geri dönüşüm tesisi";"TV8"
"126";"1539724338";1539724338;1539724336;"Tvty";39575;39;"tr";"Arçelik";"Büyük yenileme hareketi ilk geri dönüşüm tesisi";"Fox TV"
"127";"1539757172";1539757172;1539757170;"Tvty";39575;39;"tr";"Arçelik";"Büyük yenileme hareketi ilk geri dönüşüm tesisi";"TRT 1"
"128";"1539761803";1539761803;1539761801;"Tvty";39575;39;"tr";"Arçelik";"Büyük yenileme hareketi ilk geri dönüşüm tesisi";"Skyturk 360"
"129";"1539765152";1539765152;1539765151;"Tvty";39575;39;"tr";"Arçelik";"Büyük yenileme hareketi ilk geri dönüşüm tesisi";"TV8"
"130";"1539765875";1539765875;1539765873;"Tvty";39575;39;"tr";"Arçelik";"Büyük yenileme hareketi ilk geri dönüşüm tesisi";"ATV"
"131";"1539769819";1539769819;1539769817;"Tvty";39575;39;"tr";"Arçelik";"Büyük yenileme hareketi ilk geri dönüşüm tesisi";"TRT Haber"
"132";"1539768340";1539768340;1539768338;"Tvty";39575;39;"tr";"Arçelik";"Büyük yenileme hareketi ilk geri dönüşüm tesisi";"Star TV"
"133";"1539768503";1539768503;1539768501;"Tvty";39575;39;"tr";"Arçelik";"Büyük yenileme hareketi ilk geri dönüşüm tesisi";"Kanal D"
"134";"1539773783";1539773783;1539773781;"Tvty";39575;39;"tr";"Arçelik";"Büyük yenileme hareketi ilk geri dönüşüm tesisi";"ATV"
"135";"1539777062";1539777062;1539777061;"Tvty";39575;39;"tr";"Arçelik";"Büyük yenileme hareketi ilk geri dönüşüm tesisi";"Kanal 7"
"136";"1539776045";1539776045;1539776043;"Tvty";39575;39;"tr";"Arçelik";"Büyük yenileme hareketi ilk geri dönüşüm tesisi";"Fox TV"
"137";"1539776483";1539776483;1539776480;"Tvty";39575;39;"tr";"Arçelik";"Büyük yenileme hareketi ilk geri dönüşüm tesisi";"Show TV"
"138";"1539774933";1539774933;1539774932;"Tvty";39575;39;"tr";"Arçelik";"Büyük yenileme hareketi ilk geri dönüşüm tesisi";"TV8"
"139";"1539780832";1539780832;1539780829;"Tvty";39575;39;"tr";"Arçelik";"Büyük yenileme hareketi ilk geri dönüşüm tesisi";"TRT Haber"
"140";"1539784455";1539784455;1539784452;"Tvty";39575;39;"tr";"Arçelik";"Büyük yenileme hareketi ilk geri dönüşüm tesisi";"Show TV"
"141";"1539787549";1539787549;1539787547;"Tvty";39575;39;"tr";"Arçelik";"Büyük yenileme hareketi ilk geri dönüşüm tesisi";"Skyturk 360"
"142";"1539788742";1539788742;1539788740;"Tvty";39575;39;"tr";"Arçelik";"Büyük yenileme hareketi ilk geri dönüşüm tesisi";"TV8"
"143";"1539790282";1539790282;1539790280;"Tvty";39575;39;"tr";"Arçelik";"Büyük yenileme hareketi ilk geri dönüşüm tesisi";"Skyturk 360"
"144";"1539793563";1539793563;1539793561;"Tvty";39575;39;"tr";"Arçelik";"Büyük yenileme hareketi ilk geri dönüşüm tesisi";"Skyturk 360"
"145";"1539793977";1539793977;1539793975;"Tvty";39575;39;"tr";"Arçelik";"Büyük yenileme hareketi ilk geri dönüşüm tesisi";"Star TV"
"146";"1539794924";1539794924;1539794923;"Tvty";39575;39;"tr";"Arçelik";"Büyük yenileme hareketi ilk geri dönüşüm tesisi";"ATV"
"147";"1539795149";1539795149;1539795147;"Tvty";39575;39;"tr";"Arçelik";"Büyük yenileme hareketi ilk geri dönüşüm tesisi";"Show TV"
"148";"1539794854";1539794854;1539794852;"Tvty";39575;39;"tr";"Arçelik";"Büyük yenileme hareketi ilk geri dönüşüm tesisi";"TRT Haber"
"149";"1539795200";1539795200;1539795197;"Tvty";39575;39;"tr";"Arçelik";"Büyük yenileme hareketi ilk geri dönüşüm tesisi";"TRT 1"
"150";"1539798685";1539798685;1539798683;"Tvty";39575;39;"tr";"Arçelik";"Büyük yenileme hareketi ilk geri dönüşüm tesisi";"Kanal 7"
"151";"1539801046";1539801046;1539801044;"Tvty";39575;39;"tr";"Arçelik";"Büyük yenileme hareketi ilk geri dönüşüm tesisi";"Fox TV"
"152";"1539802270";1539802270;1539802268;"Tvty";39575;39;"tr";"Arçelik";"Büyük yenileme hareketi ilk geri dönüşüm tesisi";"TRT Haber"
"153";"1539802389";1539802389;1539802387;"Tvty";39575;39;"tr";"Arçelik";"Büyük yenileme hareketi ilk geri dönüşüm tesisi";"TV8"
"154";"1539804263";1539804263;1539804262;"Tvty";39575;39;"tr";"Arçelik";"Büyük yenileme hareketi ilk geri dönüşüm tesisi";"Fox TV"
"155";"1539804383";1539804383;1539804381;"Tvty";39575;39;"tr";"Arçelik";"Büyük yenileme hareketi ilk geri dönüşüm tesisi";"TRT 1"
"156";"1539808539";1539808538;1539808536;"Tvty";39575;39;"tr";"Arçelik";"Büyük yenileme hareketi ilk geri dönüşüm tesisi";"Show TV"
"157";"1539808344";1539808344;1539808342;"Tvty";39575;39;"tr";"Arçelik";"Büyük yenileme hareketi ilk geri dönüşüm tesisi";"Star TV"
"158";"1539806647";1539806647;1539806644;"Tvty";39575;39;"tr";"Arçelik";"Büyük yenileme hareketi ilk geri dönüşüm tesisi";"Fox TV"
"159";"1539810221";1539810221;1539810219;"Tvty";39575;39;"tr";"Arçelik";"Büyük yenileme hareketi ilk geri dönüşüm tesisi";"ATV"
"160";"1539845073";1539845073;1539845071;"Tvty";39575;39;"tr";"Arçelik";"Büyük yenileme hareketi ilk geri dönüşüm tesisi";"Fox TV"
"161";"1539844092";1539844092;1539844090;"Tvty";39575;39;"tr";"Arçelik";"Büyük yenileme hareketi ilk geri dönüşüm tesisi";"TRT 1"
"162";"1539851405";1539851405;1539851403;"Tvty";39575;39;"tr";"Arçelik";"Büyük yenileme hareketi ilk geri dönüşüm tesisi";"Skyturk 360"
"163";"1539855491";1539855491;1539855489;"Tvty";39575;39;"tr";"Arçelik";"Büyük yenileme hareketi ilk geri dönüşüm tesisi";"TRT 1"
"164";"1539854534";1539854534;1539854532;"Tvty";39575;39;"tr";"Arçelik";"Büyük yenileme hareketi ilk geri dönüşüm tesisi";"Star TV"
"165";"1539855984";1539855984;1539855981;"Tvty";39575;39;"tr";"Arçelik";"Büyük yenileme hareketi ilk geri dönüşüm tesisi";"Show TV"
"166";"1539854316";1539854316;1539854315;"Tvty";39575;39;"tr";"Arçelik";"Büyük yenileme hareketi ilk geri dönüşüm tesisi";"Kanal D"
"167";"1539856420";1539856420;1539856418;"Tvty";39575;39;"tr";"Arçelik";"Büyük yenileme hareketi ilk geri dönüşüm tesisi";"TRT Haber"
"168";"1539859817";1539859817;1539859814;"Tvty";39575;39;"tr";"Arçelik";"Büyük yenileme hareketi ilk geri dönüşüm tesisi";"Show TV"
"169";"1539859388";1539859388;1539859386;"Tvty";39575;39;"tr";"Arçelik";"Büyük yenileme hareketi ilk geri dönüşüm tesisi";"Fox TV"
"170";"1539859487";1539859487;1539859486;"Tvty";39575;39;"tr";"Arçelik";"Büyük yenileme hareketi ilk geri dönüşüm tesisi";"ATV"
"171";"1539867355";1539867355;1539867353;"Tvty";39575;39;"tr";"Arçelik";"Büyük yenileme hareketi ilk geri dönüşüm tesisi";"TRT Haber"
"172";"1539867110";1539867110;1539867108;"Tvty";39575;39;"tr";"Arçelik";"Büyük yenileme hareketi ilk geri dönüşüm tesisi";"Kanal 7"
"173";"1539873460";1539873460;1539873458;"Tvty";39575;39;"tr";"Arçelik";"Büyük yenileme hareketi ilk geri dönüşüm tesisi";"Star TV"
"174";"1539874523";1539874523;1539874522;"Tvty";39575;39;"tr";"Arçelik";"Büyük yenileme hareketi ilk geri dönüşüm tesisi";"Skyturk 360"
"175";"1539871832";1539871832;1539871830;"Tvty";39575;39;"tr";"Arçelik";"Büyük yenileme hareketi ilk geri dönüşüm tesisi";"TV8"
"176";"1539876900";1539876900;1539876898;"Tvty";39575;39;"tr";"Arçelik";"Büyük yenileme hareketi ilk geri dönüşüm tesisi";"Skyturk 360"
"177";"1539878071";1539878071;1539878070;"Tvty";39575;39;"tr";"Arçelik";"Büyük yenileme hareketi ilk geri dönüşüm tesisi";"TRT Haber"
"178";"1539880503";1539880503;1539880500;"Tvty";39575;39;"tr";"Arçelik";"Büyük yenileme hareketi ilk geri dönüşüm tesisi";"Star TV"
"179";"1539881523";1539881523;1539881521;"Tvty";39575;39;"tr";"Arçelik";"Büyük yenileme hareketi ilk geri dönüşüm tesisi";"TRT 1"
"180";"1539883629";1539883629;1539883627;"Tvty";39575;39;"tr";"Arçelik";"Büyük yenileme hareketi ilk geri dönüşüm tesisi";"Fox TV"
"181";"1539884389";1539884389;1539884388;"Tvty";39575;39;"tr";"Arçelik";"Büyük yenileme hareketi ilk geri dönüşüm tesisi";"ATV"
"182";"1539887823";1539887823;1539887822;"Tvty";39575;39;"tr";"Arçelik";"Büyük yenileme hareketi ilk geri dönüşüm tesisi";"Skyturk 360"
"183";"1539891655";1539891655;1539891653;"Tvty";39575;39;"tr";"Arçelik";"Büyük yenileme hareketi ilk geri dönüşüm tesisi";"Skyturk 360"
"184";"1539892446";1539892446;1539892444;"Tvty";39575;39;"tr";"Arçelik";"Büyük yenileme hareketi ilk geri dönüşüm tesisi";"TRT Haber"
"185";"1539893347";1539893347;1539893345;"Tvty";39575;39;"tr";"Arçelik";"Büyük yenileme hareketi ilk geri dönüşüm tesisi";"Kanal 7"
"186";"1539893631";1539893631;1539893629;"Tvty";39575;39;"tr";"Arçelik";"Büyük yenileme hareketi ilk geri dönüşüm tesisi";"Show TV"
"187";"1539893263";1539893263;1539893260;"Tvty";39575;39;"tr";"Arçelik";"Büyük yenileme hareketi ilk geri dönüşüm tesisi";"TV8"
"188";"1539898030";1539898030;1539898029;"Tvty";39575;39;"tr";"Arçelik";"Büyük yenileme hareketi ilk geri dönüşüm tesisi";"Fox TV"
"189";"1539897432";1539897432;1539897431;"Tvty";39575;39;"tr";"Arçelik";"Büyük yenileme hareketi ilk geri dönüşüm tesisi";"Fox TV"
"190";"1539896816";1539896816;1539896813;"Tvty";39575;39;"tr";"Arçelik";"Büyük yenileme hareketi ilk geri dönüşüm tesisi";"ATV"
"191";"1539931544";1539931544;1539931543;"Tvty";39575;39;"tr";"Arçelik";"Büyük yenileme hareketi ilk geri dönüşüm tesisi";"Fox TV"
"192";"1539929001";1539929001;1539928999;"Tvty";39575;39;"tr";"Arçelik";"Büyük yenileme hareketi ilk geri dönüşüm tesisi";"Kanal D"
"193";"1539933865";1539933865;1539933863;"Tvty";39575;39;"tr";"Arçelik";"Büyük yenileme hareketi ilk geri dönüşüm tesisi";"Star TV"
"194";"1539937772";1539937772;1539937770;"Tvty";39575;39;"tr";"Arçelik";"Büyük yenileme hareketi ilk geri dönüşüm tesisi";"Skyturk 360"
"195";"1539936336";1539936336;1539936333;"Tvty";39575;39;"tr";"Arçelik";"Büyük yenileme hareketi ilk geri dönüşüm tesisi";"TRT 1"
"196";"1539938821";1539938821;1539938818;"Tvty";39575;39;"tr";"Arçelik";"Büyük yenileme hareketi ilk geri dönüşüm tesisi";"Kanal 7"
"197";"1539942331";1539942331;1539942329;"Tvty";39575;39;"tr";"Arçelik";"Büyük yenileme hareketi ilk geri dönüşüm tesisi";"Show TV"
"198";"1539942278";1539942278;1539942277;"Tvty";39575;39;"tr";"Arçelik";"Büyük yenileme hareketi ilk geri dönüşüm tesisi";"ATV"
"199";"1539941280";1539941280;1539941278;"Tvty";39575;39;"tr";"Arçelik";"Büyük yenileme hareketi ilk geri dönüşüm tesisi";"TRT Haber"
"200";"1539941088";1539941088;1539941085;"Tvty";39575;39;"tr";"Arçelik";"Büyük yenileme hareketi ilk geri dönüşüm tesisi";"Star TV"
"201";"1539941488";1539941488;1539941485;"Tvty";39575;39;"tr";"Arçelik";"Büyük yenileme hareketi ilk geri dönüşüm tesisi";"TRT 1"
"202";"1539946429";1539946429;1539946427;"Tvty";39575;39;"tr";"Arçelik";"Büyük yenileme hareketi ilk geri dönüşüm tesisi";"Show TV"
"203";"1539945727";1539945727;1539945726;"Tvty";39575;39;"tr";"Arçelik";"Büyük yenileme hareketi ilk geri dönüşüm tesisi";"Fox TV"
"204";"1539948115";1539948115;1539948113;"Tvty";39575;39;"tr";"Arçelik";"Büyük yenileme hareketi ilk geri dönüşüm tesisi";"Kanal 7"
"205";"1539954240";1539954240;1539954238;"Tvty";39575;39;"tr";"Arçelik";"Büyük yenileme hareketi ilk geri dönüşüm tesisi";"TV8"
"206";"1539960711";1539960711;1539960709;"Tvty";39575;39;"tr";"Arçelik";"Büyük yenileme hareketi ilk geri dönüşüm tesisi";"Skyturk 360"
"207";"1539960357";1539960357;1539960355;"Tvty";39575;39;"tr";"Arçelik";"Büyük yenileme hareketi ilk geri dönüşüm tesisi";"Skyturk 360"
"208";"1539960457";1539960457;1539960455;"Tvty";39575;39;"tr";"Arçelik";"Büyük yenileme hareketi ilk geri dönüşüm tesisi";"Skyturk 360"
"209";"1539963836";1539963836;1539963834;"Tvty";39575;39;"tr";"Arçelik";"Büyük yenileme hareketi ilk geri dönüşüm tesisi";"Skyturk 360"
"210";"1539967717";1539967717;1539967715;"Tvty";39575;39;"tr";"Arçelik";"Büyük yenileme hareketi ilk geri dönüşüm tesisi";"TRT Haber"
"211";"1539967957";1539967957;1539967955;"Tvty";39575;39;"tr";"Arçelik";"Büyük yenileme hareketi ilk geri dönüşüm tesisi";"ATV"
"212";"1539968140";1539968140;1539968138;"Tvty";39575;39;"tr";"Arçelik";"Büyük yenileme hareketi ilk geri dönüşüm tesisi";"Show TV"
"213";"1539966350";1539966350;1539966348;"Tvty";39575;39;"tr";"Arçelik";"Büyük yenileme hareketi ilk geri dönüşüm tesisi";"Skyturk 360"
"214";"1539969150";1539969150;1539969148;"Tvty";39575;39;"tr";"Arçelik";"Büyük yenileme hareketi ilk geri dönüşüm tesisi";"Star TV"
"215";"1539970148";1539970148;1539970146;"Tvty";39575;39;"tr";"Arçelik";"Büyük yenileme hareketi ilk geri dönüşüm tesisi";"Fox TV"
"216";"1539973617";1539973617;1539973616;"Tvty";39575;39;"tr";"Arçelik";"Büyük yenileme hareketi ilk geri dönüşüm tesisi";"Fox TV"
"217";"1539973071";1539973071;1539973070;"Tvty";39575;39;"tr";"Arçelik";"Büyük yenileme hareketi ilk geri dönüşüm tesisi";"Kanal 7"
"218";"1539975309";1539975309;1539975307;"Tvty";39575;39;"tr";"Arçelik";"Büyük yenileme hareketi ilk geri dönüşüm tesisi";"TRT Haber"
"219";"1539978023";1539978023;1539978021;"Tvty";39575;39;"tr";"Arçelik";"Büyük yenileme hareketi ilk geri dönüşüm tesisi";"Skyturk 360"
"220";"1539978670";1539978670;1539978668;"Tvty";39575;39;"tr";"Arçelik";"Büyük yenileme hareketi ilk geri dönüşüm tesisi";"TRT Haber"
"221";"1539977703";1539977703;1539977701;"Tvty";39575;39;"tr";"Arçelik";"Büyük yenileme hareketi ilk geri dönüşüm tesisi";"Skyturk 360"
"222";"1539979527";1539979527;1539979526;"Tvty";39575;39;"tr";"Arçelik";"Büyük yenileme hareketi ilk geri dönüşüm tesisi";"Fox TV"
"223";"1539981081";1539981081;1539981079;"Tvty";39575;39;"tr";"Arçelik";"Büyük yenileme hareketi ilk geri dönüşüm tesisi";"Skyturk 360"
"224";"1539981230";1539981230;1539981228;"Tvty";39575;39;"tr";"Arçelik";"Büyük yenileme hareketi ilk geri dönüşüm tesisi";"Skyturk 360"
"225";"1539982203";1539982203;1539982201;"Tvty";39575;39;"tr";"Arçelik";"Büyük yenileme hareketi ilk geri dönüşüm tesisi";"TRT 1"
"226";"1539983529";1539983529;1539983526;"Tvty";39575;39;"tr";"Arçelik";"Büyük yenileme hareketi ilk geri dönüşüm tesisi";"Star TV"
"227";"1539983201";1539983201;1539983198;"Tvty";39575;39;"tr";"Arçelik";"Büyük yenileme hareketi ilk geri dönüşüm tesisi";"ATV"
"228";"1540015812";1540015812;1540015811;"Tvty";39575;39;"tr";"Arçelik";"Büyük yenileme hareketi ilk geri dönüşüm tesisi";"Fox TV"
"229";"1540018202";1540018202;1540018199;"Tvty";39575;39;"tr";"Arçelik";"Büyük yenileme hareketi ilk geri dönüşüm tesisi";"Star TV"
"230";"1540019635";1540019635;1540019634;"Tvty";39575;39;"tr";"Arçelik";"Büyük yenileme hareketi ilk geri dönüşüm tesisi";"ATV"
"231";"1540025502";1540025502;1540025500;"Tvty";39575;39;"tr";"Arçelik";"Büyük yenileme hareketi ilk geri dönüşüm tesisi";"Kanal 7"
"232";"1540023991";1540023991;1540023990;"Tvty";39575;39;"tr";"Arçelik";"Büyük yenileme hareketi ilk geri dönüşüm tesisi";"TV8"
"233";"1540029358";1540029358;1540029357;"Tvty";39575;39;"tr";"Arçelik";"Büyük yenileme hareketi ilk geri dönüşüm tesisi";"TRT Haber"
"234";"1540028974";1540028974;1540028972;"Tvty";39575;39;"tr";"Arçelik";"Büyük yenileme hareketi ilk geri dönüşüm tesisi";"Kanal D"
"235";"1540028120";1540028120;1540028119;"Tvty";39575;39;"tr";"Arçelik";"Büyük yenileme hareketi ilk geri dönüşüm tesisi";"Skyturk 360"
"236";"1540028515";1540028515;1540028513;"Tvty";39575;39;"tr";"Arçelik";"Büyük yenileme hareketi ilk geri dönüşüm tesisi";"Skyturk 360"
"237";"1540028680";1540028680;1540028679;"Tvty";39575;39;"tr";"Arçelik";"Büyük yenileme hareketi ilk geri dönüşüm tesisi";"Fox TV"
"238";"1540038401";1540038401;1540038399;"Tvty";39575;39;"tr";"Arçelik";"Büyük yenileme hareketi ilk geri dönüşüm tesisi";"ATV"
"239";"1540037207";1540037207;1540037203;"Tvty";39575;39;"tr";"Arçelik";"Büyük yenileme hareketi ilk geri dönüşüm tesisi";"Fox TV"
"240";"1540042961";1540042961;1540042959;"Tvty";39575;39;"tr";"Arçelik";"Büyük yenileme hareketi ilk geri dönüşüm tesisi";"Skyturk 360"
"241";"1540043501";1540043501;1540043500;"Tvty";39575;39;"tr";"Arçelik";"Büyük yenileme hareketi ilk geri dönüşüm tesisi";"TRT Haber"
"242";"1540045118";1540045118;1540045116;"Tvty";39575;39;"tr";"Arçelik";"Büyük yenileme hareketi ilk geri dönüşüm tesisi";"Skyturk 360"
"243";"1540045989";1540045989;1540045987;"Tvty";39575;39;"tr";"Arçelik";"Büyük yenileme hareketi ilk geri dönüşüm tesisi";"TRT 1"
"244";"1540050338";1540050338;1540050336;"Tvty";39575;39;"tr";"Arçelik";"Büyük yenileme hareketi ilk geri dönüşüm tesisi";"Skyturk 360"
"245";"1540049843";1540049843;1540049842;"Tvty";39575;39;"tr";"Arçelik";"Büyük yenileme hareketi ilk geri dönüşüm tesisi";"Kanal D"
"246";"1540052782";1540052782;1540052780;"Tvty";39575;39;"tr";"Arçelik";"Büyük yenileme hareketi ilk geri dönüşüm tesisi";"Skyturk 360"
"247";"1540053313";1540053313;1540053311;"Tvty";39575;39;"tr";"Arçelik";"Büyük yenileme hareketi ilk geri dönüşüm tesisi";"Star TV"
"248";"1540054576";1540054576;1540054574;"Tvty";39575;39;"tr";"Arçelik";"Büyük yenileme hareketi ilk geri dönüşüm tesisi";"ATV"
"249";"1540054476";1540054476;1540054474;"Tvty";39575;39;"tr";"Arçelik";"Büyük yenileme hareketi ilk geri dönüşüm tesisi";"TRT Haber"
"250";"1540054706";1540054706;1540054704;"Tvty";39575;39;"tr";"Arçelik";"Büyük yenileme hareketi ilk geri dönüşüm tesisi";"Fox TV"
"251";"1540054433";1540054433;1540054430;"Tvty";39575;39;"tr";"Arçelik";"Büyük yenileme hareketi ilk geri dönüşüm tesisi";"TRT 1"
"252";"1540055232";1540055232;1540055229;"Tvty";39575;39;"tr";"Arçelik";"Büyük yenileme hareketi ilk geri dönüşüm tesisi";"ATV"
"253";"1540059715";1540059715;1540059713;"Tvty";39575;39;"tr";"Arçelik";"Büyük yenileme hareketi ilk geri dönüşüm tesisi";"Fox TV"
"254";"1540060105";1540060105;1540060103;"Tvty";39575;39;"tr";"Arçelik";"Büyük yenileme hareketi ilk geri dönüşüm tesisi";"ATV"
"255";"1540061615";1540061615;1540061614;"Tvty";39575;39;"tr";"Arçelik";"Büyük yenileme hareketi ilk geri dönüşüm tesisi";"TRT Haber"
"256";"1540064279";1540064279;1540064277;"Tvty";39575;39;"tr";"Arçelik";"Büyük yenileme hareketi ilk geri dönüşüm tesisi";"Skyturk 360"
"257";"1540065293";1540065293;1540065291;"Tvty";39575;39;"tr";"Arçelik";"Büyük yenileme hareketi ilk geri dönüşüm tesisi";"Fox TV"
"258";"1540063968";1540063968;1540063966;"Tvty";39575;39;"tr";"Arçelik";"Büyük yenileme hareketi ilk geri dönüşüm tesisi";"Skyturk 360"
"259";"1540064463";1540064463;1540064461;"Tvty";39575;39;"tr";"Arçelik";"Büyük yenileme hareketi ilk geri dönüşüm tesisi";"Kanal D"
"260";"1540064981";1540064981;1540064980;"Tvty";39575;39;"tr";"Arçelik";"Büyük yenileme hareketi ilk geri dönüşüm tesisi";"Kanal 7"
"261";"1540065146";1540065146;1540065144;"Tvty";39575;39;"tr";"Arçelik";"Büyük yenileme hareketi ilk geri dönüşüm tesisi";"ATV"
"262";"1540068709";1540068709;1540068707;"Tvty";39575;39;"tr";"Arçelik";"Büyük yenileme hareketi ilk geri dönüşüm tesisi";"Skyturk 360"
"263";"1540069031";1540069031;1540069029;"Tvty";39575;39;"tr";"Arçelik";"Büyük yenileme hareketi ilk geri dönüşüm tesisi";"Fox TV"
"264";"1540068328";1540068328;1540068326;"Tvty";39575;39;"tr";"Arçelik";"Büyük yenileme hareketi ilk geri dönüşüm tesisi";"Skyturk 360"
"265";"1540065951";1540065951;1540065949;"Tvty";39575;39;"tr";"Arçelik";"Büyük yenileme hareketi ilk geri dönüşüm tesisi";"ATV"
"266";"1540069287";1540069287;1540069286;"Tvty";39575;39;"tr";"Arçelik";"Büyük yenileme hareketi ilk geri dönüşüm tesisi";"Fox TV"
"267";"1540069308";1540069308;1540069306;"Tvty";39575;39;"tr";"Arçelik";"Büyük yenileme hareketi ilk geri dönüşüm tesisi";"TRT 1"
"268";"1540069529";1540069529;1540069527;"Tvty";39575;39;"tr";"Arçelik";"Büyük yenileme hareketi ilk geri dönüşüm tesisi";"Star TV"
"269";"1540069822";1540069822;1540069820;"Tvty";39575;39;"tr";"Arçelik";"Büyük yenileme hareketi ilk geri dönüşüm tesisi";"Show TV"
"270";"1540069308";1540069308;1540069286;"Tvty";39575;39;"tr";"Arçelik";"Büyük yenileme hareketi ilk geri dönüşüm tesisi";"Fox TV"
"271";"1540069611";1540069611;1540069609;"Tvty";39575;39;"tr";"Arçelik";"Büyük yenileme hareketi ilk geri dönüşüm tesisi";"TV8"
"272";"1540102028";1540102028;1540102024;"Tvty";39575;39;"tr";"Arçelik";"Büyük yenileme hareketi ilk geri dönüşüm tesisi";"TV8"
"273";"1540105943";1540105943;1540105941;"Tvty";39575;39;"tr";"Arçelik";"Büyük yenileme hareketi ilk geri dönüşüm tesisi";"Fox TV"
"274";"1540110211";1540110211;1540110209;"Tvty";39575;39;"tr";"Arçelik";"Büyük yenileme hareketi ilk geri dönüşüm tesisi";"ATV"
"275";"1540112152";1540112152;1540112150;"Tvty";39575;39;"tr";"Arçelik";"Büyük yenileme hareketi ilk geri dönüşüm tesisi";"Kanal 7"
"276";"1540112238";1540112238;1540112236;"Tvty";39575;39;"tr";"Arçelik";"Büyük yenileme hareketi ilk geri dönüşüm tesisi";"Kanal D"
"277";"1540108837";1540108837;1540108835;"Tvty";39575;39;"tr";"Arçelik";"Büyük yenileme hareketi ilk geri dönüşüm tesisi";"Fox TV"
"278";"1540114865";1540114865;1540114864;"Tvty";39575;39;"tr";"Arçelik";"Büyük yenileme hareketi ilk geri dönüşüm tesisi";"Skyturk 360"
"279";"1540114570";1540114570;1540114568;"Tvty";39575;39;"tr";"Arçelik";"Büyük yenileme hareketi ilk geri dönüşüm tesisi";"Skyturk 360"
"280";"1540121727";1540121727;1540121725;"Tvty";39575;39;"tr";"Arçelik";"Büyük yenileme hareketi ilk geri dönüşüm tesisi";"Skyturk 360"
"281";"1540124939";1540124939;1540124936;"Tvty";39575;39;"tr";"Arçelik";"Büyük yenileme hareketi ilk geri dönüşüm tesisi";"Star TV"
"282";"1540126406";1540126406;1540126405;"Tvty";39575;39;"tr";"Arçelik";"Büyük yenileme hareketi ilk geri dönüşüm tesisi";"TRT Haber"
"283";"1540129110";1540129110;1540129108;"Tvty";39575;39;"tr";"Arçelik";"Büyük yenileme hareketi ilk geri dönüşüm tesisi";"Skyturk 360"
"284";"1540128972";1540128972;1540128969;"Tvty";39575;39;"tr";"Arçelik";"Büyük yenileme hareketi ilk geri dönüşüm tesisi";"TRT 1"
"285";"1540127359";1540127359;1540127358;"Tvty";39575;39;"tr";"Arçelik";"Büyük yenileme hareketi ilk geri dönüşüm tesisi";"ATV"
"286";"1540137239";1540137239;1540137238;"Tvty";39575;39;"tr";"Arçelik";"Büyük yenileme hareketi ilk geri dönüşüm tesisi";"Skyturk 360"
"287";"1540136840";1540136840;1540136839;"Tvty";39575;39;"tr";"Arçelik";"Büyük yenileme hareketi ilk geri dönüşüm tesisi";"Skyturk 360"
"288";"1540140927";1540140927;1540140925;"Tvty";39575;39;"tr";"Arçelik";"Büyük yenileme hareketi ilk geri dönüşüm tesisi";"TRT 1"
"289";"1540141134";1540141134;1540141132;"Tvty";39575;39;"tr";"Arçelik";"Büyük yenileme hareketi ilk geri dönüşüm tesisi";"Fox TV"
"290";"1540140655";1540140655;1540140653;"Tvty";39575;39;"tr";"Arçelik";"Büyük yenileme hareketi ilk geri dönüşüm tesisi";"Show TV"
"291";"1540140816";1540140816;1540140815;"Tvty";39575;39;"tr";"Arçelik";"Büyük yenileme hareketi ilk geri dönüşüm tesisi";"TRT Haber"
"292";"1540140989";1540140989;1540140988;"Tvty";39575;39;"tr";"Arçelik";"Büyük yenileme hareketi ilk geri dönüşüm tesisi";"ATV"
"293";"1540138686";1540138686;1540138683;"Tvty";39575;39;"tr";"Arçelik";"Büyük yenileme hareketi ilk geri dönüşüm tesisi";"Skyturk 360"
"294";"1540139705";1540139705;1540139703;"Tvty";39575;39;"tr";"Arçelik";"Büyük yenileme hareketi ilk geri dönüşüm tesisi";"Star TV"
"295";"1540144451";1540144451;1540144450;"Tvty";39575;39;"tr";"Arçelik";"Büyük yenileme hareketi ilk geri dönüşüm tesisi";"TRT Haber"
"296";"1540144217";1540144217;1540144215;"Tvty";39575;39;"tr";"Arçelik";"Büyük yenileme hareketi ilk geri dönüşüm tesisi";"Show TV"
"297";"1540142211";1540142211;1540142209;"Tvty";39575;39;"tr";"Arçelik";"Büyük yenileme hareketi ilk geri dönüşüm tesisi";"Fox TV"
"298";"1540142433";1540142433;1540142431;"Tvty";39575;39;"tr";"Arçelik";"Büyük yenileme hareketi ilk geri dönüşüm tesisi";"TRT 1"
"299";"1540147831";1540147831;1540147828;"Tvty";39575;39;"tr";"Arçelik";"Büyük yenileme hareketi ilk geri dönüşüm tesisi";"Star TV"
"300";"1540147258";1540147258;1540147256;"Tvty";39575;39;"tr";"Arçelik";"Büyük yenileme hareketi ilk geri dönüşüm tesisi";"TRT Haber"
"301";"1540151704";1540151704;1540151702;"Tvty";39575;39;"tr";"Arçelik";"Büyük yenileme hareketi ilk geri dönüşüm tesisi";"ATV"
"302";"1540150293";1540150293;1540150291;"Tvty";39575;39;"tr";"Arçelik";"Büyük yenileme hareketi ilk geri dönüşüm tesisi";"Skyturk 360"
"303";"1540150875";1540150875;1540150873;"Tvty";39575;39;"tr";"Arçelik";"Büyük yenileme hareketi ilk geri dönüşüm tesisi";"Skyturk 360"
"304";"1540150955";1540150955;1540150953;"Tvty";39575;39;"tr";"Arçelik";"Büyük yenileme hareketi ilk geri dönüşüm tesisi";"Kanal 7"
"305";"1540155224";1540155224;1540155222;"Tvty";39575;39;"tr";"Arçelik";"Büyük yenileme hareketi ilk geri dönüşüm tesisi";"Skyturk 360"
"306";"1540157211";1540157211;1540157210;"Tvty";39575;39;"tr";"Arçelik";"Büyük yenileme hareketi ilk geri dönüşüm tesisi";"ATV"
"307";"1540155697";1540155697;1540155695;"Tvty";39575;39;"tr";"Arçelik";"Büyük yenileme hareketi ilk geri dönüşüm tesisi";"Fox TV"
"308";"1540155782";1540155782;1540155780;"Tvty";39575;39;"tr";"Arçelik";"Büyük yenileme hareketi ilk geri dönüşüm tesisi";"TV8"
"309";"1540194064";1540194064;1540194062;"Tvty";39575;39;"tr";"Arçelik";"Büyük yenileme hareketi ilk geri dönüşüm tesisi";"Skyturk 360"
"310";"1540193651";1540193651;1540193649;"Tvty";39575;39;"tr";"Arçelik";"Büyük yenileme hareketi ilk geri dönüşüm tesisi";"Skyturk 360"
"311";"1540198658";1540198658;1540198657;"Tvty";39575;39;"tr";"Arçelik";"Büyük yenileme hareketi ilk geri dönüşüm tesisi";"ATV"
"312";"1540197132";1540197132;1540197130;"Tvty";39575;39;"tr";"Arçelik";"Büyük yenileme hareketi ilk geri dönüşüm tesisi";"Skyturk 360"
"313";"1540197714";1540197714;1540197712;"Tvty";39575;39;"tr";"Arçelik";"Büyük yenileme hareketi ilk geri dönüşüm tesisi";"Star TV"
"314";"1540195906";1540195906;1540195904;"Tvty";39575;39;"tr";"Arçelik";"Büyük yenileme hareketi ilk geri dönüşüm tesisi";"TRT 1"
"315";"1540200479";1540200479;1540200477;"Tvty";39575;39;"tr";"Arçelik";"Büyük yenileme hareketi ilk geri dönüşüm tesisi";"TRT Haber"
"316";"1540200258";1540200258;1540200256;"Tvty";39575;39;"tr";"Arçelik";"Büyük yenileme hareketi ilk geri dönüşüm tesisi";"Kanal D"
"317";"1540201658";1540201658;1540201656;"Tvty";39575;39;"tr";"Arçelik";"Büyük yenileme hareketi ilk geri dönüşüm tesisi";"Kanal 7"
"318";"1540201496";1540201496;1540201494;"Tvty";39575;39;"tr";"Arçelik";"Büyük yenileme hareketi ilk geri dönüşüm tesisi";"Fox TV"
"319";"1540207376";1540207376;1540207375;"Tvty";39575;39;"tr";"Arçelik";"Büyük yenileme hareketi ilk geri dönüşüm tesisi";"TV8"
"320";"1540212554";1540212554;1540212551;"Tvty";39575;39;"tr";"Arçelik";"Büyük yenileme hareketi ilk geri dönüşüm tesisi";"TRT Haber"
"321";"1540216167";1540216167;1540216165;"Tvty";39575;39;"tr";"Arçelik";"Büyük yenileme hareketi ilk geri dönüşüm tesisi";"Show TV"
"322";"1540216548";1540216548;1540216546;"Tvty";39575;39;"tr";"Arçelik";"Büyük yenileme hareketi ilk geri dönüşüm tesisi";"Skyturk 360"
"323";"1540219528";1540219528;1540219526;"Tvty";39575;39;"tr";"Arçelik";"Büyük yenileme hareketi ilk geri dönüşüm tesisi";"Show TV"
"324";"1540216861";1540216861;1540216859;"Tvty";39575;39;"tr";"Arçelik";"Büyük yenileme hareketi ilk geri dönüşüm tesisi";"Fox TV"
"325";"1540222929";1540222929;1540222927;"Tvty";39575;39;"tr";"Arçelik";"Büyük yenileme hareketi ilk geri dönüşüm tesisi";"Skyturk 360"
"326";"1540225581";1540225581;1540225579;"Tvty";39575;39;"tr";"Arçelik";"Büyük yenileme hareketi ilk geri dönüşüm tesisi";"Skyturk 360"
"327";"1540227001";1540227001;1540226999;"Tvty";39575;39;"tr";"Arçelik";"Büyük yenileme hareketi ilk geri dönüşüm tesisi";"ATV"
"328";"1540226405";1540226405;1540226403;"Tvty";39575;39;"tr";"Arçelik";"Büyük yenileme hareketi ilk geri dönüşüm tesisi";"Kanal 7"
"329";"1540228188";1540228188;1540228186;"Tvty";39575;39;"tr";"Arçelik";"Büyük yenileme hareketi ilk geri dönüşüm tesisi";"Show TV"
"330";"1540229590";1540229590;1540229588;"Tvty";39575;39;"tr";"Arçelik";"Büyük yenileme hareketi ilk geri dönüşüm tesisi";"ATV"
"331";"1540232118";1540232118;1540232116;"Tvty";39575;39;"tr";"Arçelik";"Büyük yenileme hareketi ilk geri dönüşüm tesisi";"Fox TV"
"332";"1540234000";1540234000;1540233998;"Tvty";39575;39;"tr";"Arçelik";"Büyük yenileme hareketi ilk geri dönüşüm tesisi";"TRT Haber"
"333";"1540236642";1540236642;1540236641;"Tvty";39575;39;"tr";"Arçelik";"Büyük yenileme hareketi ilk geri dönüşüm tesisi";"Skyturk 360"
"334";"1540237891";1540237891;1540237890;"Tvty";39575;39;"tr";"Arçelik";"Büyük yenileme hareketi ilk geri dönüşüm tesisi";"TRT Haber"
"335";"1540236509";1540236509;1540236507;"Tvty";39575;39;"tr";"Arçelik";"Büyük yenileme hareketi ilk geri dönüşüm tesisi";"Skyturk 360"
"336";"1540238809";1540238809;1540238806;"Tvty";39575;39;"tr";"Arçelik";"Büyük yenileme hareketi ilk geri dönüşüm tesisi";"TV8"
"337";"1540240939";1540240939;1540240936;"Tvty";39575;39;"tr";"Arçelik";"Büyük yenileme hareketi ilk geri dönüşüm tesisi";"Skyturk 360"
"338";"1540240391";1540240391;1540240389;"Tvty";39575;39;"tr";"Arçelik";"Büyük yenileme hareketi ilk geri dönüşüm tesisi";"Skyturk 360"
"339";"1540241447";1540241447;1540241444;"Tvty";39575;39;"tr";"Arçelik";"Büyük yenileme hareketi ilk geri dönüşüm tesisi";"Star TV"
"340";"1540241195";1540241195;1540241193;"Tvty";39575;39;"tr";"Arçelik";"Büyük yenileme hareketi ilk geri dönüşüm tesisi";"Fox TV"
"341";"1540240495";1540240495;1540240493;"Tvty";39575;39;"tr";"Arçelik";"Büyük yenileme hareketi ilk geri dönüşüm tesisi";"TRT 1"
"342";"1540242062";1540242062;1540242059;"Tvty";39575;39;"tr";"Arçelik";"Büyük yenileme hareketi ilk geri dönüşüm tesisi";"Fox TV"
"343";"1540271674";1540271674;1540271671;"Tvty";39575;39;"tr";"Arçelik";"Büyük yenileme hareketi ilk geri dönüşüm tesisi";"Show TV"
"344";"1540277663";1540277663;1540277660;"Tvty";39575;39;"tr";"Arçelik";"Büyük yenileme hareketi ilk geri dönüşüm tesisi";"Star TV"
"345";"1540277037";1540277037;1540277035;"Tvty";39575;39;"tr";"Arçelik";"Büyük yenileme hareketi ilk geri dönüşüm tesisi";"Fox TV"
"346";"1540280179";1540280179;1540280177;"Tvty";39575;39;"tr";"Arçelik";"Büyük yenileme hareketi ilk geri dönüşüm tesisi";"Skyturk 360"
"347";"1540282065";1540282065;1540282063;"Tvty";39575;39;"tr";"Arçelik";"Büyük yenileme hareketi ilk geri dönüşüm tesisi";"TRT 1"
"348";"1540285642";1540285642;1540285637;"Tvty";39575;39;"tr";"Arçelik";"Büyük yenileme hareketi ilk geri dönüşüm tesisi";"Skyturk 360"
"349";"1540288607";1540288607;1540288605;"Tvty";39575;39;"tr";"Arçelik";"Büyük yenileme hareketi ilk geri dönüşüm tesisi";"ATV"
"350";"1540294081";1540294081;1540294079;"Tvty";39575;39;"tr";"Arçelik";"Büyük yenileme hareketi ilk geri dönüşüm tesisi";"Kanal 7"
"351";"1540299025";1540299025;1540299023;"Tvty";39575;39;"tr";"Arçelik";"Büyük yenileme hareketi ilk geri dönüşüm tesisi";"TRT Haber"
"352";"1540306112";1540306112;1540306110;"Tvty";39575;39;"tr";"Arçelik";"Büyük yenileme hareketi ilk geri dönüşüm tesisi";"Skyturk 360"
"353";"1540305964";1540305964;1540305962;"Tvty";39575;39;"tr";"Arçelik";"Büyük yenileme hareketi ilk geri dönüşüm tesisi";"Skyturk 360"
"354";"1540306380";1540306380;1540306378;"Tvty";39575;39;"tr";"Arçelik";"Büyük yenileme hareketi ilk geri dönüşüm tesisi";"TV8"
"355";"1540310133";1540310133;1540310131;"Tvty";39575;39;"tr";"Arçelik";"Büyük yenileme hareketi ilk geri dönüşüm tesisi";"Skyturk 360"
"356";"1540310350";1540310350;1540310346;"Tvty";39575;39;"tr";"Arçelik";"Büyük yenileme hareketi ilk geri dönüşüm tesisi";"Skyturk 360"
"357";"1540311683";1540311683;1540311681;"Tvty";39575;39;"tr";"Arçelik";"Büyük yenileme hareketi ilk geri dönüşüm tesisi";"Skyturk 360"
"358";"1540313146";1540313146;1540313144;"Tvty";39575;39;"tr";"Arçelik";"Büyük yenileme hareketi ilk geri dönüşüm tesisi";"TRT Haber"
"359";"1540313398";1540313398;1540313396;"Tvty";39575;39;"tr";"Arçelik";"Büyük yenileme hareketi ilk geri dönüşüm tesisi";"Show TV"
"360";"1540312507";1540312507;1540312505;"Tvty";39575;39;"tr";"Arçelik";"Büyük yenileme hareketi ilk geri dönüşüm tesisi";"TRT 1"
"361";"1540313443";1540313443;1540313396;"Tvty";39575;39;"tr";"Arçelik";"Büyük yenileme hareketi ilk geri dönüşüm tesisi";"Show TV"
"362";"1540312602";1540312602;1540312600;"Tvty";39575;39;"tr";"Arçelik";"Büyük yenileme hareketi ilk geri dönüşüm tesisi";"Star TV"
"363";"1540313404";1540313404;1540313403;"Tvty";39575;39;"tr";"Arçelik";"Büyük yenileme hareketi ilk geri dönüşüm tesisi";"Fox TV"
"364";"1540313404";1540313404;1540313396;"Tvty";39575;39;"tr";"Arçelik";"Büyük yenileme hareketi ilk geri dönüşüm tesisi";"Show TV"
"365";"1540317408";1540317408;1540317406;"Tvty";39575;39;"tr";"Arçelik";"Büyük yenileme hareketi ilk geri dönüşüm tesisi";"TRT Haber"
"366";"1540319605";1540319604;1540319602;"Tvty";39575;39;"tr";"Arçelik";"Büyük yenileme hareketi ilk geri dönüşüm tesisi";"Skyturk 360"
"367";"1540319718";1540319718;1540319716;"Tvty";39575;39;"tr";"Arçelik";"Büyük yenileme hareketi ilk geri dönüşüm tesisi";"Skyturk 360"
"368";"1540318490";1540318490;1540318489;"Tvty";39575;39;"tr";"Arçelik";"Büyük yenileme hareketi ilk geri dönüşüm tesisi";"Kanal 7"
"369";"1540321909";1540321909;1540321907;"Tvty";39575;39;"tr";"Arçelik";"Büyük yenileme hareketi ilk geri dönüşüm tesisi";"Show TV"
"370";"1540321313";1540321313;1540321311;"Tvty";39575;39;"tr";"Arçelik";"Büyük yenileme hareketi ilk geri dönüşüm tesisi";"TV8"
"371";"1540323124";1540323124;1540323121;"Tvty";39575;39;"tr";"Arçelik";"Büyük yenileme hareketi ilk geri dönüşüm tesisi";"Skyturk 360"
"372";"1540323425";1540323425;1540323423;"Tvty";39575;39;"tr";"Arçelik";"Büyük yenileme hareketi ilk geri dönüşüm tesisi";"Star TV"
"373";"1540324508";1540324508;1540324505;"Tvty";39575;39;"tr";"Arçelik";"Büyük yenileme hareketi ilk geri dönüşüm tesisi";"Fox TV"
"374";"1540326470";1540326470;1540326468;"Tvty";39575;39;"tr";"Arçelik";"Büyük yenileme hareketi ilk geri dönüşüm tesisi";"TRT Haber"
"375";"1540327262";1540327262;1540327260;"Tvty";39575;39;"tr";"Arçelik";"Büyük yenileme hareketi ilk geri dönüşüm tesisi";"Star TV"
"376";"1540327643";1540327643;1540327641;"Tvty";39575;39;"tr";"Arçelik";"Büyük yenileme hareketi ilk geri dönüşüm tesisi";"Fox TV"
"377";"1540329711";1540329711;1540329709;"Tvty";39575;39;"tr";"Arçelik";"Büyük yenileme hareketi ilk geri dönüşüm tesisi";"Show TV"
"378";"1540329179";1540329179;1540329177;"Tvty";39575;39;"tr";"Arçelik";"Büyük yenileme hareketi ilk geri dönüşüm tesisi";"Fox TV"
"379";"1540329971";1540329971;1540329969;"Tvty";39575;39;"tr";"Arçelik";"Büyük yenileme hareketi ilk geri dönüşüm tesisi";"TV8"
"380";"1540358012";1540358012;1540358010;"Tvty";39575;39;"tr";"Arçelik";"Büyük yenileme hareketi ilk geri dönüşüm tesisi";"Show TV"
"381";"1540357480";1540357480;1540357478;"Tvty";39575;39;"tr";"Arçelik";"Büyük yenileme hareketi ilk geri dönüşüm tesisi";"Star TV"
"382";"1540364017";1540364017;1540364015;"Tvty";39575;39;"tr";"Arçelik";"Büyük yenileme hareketi ilk geri dönüşüm tesisi";"Star TV"
"383";"1540366244";1540366244;1540366242;"Tvty";39575;39;"tr";"Arçelik";"Büyük yenileme hareketi ilk geri dönüşüm tesisi";"Show TV"
"384";"1540364596";1540364596;1540364594;"Tvty";39575;39;"tr";"Arçelik";"Büyük yenileme hareketi ilk geri dönüşüm tesisi";"Fox TV"
"385";"1540368692";1540368692;1540368690;"Tvty";39575;39;"tr";"Arçelik";"Büyük yenileme hareketi ilk geri dönüşüm tesisi";"TRT 1"
"386";"1540371185";1540371185;1540371183;"Tvty";39575;39;"tr";"Arçelik";"Büyük yenileme hareketi ilk geri dönüşüm tesisi";"ATV"
"387";"1540370554";1540370554;1540370552;"Tvty";39575;39;"tr";"Arçelik";"Büyük yenileme hareketi ilk geri dönüşüm tesisi";"Skyturk 360"
"388";"1540372925";1540372925;1540372923;"Tvty";39575;39;"tr";"Arçelik";"Büyük yenileme hareketi ilk geri dönüşüm tesisi";"Kanal D"
"389";"1540373041";1540373040;1540373039;"Tvty";39575;39;"tr";"Arçelik";"Büyük yenileme hareketi ilk geri dönüşüm tesisi";"Kanal D"
"390";"1540371936";1540371936;1540371933;"Tvty";39575;39;"tr";"Arçelik";"Büyük yenileme hareketi ilk geri dönüşüm tesisi";"Skyturk 360"
"391";"1540373323";1540373323;1540373320;"Tvty";39575;39;"tr";"Arçelik";"Büyük yenileme hareketi ilk geri dönüşüm tesisi";"TRT Haber"
"392";"1540374343";1540374343;1540374342;"Tvty";39575;39;"tr";"Arçelik";"Büyük yenileme hareketi ilk geri dönüşüm tesisi";"Kanal 7"
"393";"1540374230";1540374230;1540374228;"Tvty";39575;39;"tr";"Arçelik";"Büyük yenileme hareketi ilk geri dönüşüm tesisi";"Fox TV"
"394";"1540378612";1540378612;1540378609;"Tvty";39575;39;"tr";"Arçelik";"Büyük yenileme hareketi ilk geri dönüşüm tesisi";"ATV"
"395";"1540382213";1540382213;1540382211;"Tvty";39575;39;"tr";"Arçelik";"Büyük yenileme hareketi ilk geri dönüşüm tesisi";"Skyturk 360"
"396";"1540385399";1540385399;1540385397;"Tvty";39575;39;"tr";"Arçelik";"Büyük yenileme hareketi ilk geri dönüşüm tesisi";"TV8"
"397";"1540389312";1540389312;1540389311;"Tvty";39575;39;"tr";"Arçelik";"Büyük yenileme hareketi ilk geri dönüşüm tesisi";"Kanal D"
"398";"1540389069";1540389069;1540389068;"Tvty";39575;39;"tr";"Arçelik";"Büyük yenileme hareketi ilk geri dönüşüm tesisi";"Skyturk 360"
"399";"1540388949";1540388949;1540388947;"Tvty";39575;39;"tr";"Arçelik";"Büyük yenileme hareketi ilk geri dönüşüm tesisi";"Show TV"
"400";"1540395989";1540395989;1540395986;"Tvty";39575;39;"tr";"Arçelik";"Büyük yenileme hareketi ilk geri dönüşüm tesisi";"Skyturk 360"
"401";"1540396334";1540396334;1540396332;"Tvty";39575;39;"tr";"Arçelik";"Büyük yenileme hareketi ilk geri dönüşüm tesisi";"Skyturk 360"
"402";"1540396470";1540396470;1540396468;"Tvty";39575;39;"tr";"Arçelik";"Büyük yenileme hareketi ilk geri dönüşüm tesisi";"TRT Haber"
"403";"1540394474";1540394474;1540394471;"Tvty";39575;39;"tr";"Arçelik";"Büyük yenileme hareketi ilk geri dönüşüm tesisi";"Show TV"
"404";"1540393365";1540393365;1540393364;"Tvty";39575;39;"tr";"Arçelik";"Büyük yenileme hareketi ilk geri dönüşüm tesisi";"TV8"
"405";"1540398885";1540398885;1540398883;"Tvty";39575;39;"tr";"Arçelik";"Büyük yenileme hareketi ilk geri dönüşüm tesisi";"Star TV"
"406";"1540399642";1540399642;1540399640;"Tvty";39575;39;"tr";"Arçelik";"Büyük yenileme hareketi ilk geri dönüşüm tesisi";"TRT Haber"
"407";"1540399663";1540399663;1540399640;"Tvty";39575;39;"tr";"Arçelik";"Büyük yenileme hareketi ilk geri dönüşüm tesisi";"TRT Haber"
"408";"1540400021";1540400021;1540400018;"Tvty";39575;39;"tr";"Arçelik";"Büyük yenileme hareketi ilk geri dönüşüm tesisi";"Show TV"
"409";"1540399663";1540399663;1540399661;"Tvty";39575;39;"tr";"Arçelik";"Büyük yenileme hareketi ilk geri dönüşüm tesisi";"TRT 1"
"410";"1540400234";1540400234;1540400233;"Tvty";39575;39;"tr";"Arçelik";"Büyük yenileme hareketi ilk geri dönüşüm tesisi";"Fox TV"
"411";"1540400091";1540400091;1540400089;"Tvty";39575;39;"tr";"Arçelik";"Büyük yenileme hareketi ilk geri dönüşüm tesisi";"ATV"
"412";"1540400826";1540400826;1540400824;"Tvty";39575;39;"tr";"Arçelik";"Büyük yenileme hareketi ilk geri dönüşüm tesisi";"Star TV"
"413";"1540401167";1540401167;1540401165;"Tvty";39575;39;"tr";"Arçelik";"Büyük yenileme hareketi ilk geri dönüşüm tesisi";"TRT 1"
"414";"1540407253";1540407253;1540407250;"Tvty";39575;39;"tr";"Arçelik";"Büyük yenileme hareketi ilk geri dönüşüm tesisi";"TRT 1"
"415";"1540404662";1540404662;1540404660;"Tvty";39575;39;"tr";"Arçelik";"Büyük yenileme hareketi ilk geri dönüşüm tesisi";"Kanal 7"
"416";"1540406044";1540406044;1540406042;"Tvty";39575;39;"tr";"Arçelik";"Büyük yenileme hareketi ilk geri dönüşüm tesisi";"Skyturk 360"
"417";"1540411066";1540411066;1540411064;"Tvty";39575;39;"tr";"Arçelik";"Büyük yenileme hareketi ilk geri dönüşüm tesisi";"TV8"
"418";"1540410087";1540410087;1540410085;"Tvty";39575;39;"tr";"Arçelik";"Büyük yenileme hareketi ilk geri dönüşüm tesisi";"Skyturk 360"
"419";"1540409696";1540409696;1540409694;"Tvty";39575;39;"tr";"Arçelik";"Büyük yenileme hareketi ilk geri dönüşüm tesisi";"Show TV"
"420";"1540409262";1540409262;1540409260;"Tvty";39575;39;"tr";"Arçelik";"Büyük yenileme hareketi ilk geri dönüşüm tesisi";"Fox TV"
"421";"1540411534";1540411534;1540411530;"Tvty";39575;39;"tr";"Arçelik";"Büyük yenileme hareketi ilk geri dönüşüm tesisi";"Star TV"
"422";"1540411341";1540411341;1540411339;"Tvty";39575;39;"tr";"Arçelik";"Büyük yenileme hareketi ilk geri dönüşüm tesisi";"TV8"
"423";"1540413003";1540413003;1540413000;"Tvty";39575;39;"tr";"Arçelik";"Büyük yenileme hareketi ilk geri dönüşüm tesisi";"Skyturk 360"
"424";"1540413159";1540413159;1540413157;"Tvty";39575;39;"tr";"Arçelik";"Büyük yenileme hareketi ilk geri dönüşüm tesisi";"Skyturk 360"
"425";"1540413779";1540413779;1540413776;"Tvty";39575;39;"tr";"Arçelik";"Büyük yenileme hareketi ilk geri dönüşüm tesisi";"Show TV"
"426";"1540414524";1540414524;1540414522;"Tvty";39575;39;"tr";"Arçelik";"Büyük yenileme hareketi ilk geri dönüşüm tesisi";"TRT 1"
"427";"1540414871";1540414871;1540414869;"Tvty";39575;39;"tr";"Arçelik";"Büyük yenileme hareketi ilk geri dönüşüm tesisi";"Kanal D"
"428";"1540416269";1540416269;1540416266;"Tvty";39575;39;"tr";"Arçelik";"Büyük yenileme hareketi ilk geri dönüşüm tesisi";"Star TV"
"429";"1540416338";1540416338;1540416336;"Tvty";39575;39;"tr";"Arçelik";"Büyük yenileme hareketi ilk geri dönüşüm tesisi";"ATV"
"430";"1540415809";1540415809;1540415807;"Tvty";39575;39;"tr";"Arçelik";"Büyük yenileme hareketi ilk geri dönüşüm tesisi";"ATV"
"431";"1540451749";1540451749;1540451747;"Tvty";39575;39;"tr";"Arçelik";"Büyük yenileme hareketi ilk geri dönüşüm tesisi";"Star TV"
"432";"1540452286";1540452286;1540452284;"Tvty";39575;39;"tr";"Arçelik";"Büyük yenileme hareketi ilk geri dönüşüm tesisi";"TV8"
"433";"1540456346";1540456346;1540456344;"Tvty";39575;39;"tr";"Arçelik";"Büyük yenileme hareketi ilk geri dönüşüm tesisi";"Skyturk 360"
"434";"1540458405";1540458405;1540458402;"Tvty";39575;39;"tr";"Arçelik";"Büyük yenileme hareketi ilk geri dönüşüm tesisi";"Skyturk 360"
"435";"1540460712";1540460712;1540460710;"Tvty";39575;39;"tr";"Arçelik";"Büyük yenileme hareketi ilk geri dönüşüm tesisi";"Kanal 7"
"436";"1540461015";1540461015;1540461013;"Tvty";39575;39;"tr";"Arçelik";"Büyük yenileme hareketi ilk geri dönüşüm tesisi";"ATV"
"437";"1540461113";1540461113;1540461111;"Tvty";39575;39;"tr";"Arçelik";"Büyük yenileme hareketi ilk geri dönüşüm tesisi";"TRT Haber"
"438";"1540459482";1540459482;1540459480;"Tvty";39575;39;"tr";"Arçelik";"Büyük yenileme hareketi ilk geri dönüşüm tesisi";"Kanal D"
"439";"1540459536";1540459536;1540459534;"Tvty";39575;39;"tr";"Arçelik";"Büyük yenileme hareketi ilk geri dönüşüm tesisi";"Star TV"
"440";"1540468552";1540468552;1540468550;"Tvty";39575;39;"tr";"Arçelik";"Büyük yenileme hareketi ilk geri dönüşüm tesisi";"Skyturk 360"
"441";"1540468451";1540468451;1540468448;"Tvty";39575;39;"tr";"Arçelik";"Büyük yenileme hareketi ilk geri dönüşüm tesisi";"Star TV"
"442";"1540466839";1540466839;1540466837;"Tvty";39575;39;"tr";"Arçelik";"Büyük yenileme hareketi ilk geri dönüşüm tesisi";"Kanal 7"
"443";"1540471214";1540471214;1540471212;"Tvty";39575;39;"tr";"Arçelik";"Büyük yenileme hareketi ilk geri dönüşüm tesisi";"TRT 1"
"444";"1540472078";1540472078;1540472076;"Tvty";39575;39;"tr";"Arçelik";"Büyük yenileme hareketi ilk geri dönüşüm tesisi";"TRT Haber"
"445";"1540475784";1540475784;1540475782;"Tvty";39575;39;"tr";"Arçelik";"Büyük yenileme hareketi ilk geri dönüşüm tesisi";"Skyturk 360"
"446";"1540475605";1540475605;1540475603;"Tvty";39575;39;"tr";"Arçelik";"Büyük yenileme hareketi ilk geri dönüşüm tesisi";"Show TV"
"447";"1540476062";1540476062;1540476060;"Tvty";39575;39;"tr";"Arçelik";"Büyük yenileme hareketi ilk geri dönüşüm tesisi";"Fox TV"
"448";"1540479214";1540479214;1540479212;"Tvty";39575;39;"tr";"Arçelik";"Büyük yenileme hareketi ilk geri dönüşüm tesisi";"Kanal D"
"449";"1540482817";1540482817;1540482815;"Tvty";39575;39;"tr";"Arçelik";"Büyük yenileme hareketi ilk geri dönüşüm tesisi";"Kanal 7"
"450";"1540482465";1540482465;1540482463;"Tvty";39575;39;"tr";"Arçelik";"Büyük yenileme hareketi ilk geri dönüşüm tesisi";"Skyturk 360"
"451";"1540482188";1540482188;1540482187;"Tvty";39575;39;"tr";"Arçelik";"Büyük yenileme hareketi ilk geri dönüşüm tesisi";"TV8"
"452";"1540481208";1540481208;1540481205;"Tvty";39575;39;"tr";"Arçelik";"Büyük yenileme hareketi ilk geri dönüşüm tesisi";"Show TV"
"453";"1540486589";1540486589;1540486588;"Tvty";39575;39;"tr";"Arçelik";"Büyük yenileme hareketi ilk geri dönüşüm tesisi";"Fox TV"
"454";"1540486173";1540486173;1540486171;"Tvty";39575;39;"tr";"Arçelik";"Büyük yenileme hareketi ilk geri dönüşüm tesisi";"TRT Haber"
"455";"1540485795";1540485795;1540485792;"Tvty";39575;39;"tr";"Arçelik";"Büyük yenileme hareketi ilk geri dönüşüm tesisi";"Star TV"
"456";"1540486356";1540486356;1540486354;"Tvty";39575;39;"tr";"Arçelik";"Büyük yenileme hareketi ilk geri dönüşüm tesisi";"TRT 1"
"457";"1540486244";1540486244;1540486242;"Tvty";39575;39;"tr";"Arçelik";"Büyük yenileme hareketi ilk geri dönüşüm tesisi";"ATV"
"458";"1540484605";1540484605;1540484603;"Tvty";39575;39;"tr";"Arçelik";"Büyük yenileme hareketi ilk geri dönüşüm tesisi";"Skyturk 360"
"459";"1540484605";1540484605;1540484600;"Tvty";39575;39;"tr";"Arçelik";"Büyük yenileme hareketi ilk geri dönüşüm tesisi";"TV8"
"460";"1540484602";1540484602;1540484600;"Tvty";39575;39;"tr";"Arçelik";"Büyük yenileme hareketi ilk geri dönüşüm tesisi";"TV8"
"461";"1540487859";1540487859;1540487857;"Tvty";39575;39;"tr";"Arçelik";"Büyük yenileme hareketi ilk geri dönüşüm tesisi";"Star TV"
"462";"1540488651";1540488651;1540488649;"Tvty";39575;39;"tr";"Arçelik";"Büyük yenileme hareketi ilk geri dönüşüm tesisi";"ATV"
"463";"1540490063";1540490063;1540490060;"Tvty";39575;39;"tr";"Arçelik";"Büyük yenileme hareketi ilk geri dönüşüm tesisi";"TV8"
"464";"1540490206";1540490206;1540490205;"Tvty";39575;39;"tr";"Arçelik";"Büyük yenileme hareketi ilk geri dönüşüm tesisi";"TRT Haber"
"465";"1540493944";1540493944;1540493942;"Tvty";39575;39;"tr";"Arçelik";"Büyük yenileme hareketi ilk geri dönüşüm tesisi";"TV8"
"466";"1540492580";1540492580;1540492578;"Tvty";39575;39;"tr";"Arçelik";"Büyük yenileme hareketi ilk geri dönüşüm tesisi";"Skyturk 360"
"467";"1540492987";1540492987;1540492985;"Tvty";39575;39;"tr";"Arçelik";"Büyük yenileme hareketi ilk geri dönüşüm tesisi";"Show TV"
"468";"1540492003";1540492003;1540492001;"Tvty";39575;39;"tr";"Arçelik";"Büyük yenileme hareketi ilk geri dönüşüm tesisi";"ATV"
"469";"1540496379";1540496379;1540496378;"Tvty";39575;39;"tr";"Arçelik";"Büyük yenileme hareketi ilk geri dönüşüm tesisi";"Skyturk 360"
"470";"1540495204";1540495204;1540495202;"Tvty";39575;39;"tr";"Arçelik";"Büyük yenileme hareketi ilk geri dönüşüm tesisi";"Star TV"
"471";"1540496135";1540496135;1540496134;"Tvty";39575;39;"tr";"Arçelik";"Büyük yenileme hareketi ilk geri dönüşüm tesisi";"ATV"
"472";"1540497930";1540497930;1540497927;"Tvty";39575;39;"tr";"Arçelik";"Büyük yenileme hareketi ilk geri dönüşüm tesisi";"Kanal 7"
"473";"1540497957";1540497957;1540497927;"Tvty";39575;39;"tr";"Arçelik";"Büyük yenileme hareketi ilk geri dönüşüm tesisi";"Kanal 7"
"474";"1540497957";1540497957;1540497955;"Tvty";39575;39;"tr";"Arçelik";"Büyük yenileme hareketi ilk geri dönüşüm tesisi";"TV8"
"475";"1540499593";1540499593;1540499591;"Tvty";39575;39;"tr";"Arçelik";"Büyük yenileme hareketi ilk geri dönüşüm tesisi";"Skyturk 360"
"476";"1540500015";1540500015;1540500013;"Tvty";39575;39;"tr";"Arçelik";"Büyük yenileme hareketi ilk geri dönüşüm tesisi";"Skyturk 360"
"477";"1540499833";1540499833;1540499831;"Tvty";39575;39;"tr";"Arçelik";"Büyük yenileme hareketi ilk geri dönüşüm tesisi";"Show TV"
"478";"1540500937";1540500937;1540500935;"Tvty";39575;39;"tr";"Arçelik";"Büyük yenileme hareketi ilk geri dönüşüm tesisi";"Star TV"
"479";"1540502388";1540502388;1540502386;"Tvty";39575;39;"tr";"Arçelik";"Büyük yenileme hareketi ilk geri dönüşüm tesisi";"Kanal D"
"480";"1540501358";1540501358;1540501356;"Tvty";39575;39;"tr";"Arçelik";"Büyük yenileme hareketi ilk geri dönüşüm tesisi";"ATV"
"481";"1540502017";1540502017;1540502016;"Tvty";39575;39;"tr";"Arçelik";"Büyük yenileme hareketi ilk geri dönüşüm tesisi";"Fox TV"
"482";"1540501761";1540501761;1540501759;"Tvty";39575;39;"tr";"Arçelik";"Büyük yenileme hareketi ilk geri dönüşüm tesisi";"Star TV"
"483";"1540502019";1540502019;1540502018;"Tvty";39575;39;"tr";"Arçelik";"Büyük yenileme hareketi ilk geri dönüşüm tesisi";"Show TV"
"484";"1540502019";1540502019;1540502016;"Tvty";39575;39;"tr";"Arçelik";"Büyük yenileme hareketi ilk geri dönüşüm tesisi";"Fox TV"
"485";"1540536736";1540536736;1540536733;"Tvty";39575;39;"tr";"Arçelik";"Büyük yenileme hareketi ilk geri dönüşüm tesisi";"Star TV"
"486";"1540536273";1540536273;1540536271;"Tvty";39575;39;"tr";"Arçelik";"Büyük yenileme hareketi ilk geri dönüşüm tesisi";"Fox TV"
"487";"1540538748";1540538748;1540538746;"Tvty";39575;39;"tr";"Arçelik";"Büyük yenileme hareketi ilk geri dönüşüm tesisi";"Star TV"
"488";"1540539954";1540539954;1540539953;"Tvty";39575;39;"tr";"Arçelik";"Büyük yenileme hareketi ilk geri dönüşüm tesisi";"ATV"
"489";"1540543786";1540543785;1540543784;"Tvty";39575;39;"tr";"Arçelik";"Büyük yenileme hareketi ilk geri dönüşüm tesisi";"ATV"
"490";"1540542808";1540542808;1540542806;"Tvty";39575;39;"tr";"Arçelik";"Büyük yenileme hareketi ilk geri dönüşüm tesisi";"Skyturk 360"
"491";"1540542238";1540542238;1540542236;"Tvty";39575;39;"tr";"Arçelik";"Büyük yenileme hareketi ilk geri dönüşüm tesisi";"Kanal D"
"492";"1540546088";1540546088;1540546086;"Tvty";39575;39;"tr";"Arçelik";"Büyük yenileme hareketi ilk geri dönüşüm tesisi";"TRT Haber"
"493";"1540547429";1540547429;1540547427;"Tvty";39575;39;"tr";"Arçelik";"Büyük yenileme hareketi ilk geri dönüşüm tesisi";"Show TV"
"494";"1540548832";1540548832;1540548830;"Tvty";39575;39;"tr";"Arçelik";"Büyük yenileme hareketi ilk geri dönüşüm tesisi";"Skyturk 360"
"495";"1540548655";1540548655;1540548653;"Tvty";39575;39;"tr";"Arçelik";"Büyük yenileme hareketi ilk geri dönüşüm tesisi";"TV8"
"496";"1540554813";1540554813;1540554811;"Tvty";39575;39;"tr";"Arçelik";"Büyük yenileme hareketi ilk geri dönüşüm tesisi";"Skyturk 360"
"497";"1540553834";1540553834;1540553832;"Tvty";39575;39;"tr";"Arçelik";"Büyük yenileme hareketi ilk geri dönüşüm tesisi";"Show TV"
"498";"1540552971";1540552971;1540552968;"Tvty";39575;39;"tr";"Arçelik";"Büyük yenileme hareketi ilk geri dönüşüm tesisi";"Kanal 7"
"499";"1540553238";1540553238;1540553236;"Tvty";39575;39;"tr";"Arçelik";"Büyük yenileme hareketi ilk geri dönüşüm tesisi";"Kanal 7"
"500";"1540558307";1540558307;1540558305;"Tvty";39575;39;"tr";"Arçelik";"Büyük yenileme hareketi ilk geri dönüşüm tesisi";"ATV"
"501";"1540557432";1540557432;1540557430;"Tvty";39575;39;"tr";"Arçelik";"Büyük yenileme hareketi ilk geri dönüşüm tesisi";"TRT 1"
"502";"1540558891";1540558891;1540558889;"Tvty";39575;39;"tr";"Arçelik";"Büyük yenileme hareketi ilk geri dönüşüm tesisi";"Fox TV"
"503";"1540565251";1540565251;1540565249;"Tvty";39575;39;"tr";"Arçelik";"Büyük yenileme hareketi ilk geri dönüşüm tesisi";"Skyturk 360"
"504";"1540565709";1540565709;1540565707;"Tvty";39575;39;"tr";"Arçelik";"Büyük yenileme hareketi ilk geri dönüşüm tesisi";"Show TV"
"505";"1540569170";1540569170;1540569168;"Tvty";39575;39;"tr";"Arçelik";"Büyük yenileme hareketi ilk geri dönüşüm tesisi";"Skyturk 360"
"506";"1540566254";1540566254;1540566252;"Tvty";39575;39;"tr";"Arçelik";"Büyük yenileme hareketi ilk geri dönüşüm tesisi";"TV8"
"507";"1540571204";1540571204;1540571202;"Tvty";39575;39;"tr";"Arçelik";"Büyük yenileme hareketi ilk geri dönüşüm tesisi";"Skyturk 360"
"508";"1540575739";1540575739;1540575737;"Tvty";39575;39;"tr";"Arçelik";"Büyük yenileme hareketi ilk geri dönüşüm tesisi";"ATV"
"509";"1540574057";1540574057;1540574056;"Tvty";39575;39;"tr";"Arçelik";"Büyük yenileme hareketi ilk geri dönüşüm tesisi";"Fox TV"
"510";"1540574183";1540574183;1540574181;"Tvty";39575;39;"tr";"Arçelik";"Büyük yenileme hareketi ilk geri dönüşüm tesisi";"Star TV"
"511";"1540574436";1540574436;1540574434;"Tvty";39575;39;"tr";"Arçelik";"Büyük yenileme hareketi ilk geri dönüşüm tesisi";"TRT 1"
"512";"1540578621";1540578621;1540578619;"Tvty";39575;39;"tr";"Arçelik";"Büyük yenileme hareketi ilk geri dönüşüm tesisi";"Skyturk 360"
"513";"1540582786";1540582786;1540582784;"Tvty";39575;39;"tr";"Arçelik";"Büyük yenileme hareketi ilk geri dönüşüm tesisi";"Skyturk 360"
"514";"1540585835";1540585835;1540585833;"Tvty";39575;39;"tr";"Arçelik";"Büyük yenileme hareketi ilk geri dönüşüm tesisi";"Skyturk 360"
"515";"1540586355";1540586355;1540586353;"Tvty";39575;39;"tr";"Arçelik";"Büyük yenileme hareketi ilk geri dönüşüm tesisi";"Skyturk 360"
"516";"1540587272";1540587272;1540587270;"Tvty";39575;39;"tr";"Arçelik";"Büyük yenileme hareketi ilk geri dönüşüm tesisi";"Show TV"
"517";"1540590982";1540590982;1540590980;"Tvty";39575;39;"tr";"Arçelik";"Büyük yenileme hareketi ilk geri dönüşüm tesisi";"TRT Haber"
"518";"1540588505";1540588505;1540588503;"Tvty";39575;39;"tr";"Arçelik";"Büyük yenileme hareketi ilk geri dönüşüm tesisi";"Kanal 7"
"519";"1540624248";1540624248;1540624247;"Tvty";39575;39;"tr";"Arçelik";"Büyük yenileme hareketi ilk geri dönüşüm tesisi";"Kanal D"
"520";"1540628676";1540628676;1540628674;"Tvty";39575;39;"tr";"Arçelik";"Büyük yenileme hareketi ilk geri dönüşüm tesisi";"Skyturk 360"
"521";"1540628906";1540628906;1540628904;"Tvty";39575;39;"tr";"Arçelik";"Büyük yenileme hareketi ilk geri dönüşüm tesisi";"Skyturk 360"
"522";"1540633337";1540633337;1540633334;"Tvty";39575;39;"tr";"Arçelik";"Büyük yenileme hareketi ilk geri dönüşüm tesisi";"TRT 1"
"523";"1540634115";1540634115;1540634113;"Tvty";39575;39;"tr";"Arçelik";"Büyük yenileme hareketi ilk geri dönüşüm tesisi";"Show TV"
"524";"1540634102";1540634102;1540634101;"Tvty";39575;39;"tr";"Arçelik";"Büyük yenileme hareketi ilk geri dönüşüm tesisi";"TRT Haber"
"525";"1540634115";1540634115;1540634101;"Tvty";39575;39;"tr";"Arçelik";"Büyük yenileme hareketi ilk geri dönüşüm tesisi";"TRT Haber"
"526";"1540637647";1540637647;1540637645;"Tvty";39575;39;"tr";"Arçelik";"Büyük yenileme hareketi ilk geri dönüşüm tesisi";"ATV"
"527";"1540641332";1540641332;1540641330;"Tvty";39575;39;"tr";"Arçelik";"Büyük yenileme hareketi ilk geri dönüşüm tesisi";"Star TV"
"528";"1540644691";1540644691;1540644690;"Tvty";39575;39;"tr";"Arçelik";"Büyük yenileme hareketi ilk geri dönüşüm tesisi";"TRT Haber"
"529";"1540644561";1540644561;1540644559;"Tvty";39575;39;"tr";"Arçelik";"Büyük yenileme hareketi ilk geri dönüşüm tesisi";"Kanal 7"
"530";"1540648454";1540648454;1540648452;"Tvty";39575;39;"tr";"Arçelik";"Büyük yenileme hareketi ilk geri dönüşüm tesisi";"Skyturk 360"
"531";"1540651328";1540651328;1540651326;"Tvty";39575;39;"tr";"Arçelik";"Büyük yenileme hareketi ilk geri dönüşüm tesisi";"Skyturk 360"
"532";"1540650992";1540650992;1540650990;"Tvty";39575;39;"tr";"Arçelik";"Büyük yenileme hareketi ilk geri dönüşüm tesisi";"Skyturk 360"
"533";"1540655372";1540655372;1540655370;"Tvty";39575;39;"tr";"Arçelik";"Büyük yenileme hareketi ilk geri dönüşüm tesisi";"TRT Haber"
"534";"1540655842";1540655842;1540655841;"Tvty";39575;39;"tr";"Arçelik";"Büyük yenileme hareketi ilk geri dönüşüm tesisi";"Skyturk 360"
"535";"1540658313";1540658313;1540658311;"Tvty";39575;39;"tr";"Arçelik";"Büyük yenileme hareketi ilk geri dönüşüm tesisi";"Skyturk 360"
"536";"1540657745";1540657745;1540657743;"Tvty";39575;39;"tr";"Arçelik";"Büyük yenileme hareketi ilk geri dönüşüm tesisi";"Skyturk 360"
"537";"1540657396";1540657396;1540657395;"Tvty";39575;39;"tr";"Arçelik";"Büyük yenileme hareketi ilk geri dönüşüm tesisi";"TV8"
"538";"1540659819";1540659819;1540659818;"Tvty";39575;39;"tr";"Arçelik";"Büyük yenileme hareketi ilk geri dönüşüm tesisi";"ATV"
"539";"1540660420";1540660420;1540660417;"Tvty";39575;39;"tr";"Arçelik";"Büyük yenileme hareketi ilk geri dönüşüm tesisi";"Star TV"
"540";"1540661968";1540661968;1540661966;"Tvty";39575;39;"tr";"Arçelik";"Büyük yenileme hareketi ilk geri dönüşüm tesisi";"Skyturk 360"
"541";"1540661233";1540661233;1540661231;"Tvty";39575;39;"tr";"Arçelik";"Büyük yenileme hareketi ilk geri dönüşüm tesisi";"TRT 1"
"542";"1540661778";1540661778;1540661776;"Tvty";39575;39;"tr";"Arçelik";"Büyük yenileme hareketi ilk geri dönüşüm tesisi";"Skyturk 360"
"543";"1540666216";1540666216;1540666214;"Tvty";39575;39;"tr";"Arçelik";"Büyük yenileme hareketi ilk geri dönüşüm tesisi";"Fox TV"
"544";"1540669096";1540669096;1540669094;"Tvty";39575;39;"tr";"Arçelik";"Büyük yenileme hareketi ilk geri dönüşüm tesisi";"Skyturk 360"
"545";"1540669312";1540669312;1540669310;"Tvty";39575;39;"tr";"Arçelik";"Büyük yenileme hareketi ilk geri dönüşüm tesisi";"Kanal 7"
"546";"1540673296";1540673296;1540673295;"Tvty";39575;39;"tr";"Arçelik";"Büyük yenileme hareketi ilk geri dönüşüm tesisi";"Skyturk 360"
"547";"1540674616";1540674616;1540674613;"Tvty";39575;39;"tr";"Arçelik";"Büyük yenileme hareketi ilk geri dönüşüm tesisi";"Show TV"
"548";"1540707320";1540707320;1540707318;"Tvty";39575;39;"tr";"Arçelik";"Büyük yenileme hareketi ilk geri dönüşüm tesisi";"Fox TV"
"549";"1540709805";1540709805;1540709803;"Tvty";39575;39;"tr";"Arçelik";"Büyük yenileme hareketi ilk geri dönüşüm tesisi";"Skyturk 360"
"550";"1540709742";1540709742;1540709741;"Tvty";39575;39;"tr";"Arçelik";"Büyük yenileme hareketi ilk geri dönüşüm tesisi";"Kanal D"
"551";"1540710319";1540710319;1540710317;"Tvty";39575;39;"tr";"Arçelik";"Büyük yenileme hareketi ilk geri dönüşüm tesisi";"ATV"
"552";"1540716646";1540716646;1540716644;"Tvty";39575;39;"tr";"Arçelik";"Büyük yenileme hareketi ilk geri dönüşüm tesisi";"Skyturk 360"
"553";"1540715657";1540715657;1540715655;"Tvty";39575;39;"tr";"Arçelik";"Büyük yenileme hareketi ilk geri dönüşüm tesisi";"TV8"
"554";"1540719157";1540719157;1540719155;"Tvty";39575;39;"tr";"Arçelik";"Büyük yenileme hareketi ilk geri dönüşüm tesisi";"Skyturk 360"
"555";"1540737613";1540737613;1540737611;"Tvty";39575;39;"tr";"Arçelik";"Büyük yenileme hareketi ilk geri dönüşüm tesisi";"TRT 1"
"556";"1540738004";1540738004;1540738002;"Tvty";39575;39;"tr";"Arçelik";"Büyük yenileme hareketi ilk geri dönüşüm tesisi";"Skyturk 360"
"557";"1540737715";1540737715;1540737713;"Tvty";39575;39;"tr";"Arçelik";"Büyük yenileme hareketi ilk geri dönüşüm tesisi";"Skyturk 360"
"558";"1540740048";1540740048;1540740044;"Tvty";39575;27;"tr";"Arçelik";"Arçelik'te 2018'e Efsane Başlangıç";"TV8"
"559";"1540742255";1540742255;1540742253;"Tvty";39575;39;"tr";"Arçelik";"Büyük yenileme hareketi ilk geri dönüşüm tesisi";"Skyturk 360"
"560";"1540745868";1540745868;1540745866;"Tvty";39575;39;"tr";"Arçelik";"Büyük yenileme hareketi ilk geri dönüşüm tesisi";"Skyturk 360"
"561";"1540745498";1540745498;1540745496;"Tvty";39575;39;"tr";"Arçelik";"Büyük yenileme hareketi ilk geri dönüşüm tesisi";"TRT Haber"
"562";"1540749198";1540749198;1540749196;"Tvty";39575;39;"tr";"Arçelik";"Büyük yenileme hareketi ilk geri dönüşüm tesisi";"Kanal D"
"563";"1540747625";1540747625;1540747622;"Tvty";39575;39;"tr";"Arçelik";"Büyük yenileme hareketi ilk geri dönüşüm tesisi";"TRT 1"
"564";"1540748351";1540748351;1540748350;"Tvty";39575;39;"tr";"Arçelik";"Büyük yenileme hareketi ilk geri dönüşüm tesisi";"Skyturk 360"
"565";"1540749100";1540749100;1540749098;"Tvty";39575;39;"tr";"Arçelik";"Büyük yenileme hareketi ilk geri dönüşüm tesisi";"TRT Haber"
"566";"1540752258";1540752258;1540752257;"Tvty";39575;39;"tr";"Arçelik";"Büyük yenileme hareketi ilk geri dönüşüm tesisi";"Skyturk 360"
"567";"1540751905";1540751905;1540751903;"Tvty";39575;39;"tr";"Arçelik";"Büyük yenileme hareketi ilk geri dönüşüm tesisi";"Star TV"
"568";"1540751613";1540751613;1540751610;"Tvty";39575;39;"tr";"Arçelik";"Büyük yenileme hareketi ilk geri dönüşüm tesisi";"Show TV"
"569";"1540753102";1540753102;1540753100;"Tvty";39575;39;"tr";"Arçelik";"Büyük yenileme hareketi ilk geri dönüşüm tesisi";"Fox TV"
"570";"1540756690";1540756690;1540756688;"Tvty";39575;39;"tr";"Arçelik";"Büyük yenileme hareketi ilk geri dönüşüm tesisi";"Fox TV"
"571";"1540755404";1540755404;1540755402;"Tvty";39575;39;"tr";"Arçelik";"Büyük yenileme hareketi ilk geri dönüşüm tesisi";"Skyturk 360"
"572";"1540755264";1540755264;1540755262;"Tvty";39575;39;"tr";"Arçelik";"Büyük yenileme hareketi ilk geri dönüşüm tesisi";"Kanal D"
"573";"1540759811";1540759811;1540759809;"Tvty";39575;39;"tr";"Arçelik";"Büyük yenileme hareketi ilk geri dönüşüm tesisi";"Skyturk 360"
"574";"1540759987";1540759987;1540759985;"Tvty";39575;39;"tr";"Arçelik";"Büyük yenileme hareketi ilk geri dönüşüm tesisi";"Skyturk 360"
"575";"1540760078";1540760078;1540760076;"Tvty";39575;39;"tr";"Arçelik";"Büyük yenileme hareketi ilk geri dönüşüm tesisi";"TRT Haber"
"576";"1540759724";1540759724;1540759722;"Tvty";39575;39;"tr";"Arçelik";"Büyük yenileme hareketi ilk geri dönüşüm tesisi";"Kanal 7"
"577";"1540760478";1540760478;1540760475;"Tvty";39575;39;"tr";"Arçelik";"Büyük yenileme hareketi ilk geri dönüşüm tesisi";"TV8"
"578";"1540760714";1540760714;1540760712;"Tvty";39575;39;"tr";"Arçelik";"Büyük yenileme hareketi ilk geri dönüşüm tesisi";"ATV"
