timestamp	received_timestamp	broadcast_timestamp	tv_tracking_provider	partner_id	broadcast_duration_sec	country	ad_brand	spot_name	tv_channel_name	prev_program	next_program	genre
1539667865	1539667865	1539667862	Tvty	39575	39	tr	Arçelik	Büyük yenileme hareketi ilk geri dönüşüm tesisi	Star TV	NULL	NULL	NULL
1539672321	1539672321	1539672319	Tvty	39575	39	tr	Arçelik	Büyük yenileme hareketi ilk geri dönüşüm tesisi	Fox TV	NULL	NULL	NULL
1539673078	1539673078	1539673076	Tvty	39575	20	tr	Arçelik	Kalp kalbe karşı Arçelik kampanyası	Fox TV	NULL	NULL	NULL
1539671126	1539671126	1539671124	Tvty	39575	39	tr	Arçelik	Büyük yenileme hareketi ilk geri dönüşüm tesisi	TRT 1	NULL	NULL	NULL
1539675640	1539675640	1539675637	Tvty	39575	39	tr	Arçelik	Büyük yenileme hareketi ilk geri dönüşüm tesisi	Skyturk 360	NULL	NULL	NULL
1539676081	1539676081	1539676079	Tvty	39575	0	tr	Arçelik	Mystery	ATV	NULL	NULL	NULL
1539674516	1539674516	1539674514	Tvty	39575	20	tr	Arçelik	Kalp kalbe karşı Arçelik kampanyası	Star TV	NULL	NULL	NULL
1539678761	1539678761	1539678758	Tvty	39575	39	tr	Arçelik	Büyük yenileme hareketi ilk geri dönüşüm tesisi	Star TV	NULL	NULL	NULL
1539678360	1539678360	1539678359	Tvty	39575	0	tr	Arçelik	Mystery	TV8	NULL	NULL	NULL
1539679201	1539679201	1539679199	Tvty	39575	39	tr	Arçelik	Büyük yenileme hareketi ilk geri dönüşüm tesisi	Skyturk 360	NULL	NULL	NULL
1539680172	1539680172	1539680170	Tvty	39575	0	tr	Arçelik	Mystery	ATV	NULL	NULL	NULL
1539681657	1539681657	1539681656	Tvty	39575	22	tr	Arçelik	Türkiye'nin en çok tercih edilen ankastre seti Arçelik'te	Kanal D	NULL	NULL	NULL
1539681713	1539681713	1539681711	Tvty	39575	39	tr	Arçelik	Büyük yenileme hareketi ilk geri dönüşüm tesisi	Kanal D	NULL	NULL	NULL
1539681658	1539681658	1539681657	Tvty	39575	20	tr	Arçelik	Kalp kalbe karşı Arçelik kampanyası	Kanal D	NULL	NULL	NULL
1539682761	1539682761	1539682759	Tvty	39575	39	tr	Arçelik	Büyük yenileme hareketi ilk geri dönüşüm tesisi	Fox TV	NULL	NULL	NULL
1539683355	1539683355	1539683353	Tvty	39575	20	tr	Arçelik	Kalp kalbe karşı Arçelik kampanyası	Kanal 7	NULL	NULL	NULL
1539683782	1539683782	1539683780	Tvty	39575	39	tr	Arçelik	Büyük yenileme hareketi ilk geri dönüşüm tesisi	ATV	NULL	NULL	NULL
1539683386	1539683386	1539683385	Tvty	39575	0	tr	Arçelik	Mystery	ATV	NULL	NULL	NULL
1539686893	1539686893	1539686891	Tvty	39575	39	tr	Arçelik	Büyük yenileme hareketi ilk geri dönüşüm tesisi	Fox TV	NULL	NULL	NULL
1539687106	1539687106	1539687104	Tvty	39575	39	tr	Arçelik	Büyük yenileme hareketi ilk geri dönüşüm tesisi	Show TV	NULL	NULL	NULL
1539686719	1539686719	1539686718	Tvty	39575	0	tr	Arçelik	Mystery	ATV	NULL	NULL	NULL
1539687401	1539687401	1539687400	Tvty	39575	39	tr	Arçelik	Büyük yenileme hareketi ilk geri dönüşüm tesisi	ATV	NULL	NULL	NULL
1539687359	1539687359	1539687357	Tvty	39575	0	tr	Arçelik	Mystery	Kanal 7	NULL	NULL	NULL
1539689521	1539689521	1539689519	Tvty	39575	39	tr	Arçelik	Büyük yenileme hareketi ilk geri dönüşüm tesisi	TRT 1	NULL	NULL	NULL
1539689471	1539689471	1539689468	Tvty	39575	39	tr	Arçelik	Büyük yenileme hareketi ilk geri dönüşüm tesisi	Kanal 7	NULL	NULL	NULL
1539694370	1539694370	1539694368	Tvty	39575	39	tr	Arçelik	Büyük yenileme hareketi ilk geri dönüşüm tesisi	TRT Haber	NULL	NULL	NULL
1539697464	1539697464	1539697462	Tvty	39575	0	tr	Arçelik	Mystery	TRT 1	NULL	NULL	NULL
1539701671	1539701671	1539701669	Tvty	39575	39	tr	Arçelik	Büyük yenileme hareketi ilk geri dönüşüm tesisi	TRT Haber	NULL	NULL	NULL
1539701702	1539701702	1539701669	Tvty	39575	39	tr	Arçelik	Büyük yenileme hareketi ilk geri dönüşüm tesisi	TRT Haber	NULL	NULL	NULL
1539701682	1539701682	1539701669	Tvty	39575	39	tr	Arçelik	Büyük yenileme hareketi ilk geri dönüşüm tesisi	TRT Haber	NULL	NULL	NULL
1539701682	1539701682	1539701681	Tvty	39575	0	tr	Arçelik	Mystery	TV8	NULL	NULL	NULL
1539704779	1539704779	1539704778	Tvty	39575	39	tr	Arçelik	Büyük yenileme hareketi ilk geri dönüşüm tesisi	Skyturk 360	NULL	NULL	NULL
1539702188	1539702188	1539702186	Tvty	39575	39	tr	Arçelik	Büyük yenileme hareketi ilk geri dönüşüm tesisi	TV8	NULL	NULL	NULL
1539708488	1539708488	1539708486	Tvty	39575	39	tr	Arçelik	Büyük yenileme hareketi ilk geri dönüşüm tesisi	TRT Haber	NULL	NULL	NULL
1539708621	1539708621	1539708588	Tvty	39575	39	tr	Arçelik	Büyük yenileme hareketi ilk geri dönüşüm tesisi	TRT 1	NULL	NULL	NULL
1539708534	1539708534	1539708486	Tvty	39575	39	tr	Arçelik	Büyük yenileme hareketi ilk geri dönüşüm tesisi	TRT Haber	NULL	NULL	NULL
1539708942	1539708942	1539708941	Tvty	39575	20	tr	Arçelik	Kalp kalbe karşı Arçelik kampanyası	Show TV	NULL	NULL	NULL
1539708591	1539708591	1539708588	Tvty	39575	39	tr	Arçelik	Büyük yenileme hareketi ilk geri dönüşüm tesisi	TRT 1	NULL	NULL	NULL
1539708621	1539708621	1539708619	Tvty	39575	39	tr	Arçelik	Büyük yenileme hareketi ilk geri dönüşüm tesisi	Show TV	NULL	NULL	NULL
1539708534	1539708534	1539708532	Tvty	39575	0	tr	Arçelik	Mystery	ATV	NULL	NULL	NULL
1539712615	1539712615	1539712613	Tvty	39575	39	tr	Arçelik	Büyük yenileme hareketi ilk geri dönüşüm tesisi	Kanal 7	NULL	NULL	NULL
1539709425	1539709425	1539709424	Tvty	39575	22	tr	Arçelik	Türkiye'nin en çok tercih edilen ankastre seti Arçelik'te	TRT 1	NULL	NULL	NULL
1539710191	1539710191	1539710189	Tvty	39575	39	tr	Arçelik	Büyük yenileme hareketi ilk geri dönüşüm tesisi	Fox TV	NULL	NULL	NULL
1539710574	1539710574	1539710572	Tvty	39575	0	tr	Arçelik	Mystery	Fox TV	NULL	NULL	NULL
1539712275	1539712275	1539712273	Tvty	39575	39	tr	Arçelik	Büyük yenileme hareketi ilk geri dönüşüm tesisi	Star TV	NULL	NULL	NULL
1539711368	1539711368	1539711366	Tvty	39575	39	tr	Arçelik	Büyük yenileme hareketi ilk geri dönüşüm tesisi	Show TV	NULL	NULL	NULL
1539712496	1539712496	1539712494	Tvty	39575	39	tr	Arçelik	Büyük yenileme hareketi ilk geri dönüşüm tesisi	TRT Haber	NULL	NULL	NULL
1539714726	1539714726	1539714725	Tvty	39575	39	tr	Arçelik	Büyük yenileme hareketi ilk geri dönüşüm tesisi	Skyturk 360	NULL	NULL	NULL
1539714831	1539714831	1539714829	Tvty	39575	39	tr	Arçelik	Büyük yenileme hareketi ilk geri dönüşüm tesisi	TRT 1	NULL	NULL	NULL
1539715914	1539715914	1539715912	Tvty	39575	39	tr	Arçelik	Büyük yenileme hareketi ilk geri dönüşüm tesisi	TRT Haber	NULL	NULL	NULL
1539718521	1539718521	1539718519	Tvty	39575	39	tr	Arçelik	Büyük yenileme hareketi ilk geri dönüşüm tesisi	Skyturk 360	NULL	NULL	NULL
1539722949	1539722949	1539722947	Tvty	39575	39	tr	Arçelik	Büyük yenileme hareketi ilk geri dönüşüm tesisi	ATV	NULL	NULL	NULL
1539722054	1539722054	1539722052	Tvty	39575	20	tr	Arçelik	Kalp kalbe karşı Arçelik kampanyası	Star TV	NULL	NULL	NULL
1539724383	1539724383	1539724381	Tvty	39575	39	tr	Arçelik	Büyük yenileme hareketi ilk geri dönüşüm tesisi	ATV	NULL	NULL	NULL
1539724819	1539724819	1539724817	Tvty	39575	39	tr	Arçelik	Büyük yenileme hareketi ilk geri dönüşüm tesisi	TV8	NULL	NULL	NULL
1539724338	1539724338	1539724336	Tvty	39575	39	tr	Arçelik	Büyük yenileme hareketi ilk geri dönüşüm tesisi	Fox TV	NULL	NULL	NULL
1539757172	1539757172	1539757170	Tvty	39575	39	tr	Arçelik	Büyük yenileme hareketi ilk geri dönüşüm tesisi	TRT 1	NULL	NULL	NULL
1539761803	1539761803	1539761801	Tvty	39575	39	tr	Arçelik	Büyük yenileme hareketi ilk geri dönüşüm tesisi	Skyturk 360	NULL	NULL	NULL
1539765152	1539765152	1539765151	Tvty	39575	39	tr	Arçelik	Büyük yenileme hareketi ilk geri dönüşüm tesisi	TV8	NULL	NULL	NULL
1539765875	1539765875	1539765873	Tvty	39575	39	tr	Arçelik	Büyük yenileme hareketi ilk geri dönüşüm tesisi	ATV	NULL	NULL	NULL
1539769819	1539769819	1539769817	Tvty	39575	39	tr	Arçelik	Büyük yenileme hareketi ilk geri dönüşüm tesisi	TRT Haber	NULL	NULL	NULL
1539768340	1539768340	1539768338	Tvty	39575	39	tr	Arçelik	Büyük yenileme hareketi ilk geri dönüşüm tesisi	Star TV	NULL	NULL	NULL
1539768503	1539768503	1539768501	Tvty	39575	39	tr	Arçelik	Büyük yenileme hareketi ilk geri dönüşüm tesisi	Kanal D	NULL	NULL	NULL
1539773783	1539773783	1539773781	Tvty	39575	39	tr	Arçelik	Büyük yenileme hareketi ilk geri dönüşüm tesisi	ATV	NULL	NULL	NULL
1539777062	1539777062	1539777061	Tvty	39575	39	tr	Arçelik	Büyük yenileme hareketi ilk geri dönüşüm tesisi	Kanal 7	NULL	NULL	NULL
1539776045	1539776045	1539776043	Tvty	39575	39	tr	Arçelik	Büyük yenileme hareketi ilk geri dönüşüm tesisi	Fox TV	NULL	NULL	NULL
1539776483	1539776483	1539776480	Tvty	39575	39	tr	Arçelik	Büyük yenileme hareketi ilk geri dönüşüm tesisi	Show TV	NULL	NULL	NULL
1539774933	1539774933	1539774932	Tvty	39575	39	tr	Arçelik	Büyük yenileme hareketi ilk geri dönüşüm tesisi	TV8	NULL	NULL	NULL
1539780832	1539780832	1539780829	Tvty	39575	39	tr	Arçelik	Büyük yenileme hareketi ilk geri dönüşüm tesisi	TRT Haber	NULL	NULL	NULL
1539784455	1539784455	1539784452	Tvty	39575	39	tr	Arçelik	Büyük yenileme hareketi ilk geri dönüşüm tesisi	Show TV	NULL	NULL	NULL
1539787549	1539787549	1539787547	Tvty	39575	39	tr	Arçelik	Büyük yenileme hareketi ilk geri dönüşüm tesisi	Skyturk 360	NULL	NULL	NULL
1539788742	1539788742	1539788740	Tvty	39575	39	tr	Arçelik	Büyük yenileme hareketi ilk geri dönüşüm tesisi	TV8	NULL	NULL	NULL
1539790282	1539790282	1539790280	Tvty	39575	39	tr	Arçelik	Büyük yenileme hareketi ilk geri dönüşüm tesisi	Skyturk 360	NULL	NULL	NULL
1539793563	1539793563	1539793561	Tvty	39575	39	tr	Arçelik	Büyük yenileme hareketi ilk geri dönüşüm tesisi	Skyturk 360	NULL	NULL	NULL
1539793977	1539793977	1539793975	Tvty	39575	39	tr	Arçelik	Büyük yenileme hareketi ilk geri dönüşüm tesisi	Star TV	NULL	NULL	NULL
1539794924	1539794924	1539794923	Tvty	39575	39	tr	Arçelik	Büyük yenileme hareketi ilk geri dönüşüm tesisi	ATV	NULL	NULL	NULL
1539795149	1539795149	1539795147	Tvty	39575	39	tr	Arçelik	Büyük yenileme hareketi ilk geri dönüşüm tesisi	Show TV	NULL	NULL	NULL
1539794854	1539794854	1539794852	Tvty	39575	39	tr	Arçelik	Büyük yenileme hareketi ilk geri dönüşüm tesisi	TRT Haber	NULL	NULL	NULL
1539795200	1539795200	1539795197	Tvty	39575	39	tr	Arçelik	Büyük yenileme hareketi ilk geri dönüşüm tesisi	TRT 1	NULL	NULL	NULL
1539798685	1539798685	1539798683	Tvty	39575	39	tr	Arçelik	Büyük yenileme hareketi ilk geri dönüşüm tesisi	Kanal 7	NULL	NULL	NULL
1539801046	1539801046	1539801044	Tvty	39575	39	tr	Arçelik	Büyük yenileme hareketi ilk geri dönüşüm tesisi	Fox TV	NULL	NULL	NULL
1539802270	1539802270	1539802268	Tvty	39575	39	tr	Arçelik	Büyük yenileme hareketi ilk geri dönüşüm tesisi	TRT Haber	NULL	NULL	NULL
1539802389	1539802389	1539802387	Tvty	39575	39	tr	Arçelik	Büyük yenileme hareketi ilk geri dönüşüm tesisi	TV8	NULL	NULL	NULL
1539804263	1539804263	1539804262	Tvty	39575	39	tr	Arçelik	Büyük yenileme hareketi ilk geri dönüşüm tesisi	Fox TV	NULL	NULL	NULL
1539804383	1539804383	1539804381	Tvty	39575	39	tr	Arçelik	Büyük yenileme hareketi ilk geri dönüşüm tesisi	TRT 1	NULL	NULL	NULL
1539808539	1539808538	1539808536	Tvty	39575	39	tr	Arçelik	Büyük yenileme hareketi ilk geri dönüşüm tesisi	Show TV	NULL	NULL	NULL
1539808344	1539808344	1539808342	Tvty	39575	39	tr	Arçelik	Büyük yenileme hareketi ilk geri dönüşüm tesisi	Star TV	NULL	NULL	NULL
1539806647	1539806647	1539806644	Tvty	39575	39	tr	Arçelik	Büyük yenileme hareketi ilk geri dönüşüm tesisi	Fox TV	NULL	NULL	NULL
1539810221	1539810221	1539810219	Tvty	39575	39	tr	Arçelik	Büyük yenileme hareketi ilk geri dönüşüm tesisi	ATV	NULL	NULL	NULL
1539845073	1539845073	1539845071	Tvty	39575	39	tr	Arçelik	Büyük yenileme hareketi ilk geri dönüşüm tesisi	Fox TV	NULL	NULL	NULL
1539844092	1539844092	1539844090	Tvty	39575	39	tr	Arçelik	Büyük yenileme hareketi ilk geri dönüşüm tesisi	TRT 1	NULL	NULL	NULL
1539851405	1539851405	1539851403	Tvty	39575	39	tr	Arçelik	Büyük yenileme hareketi ilk geri dönüşüm tesisi	Skyturk 360	NULL	NULL	NULL
1539855491	1539855491	1539855489	Tvty	39575	39	tr	Arçelik	Büyük yenileme hareketi ilk geri dönüşüm tesisi	TRT 1	NULL	NULL	NULL
1539854534	1539854534	1539854532	Tvty	39575	39	tr	Arçelik	Büyük yenileme hareketi ilk geri dönüşüm tesisi	Star TV	NULL	NULL	NULL
1539855984	1539855984	1539855981	Tvty	39575	39	tr	Arçelik	Büyük yenileme hareketi ilk geri dönüşüm tesisi	Show TV	NULL	NULL	NULL
1539854316	1539854316	1539854315	Tvty	39575	39	tr	Arçelik	Büyük yenileme hareketi ilk geri dönüşüm tesisi	Kanal D	NULL	NULL	NULL
1539856420	1539856420	1539856418	Tvty	39575	39	tr	Arçelik	Büyük yenileme hareketi ilk geri dönüşüm tesisi	TRT Haber	NULL	NULL	NULL
1539859817	1539859817	1539859814	Tvty	39575	39	tr	Arçelik	Büyük yenileme hareketi ilk geri dönüşüm tesisi	Show TV	NULL	NULL	NULL
1539859388	1539859388	1539859386	Tvty	39575	39	tr	Arçelik	Büyük yenileme hareketi ilk geri dönüşüm tesisi	Fox TV	NULL	NULL	NULL
1539859487	1539859487	1539859486	Tvty	39575	39	tr	Arçelik	Büyük yenileme hareketi ilk geri dönüşüm tesisi	ATV	NULL	NULL	NULL
1539867355	1539867355	1539867353	Tvty	39575	39	tr	Arçelik	Büyük yenileme hareketi ilk geri dönüşüm tesisi	TRT Haber	NULL	NULL	NULL
1539867110	1539867110	1539867108	Tvty	39575	39	tr	Arçelik	Büyük yenileme hareketi ilk geri dönüşüm tesisi	Kanal 7	NULL	NULL	NULL
1539873460	1539873460	1539873458	Tvty	39575	39	tr	Arçelik	Büyük yenileme hareketi ilk geri dönüşüm tesisi	Star TV	NULL	NULL	NULL
1539874523	1539874523	1539874522	Tvty	39575	39	tr	Arçelik	Büyük yenileme hareketi ilk geri dönüşüm tesisi	Skyturk 360	NULL	NULL	NULL
1539871832	1539871832	1539871830	Tvty	39575	39	tr	Arçelik	Büyük yenileme hareketi ilk geri dönüşüm tesisi	TV8	NULL	NULL	NULL
1539876900	1539876900	1539876898	Tvty	39575	39	tr	Arçelik	Büyük yenileme hareketi ilk geri dönüşüm tesisi	Skyturk 360	NULL	NULL	NULL
1539878071	1539878071	1539878070	Tvty	39575	39	tr	Arçelik	Büyük yenileme hareketi ilk geri dönüşüm tesisi	TRT Haber	NULL	NULL	NULL
1539880503	1539880503	1539880500	Tvty	39575	39	tr	Arçelik	Büyük yenileme hareketi ilk geri dönüşüm tesisi	Star TV	NULL	NULL	NULL
1539881523	1539881523	1539881521	Tvty	39575	39	tr	Arçelik	Büyük yenileme hareketi ilk geri dönüşüm tesisi	TRT 1	NULL	NULL	NULL
1539883629	1539883629	1539883627	Tvty	39575	39	tr	Arçelik	Büyük yenileme hareketi ilk geri dönüşüm tesisi	Fox TV	NULL	NULL	NULL
1539884389	1539884389	1539884388	Tvty	39575	39	tr	Arçelik	Büyük yenileme hareketi ilk geri dönüşüm tesisi	ATV	NULL	NULL	NULL
1539887823	1539887823	1539887822	Tvty	39575	39	tr	Arçelik	Büyük yenileme hareketi ilk geri dönüşüm tesisi	Skyturk 360	NULL	NULL	NULL
1539891655	1539891655	1539891653	Tvty	39575	39	tr	Arçelik	Büyük yenileme hareketi ilk geri dönüşüm tesisi	Skyturk 360	NULL	NULL	NULL
1539892446	1539892446	1539892444	Tvty	39575	39	tr	Arçelik	Büyük yenileme hareketi ilk geri dönüşüm tesisi	TRT Haber	NULL	NULL	NULL
1539893347	1539893347	1539893345	Tvty	39575	39	tr	Arçelik	Büyük yenileme hareketi ilk geri dönüşüm tesisi	Kanal 7	NULL	NULL	NULL
1539893631	1539893631	1539893629	Tvty	39575	39	tr	Arçelik	Büyük yenileme hareketi ilk geri dönüşüm tesisi	Show TV	NULL	NULL	NULL
1539893263	1539893263	1539893260	Tvty	39575	39	tr	Arçelik	Büyük yenileme hareketi ilk geri dönüşüm tesisi	TV8	NULL	NULL	NULL
1539898030	1539898030	1539898029	Tvty	39575	39	tr	Arçelik	Büyük yenileme hareketi ilk geri dönüşüm tesisi	Fox TV	NULL	NULL	NULL
1539897432	1539897432	1539897431	Tvty	39575	39	tr	Arçelik	Büyük yenileme hareketi ilk geri dönüşüm tesisi	Fox TV	NULL	NULL	NULL
1539896816	1539896816	1539896813	Tvty	39575	39	tr	Arçelik	Büyük yenileme hareketi ilk geri dönüşüm tesisi	ATV	NULL	NULL	NULL
1539931544	1539931544	1539931543	Tvty	39575	39	tr	Arçelik	Büyük yenileme hareketi ilk geri dönüşüm tesisi	Fox TV	NULL	NULL	NULL
1539929001	1539929001	1539928999	Tvty	39575	39	tr	Arçelik	Büyük yenileme hareketi ilk geri dönüşüm tesisi	Kanal D	NULL	NULL	NULL
1539933865	1539933865	1539933863	Tvty	39575	39	tr	Arçelik	Büyük yenileme hareketi ilk geri dönüşüm tesisi	Star TV	NULL	NULL	NULL
1539937772	1539937772	1539937770	Tvty	39575	39	tr	Arçelik	Büyük yenileme hareketi ilk geri dönüşüm tesisi	Skyturk 360	NULL	NULL	NULL
1539936336	1539936336	1539936333	Tvty	39575	39	tr	Arçelik	Büyük yenileme hareketi ilk geri dönüşüm tesisi	TRT 1	NULL	NULL	NULL
1539938821	1539938821	1539938818	Tvty	39575	39	tr	Arçelik	Büyük yenileme hareketi ilk geri dönüşüm tesisi	Kanal 7	NULL	NULL	NULL
1539942331	1539942331	1539942329	Tvty	39575	39	tr	Arçelik	Büyük yenileme hareketi ilk geri dönüşüm tesisi	Show TV	NULL	NULL	NULL
1539942278	1539942278	1539942277	Tvty	39575	39	tr	Arçelik	Büyük yenileme hareketi ilk geri dönüşüm tesisi	ATV	NULL	NULL	NULL
1539941280	1539941280	1539941278	Tvty	39575	39	tr	Arçelik	Büyük yenileme hareketi ilk geri dönüşüm tesisi	TRT Haber	NULL	NULL	NULL
1539941088	1539941088	1539941085	Tvty	39575	39	tr	Arçelik	Büyük yenileme hareketi ilk geri dönüşüm tesisi	Star TV	NULL	NULL	NULL
1539941488	1539941488	1539941485	Tvty	39575	39	tr	Arçelik	Büyük yenileme hareketi ilk geri dönüşüm tesisi	TRT 1	NULL	NULL	NULL
1539946429	1539946429	1539946427	Tvty	39575	39	tr	Arçelik	Büyük yenileme hareketi ilk geri dönüşüm tesisi	Show TV	NULL	NULL	NULL
1539945727	1539945727	1539945726	Tvty	39575	39	tr	Arçelik	Büyük yenileme hareketi ilk geri dönüşüm tesisi	Fox TV	NULL	NULL	NULL
1539948115	1539948115	1539948113	Tvty	39575	39	tr	Arçelik	Büyük yenileme hareketi ilk geri dönüşüm tesisi	Kanal 7	NULL	NULL	NULL
1539954240	1539954240	1539954238	Tvty	39575	39	tr	Arçelik	Büyük yenileme hareketi ilk geri dönüşüm tesisi	TV8	NULL	NULL	NULL
1539960711	1539960711	1539960709	Tvty	39575	39	tr	Arçelik	Büyük yenileme hareketi ilk geri dönüşüm tesisi	Skyturk 360	NULL	NULL	NULL
1539960357	1539960357	1539960355	Tvty	39575	39	tr	Arçelik	Büyük yenileme hareketi ilk geri dönüşüm tesisi	Skyturk 360	NULL	NULL	NULL
1539960457	1539960457	1539960455	Tvty	39575	39	tr	Arçelik	Büyük yenileme hareketi ilk geri dönüşüm tesisi	Skyturk 360	NULL	NULL	NULL
1539963836	1539963836	1539963834	Tvty	39575	39	tr	Arçelik	Büyük yenileme hareketi ilk geri dönüşüm tesisi	Skyturk 360	NULL	NULL	NULL
1539967717	1539967717	1539967715	Tvty	39575	39	tr	Arçelik	Büyük yenileme hareketi ilk geri dönüşüm tesisi	TRT Haber	NULL	NULL	NULL
1539967957	1539967957	1539967955	Tvty	39575	39	tr	Arçelik	Büyük yenileme hareketi ilk geri dönüşüm tesisi	ATV	NULL	NULL	NULL
1539968140	1539968140	1539968138	Tvty	39575	39	tr	Arçelik	Büyük yenileme hareketi ilk geri dönüşüm tesisi	Show TV	NULL	NULL	NULL
1539966350	1539966350	1539966348	Tvty	39575	39	tr	Arçelik	Büyük yenileme hareketi ilk geri dönüşüm tesisi	Skyturk 360	NULL	NULL	NULL
1539969150	1539969150	1539969148	Tvty	39575	39	tr	Arçelik	Büyük yenileme hareketi ilk geri dönüşüm tesisi	Star TV	NULL	NULL	NULL
1539970148	1539970148	1539970146	Tvty	39575	39	tr	Arçelik	Büyük yenileme hareketi ilk geri dönüşüm tesisi	Fox TV	NULL	NULL	NULL
1539973617	1539973617	1539973616	Tvty	39575	39	tr	Arçelik	Büyük yenileme hareketi ilk geri dönüşüm tesisi	Fox TV	NULL	NULL	NULL
1539973071	1539973071	1539973070	Tvty	39575	39	tr	Arçelik	Büyük yenileme hareketi ilk geri dönüşüm tesisi	Kanal 7	NULL	NULL	NULL
1539975309	1539975309	1539975307	Tvty	39575	39	tr	Arçelik	Büyük yenileme hareketi ilk geri dönüşüm tesisi	TRT Haber	NULL	NULL	NULL
1539978023	1539978023	1539978021	Tvty	39575	39	tr	Arçelik	Büyük yenileme hareketi ilk geri dönüşüm tesisi	Skyturk 360	NULL	NULL	NULL
1539978670	1539978670	1539978668	Tvty	39575	39	tr	Arçelik	Büyük yenileme hareketi ilk geri dönüşüm tesisi	TRT Haber	NULL	NULL	NULL
1539977703	1539977703	1539977701	Tvty	39575	39	tr	Arçelik	Büyük yenileme hareketi ilk geri dönüşüm tesisi	Skyturk 360	NULL	NULL	NULL
1539979527	1539979527	1539979526	Tvty	39575	39	tr	Arçelik	Büyük yenileme hareketi ilk geri dönüşüm tesisi	Fox TV	NULL	NULL	NULL
1539981081	1539981081	1539981079	Tvty	39575	39	tr	Arçelik	Büyük yenileme hareketi ilk geri dönüşüm tesisi	Skyturk 360	NULL	NULL	NULL
1539981230	1539981230	1539981228	Tvty	39575	39	tr	Arçelik	Büyük yenileme hareketi ilk geri dönüşüm tesisi	Skyturk 360	NULL	NULL	NULL
1539982203	1539982203	1539982201	Tvty	39575	39	tr	Arçelik	Büyük yenileme hareketi ilk geri dönüşüm tesisi	TRT 1	NULL	NULL	NULL
1539983529	1539983529	1539983526	Tvty	39575	39	tr	Arçelik	Büyük yenileme hareketi ilk geri dönüşüm tesisi	Star TV	NULL	NULL	NULL
1539983201	1539983201	1539983198	Tvty	39575	39	tr	Arçelik	Büyük yenileme hareketi ilk geri dönüşüm tesisi	ATV	NULL	NULL	NULL
1540015812	1540015812	1540015811	Tvty	39575	39	tr	Arçelik	Büyük yenileme hareketi ilk geri dönüşüm tesisi	Fox TV	NULL	NULL	NULL
1540018202	1540018202	1540018199	Tvty	39575	39	tr	Arçelik	Büyük yenileme hareketi ilk geri dönüşüm tesisi	Star TV	NULL	NULL	NULL
1540019635	1540019635	1540019634	Tvty	39575	39	tr	Arçelik	Büyük yenileme hareketi ilk geri dönüşüm tesisi	ATV	NULL	NULL	NULL
1540025502	1540025502	1540025500	Tvty	39575	39	tr	Arçelik	Büyük yenileme hareketi ilk geri dönüşüm tesisi	Kanal 7	NULL	NULL	NULL
1540023991	1540023991	1540023990	Tvty	39575	39	tr	Arçelik	Büyük yenileme hareketi ilk geri dönüşüm tesisi	TV8	NULL	NULL	NULL
1540029358	1540029358	1540029357	Tvty	39575	39	tr	Arçelik	Büyük yenileme hareketi ilk geri dönüşüm tesisi	TRT Haber	NULL	NULL	NULL
1540028974	1540028974	1540028972	Tvty	39575	39	tr	Arçelik	Büyük yenileme hareketi ilk geri dönüşüm tesisi	Kanal D	NULL	NULL	NULL
1540028120	1540028120	1540028119	Tvty	39575	39	tr	Arçelik	Büyük yenileme hareketi ilk geri dönüşüm tesisi	Skyturk 360	NULL	NULL	NULL
1540028515	1540028515	1540028513	Tvty	39575	39	tr	Arçelik	Büyük yenileme hareketi ilk geri dönüşüm tesisi	Skyturk 360	NULL	NULL	NULL
1540028680	1540028680	1540028679	Tvty	39575	39	tr	Arçelik	Büyük yenileme hareketi ilk geri dönüşüm tesisi	Fox TV	NULL	NULL	NULL
1540038401	1540038401	1540038399	Tvty	39575	39	tr	Arçelik	Büyük yenileme hareketi ilk geri dönüşüm tesisi	ATV	NULL	NULL	NULL
1540037207	1540037207	1540037203	Tvty	39575	39	tr	Arçelik	Büyük yenileme hareketi ilk geri dönüşüm tesisi	Fox TV	NULL	NULL	NULL
1540042961	1540042961	1540042959	Tvty	39575	39	tr	Arçelik	Büyük yenileme hareketi ilk geri dönüşüm tesisi	Skyturk 360	NULL	NULL	NULL
1540043501	1540043501	1540043500	Tvty	39575	39	tr	Arçelik	Büyük yenileme hareketi ilk geri dönüşüm tesisi	TRT Haber	NULL	NULL	NULL
1540045118	1540045118	1540045116	Tvty	39575	39	tr	Arçelik	Büyük yenileme hareketi ilk geri dönüşüm tesisi	Skyturk 360	NULL	NULL	NULL
1540045989	1540045989	1540045987	Tvty	39575	39	tr	Arçelik	Büyük yenileme hareketi ilk geri dönüşüm tesisi	TRT 1	NULL	NULL	NULL
1540050338	1540050338	1540050336	Tvty	39575	39	tr	Arçelik	Büyük yenileme hareketi ilk geri dönüşüm tesisi	Skyturk 360	NULL	NULL	NULL
1540049843	1540049843	1540049842	Tvty	39575	39	tr	Arçelik	Büyük yenileme hareketi ilk geri dönüşüm tesisi	Kanal D	NULL	NULL	NULL
1540052782	1540052782	1540052780	Tvty	39575	39	tr	Arçelik	Büyük yenileme hareketi ilk geri dönüşüm tesisi	Skyturk 360	NULL	NULL	NULL
1540053313	1540053313	1540053311	Tvty	39575	39	tr	Arçelik	Büyük yenileme hareketi ilk geri dönüşüm tesisi	Star TV	NULL	NULL	NULL
1540054576	1540054576	1540054574	Tvty	39575	39	tr	Arçelik	Büyük yenileme hareketi ilk geri dönüşüm tesisi	ATV	NULL	NULL	NULL
1540054476	1540054476	1540054474	Tvty	39575	39	tr	Arçelik	Büyük yenileme hareketi ilk geri dönüşüm tesisi	TRT Haber	NULL	NULL	NULL
1540054706	1540054706	1540054704	Tvty	39575	39	tr	Arçelik	Büyük yenileme hareketi ilk geri dönüşüm tesisi	Fox TV	NULL	NULL	NULL
1540054433	1540054433	1540054430	Tvty	39575	39	tr	Arçelik	Büyük yenileme hareketi ilk geri dönüşüm tesisi	TRT 1	NULL	NULL	NULL
1540055232	1540055232	1540055229	Tvty	39575	39	tr	Arçelik	Büyük yenileme hareketi ilk geri dönüşüm tesisi	ATV	NULL	NULL	NULL
1540059715	1540059715	1540059713	Tvty	39575	39	tr	Arçelik	Büyük yenileme hareketi ilk geri dönüşüm tesisi	Fox TV	NULL	NULL	NULL
1540060105	1540060105	1540060103	Tvty	39575	39	tr	Arçelik	Büyük yenileme hareketi ilk geri dönüşüm tesisi	ATV	NULL	NULL	NULL
1540061615	1540061615	1540061614	Tvty	39575	39	tr	Arçelik	Büyük yenileme hareketi ilk geri dönüşüm tesisi	TRT Haber	NULL	NULL	NULL
1540064279	1540064279	1540064277	Tvty	39575	39	tr	Arçelik	Büyük yenileme hareketi ilk geri dönüşüm tesisi	Skyturk 360	NULL	NULL	NULL
1540065293	1540065293	1540065291	Tvty	39575	39	tr	Arçelik	Büyük yenileme hareketi ilk geri dönüşüm tesisi	Fox TV	NULL	NULL	NULL
1540063968	1540063968	1540063966	Tvty	39575	39	tr	Arçelik	Büyük yenileme hareketi ilk geri dönüşüm tesisi	Skyturk 360	NULL	NULL	NULL
1540064463	1540064463	1540064461	Tvty	39575	39	tr	Arçelik	Büyük yenileme hareketi ilk geri dönüşüm tesisi	Kanal D	NULL	NULL	NULL
1540064981	1540064981	1540064980	Tvty	39575	39	tr	Arçelik	Büyük yenileme hareketi ilk geri dönüşüm tesisi	Kanal 7	NULL	NULL	NULL
1540065146	1540065146	1540065144	Tvty	39575	39	tr	Arçelik	Büyük yenileme hareketi ilk geri dönüşüm tesisi	ATV	NULL	NULL	NULL
1540068709	1540068709	1540068707	Tvty	39575	39	tr	Arçelik	Büyük yenileme hareketi ilk geri dönüşüm tesisi	Skyturk 360	NULL	NULL	NULL
1540069031	1540069031	1540069029	Tvty	39575	39	tr	Arçelik	Büyük yenileme hareketi ilk geri dönüşüm tesisi	Fox TV	NULL	NULL	NULL
1540068328	1540068328	1540068326	Tvty	39575	39	tr	Arçelik	Büyük yenileme hareketi ilk geri dönüşüm tesisi	Skyturk 360	NULL	NULL	NULL
1540065951	1540065951	1540065949	Tvty	39575	39	tr	Arçelik	Büyük yenileme hareketi ilk geri dönüşüm tesisi	ATV	NULL	NULL	NULL
1540069287	1540069287	1540069286	Tvty	39575	39	tr	Arçelik	Büyük yenileme hareketi ilk geri dönüşüm tesisi	Fox TV	NULL	NULL	NULL
1540069308	1540069308	1540069306	Tvty	39575	39	tr	Arçelik	Büyük yenileme hareketi ilk geri dönüşüm tesisi	TRT 1	NULL	NULL	NULL
1540069529	1540069529	1540069527	Tvty	39575	39	tr	Arçelik	Büyük yenileme hareketi ilk geri dönüşüm tesisi	Star TV	NULL	NULL	NULL
1540069822	1540069822	1540069820	Tvty	39575	39	tr	Arçelik	Büyük yenileme hareketi ilk geri dönüşüm tesisi	Show TV	NULL	NULL	NULL
1540069308	1540069308	1540069286	Tvty	39575	39	tr	Arçelik	Büyük yenileme hareketi ilk geri dönüşüm tesisi	Fox TV	NULL	NULL	NULL
1540069611	1540069611	1540069609	Tvty	39575	39	tr	Arçelik	Büyük yenileme hareketi ilk geri dönüşüm tesisi	TV8	NULL	NULL	NULL
1540102028	1540102028	1540102024	Tvty	39575	39	tr	Arçelik	Büyük yenileme hareketi ilk geri dönüşüm tesisi	TV8	NULL	NULL	NULL
1540105943	1540105943	1540105941	Tvty	39575	39	tr	Arçelik	Büyük yenileme hareketi ilk geri dönüşüm tesisi	Fox TV	NULL	NULL	NULL
1540110211	1540110211	1540110209	Tvty	39575	39	tr	Arçelik	Büyük yenileme hareketi ilk geri dönüşüm tesisi	ATV	NULL	NULL	NULL
1540112152	1540112152	1540112150	Tvty	39575	39	tr	Arçelik	Büyük yenileme hareketi ilk geri dönüşüm tesisi	Kanal 7	NULL	NULL	NULL
1540112238	1540112238	1540112236	Tvty	39575	39	tr	Arçelik	Büyük yenileme hareketi ilk geri dönüşüm tesisi	Kanal D	NULL	NULL	NULL
1540108837	1540108837	1540108835	Tvty	39575	39	tr	Arçelik	Büyük yenileme hareketi ilk geri dönüşüm tesisi	Fox TV	NULL	NULL	NULL
1540114865	1540114865	1540114864	Tvty	39575	39	tr	Arçelik	Büyük yenileme hareketi ilk geri dönüşüm tesisi	Skyturk 360	NULL	NULL	NULL
1540114570	1540114570	1540114568	Tvty	39575	39	tr	Arçelik	Büyük yenileme hareketi ilk geri dönüşüm tesisi	Skyturk 360	NULL	NULL	NULL
1540121727	1540121727	1540121725	Tvty	39575	39	tr	Arçelik	Büyük yenileme hareketi ilk geri dönüşüm tesisi	Skyturk 360	NULL	NULL	NULL
1540124939	1540124939	1540124936	Tvty	39575	39	tr	Arçelik	Büyük yenileme hareketi ilk geri dönüşüm tesisi	Star TV	NULL	NULL	NULL
1540126406	1540126406	1540126405	Tvty	39575	39	tr	Arçelik	Büyük yenileme hareketi ilk geri dönüşüm tesisi	TRT Haber	NULL	NULL	NULL
1540129110	1540129110	1540129108	Tvty	39575	39	tr	Arçelik	Büyük yenileme hareketi ilk geri dönüşüm tesisi	Skyturk 360	NULL	NULL	NULL
1540128972	1540128972	1540128969	Tvty	39575	39	tr	Arçelik	Büyük yenileme hareketi ilk geri dönüşüm tesisi	TRT 1	NULL	NULL	NULL
1540127359	1540127359	1540127358	Tvty	39575	39	tr	Arçelik	Büyük yenileme hareketi ilk geri dönüşüm tesisi	ATV	NULL	NULL	NULL
1540137239	1540137239	1540137238	Tvty	39575	39	tr	Arçelik	Büyük yenileme hareketi ilk geri dönüşüm tesisi	Skyturk 360	NULL	NULL	NULL
1540136840	1540136840	1540136839	Tvty	39575	39	tr	Arçelik	Büyük yenileme hareketi ilk geri dönüşüm tesisi	Skyturk 360	NULL	NULL	NULL
1540140927	1540140927	1540140925	Tvty	39575	39	tr	Arçelik	Büyük yenileme hareketi ilk geri dönüşüm tesisi	TRT 1	NULL	NULL	NULL
1540141134	1540141134	1540141132	Tvty	39575	39	tr	Arçelik	Büyük yenileme hareketi ilk geri dönüşüm tesisi	Fox TV	NULL	NULL	NULL
1540140655	1540140655	1540140653	Tvty	39575	39	tr	Arçelik	Büyük yenileme hareketi ilk geri dönüşüm tesisi	Show TV	NULL	NULL	NULL
1540140816	1540140816	1540140815	Tvty	39575	39	tr	Arçelik	Büyük yenileme hareketi ilk geri dönüşüm tesisi	TRT Haber	NULL	NULL	NULL
1540140989	1540140989	1540140988	Tvty	39575	39	tr	Arçelik	Büyük yenileme hareketi ilk geri dönüşüm tesisi	ATV	NULL	NULL	NULL
1540138686	1540138686	1540138683	Tvty	39575	39	tr	Arçelik	Büyük yenileme hareketi ilk geri dönüşüm tesisi	Skyturk 360	NULL	NULL	NULL
1540139705	1540139705	1540139703	Tvty	39575	39	tr	Arçelik	Büyük yenileme hareketi ilk geri dönüşüm tesisi	Star TV	NULL	NULL	NULL
1540144451	1540144451	1540144450	Tvty	39575	39	tr	Arçelik	Büyük yenileme hareketi ilk geri dönüşüm tesisi	TRT Haber	NULL	NULL	NULL
1540144217	1540144217	1540144215	Tvty	39575	39	tr	Arçelik	Büyük yenileme hareketi ilk geri dönüşüm tesisi	Show TV	NULL	NULL	NULL
1540142211	1540142211	1540142209	Tvty	39575	39	tr	Arçelik	Büyük yenileme hareketi ilk geri dönüşüm tesisi	Fox TV	NULL	NULL	NULL
1540142433	1540142433	1540142431	Tvty	39575	39	tr	Arçelik	Büyük yenileme hareketi ilk geri dönüşüm tesisi	TRT 1	NULL	NULL	NULL
1540147831	1540147831	1540147828	Tvty	39575	39	tr	Arçelik	Büyük yenileme hareketi ilk geri dönüşüm tesisi	Star TV	NULL	NULL	NULL
1540147258	1540147258	1540147256	Tvty	39575	39	tr	Arçelik	Büyük yenileme hareketi ilk geri dönüşüm tesisi	TRT Haber	NULL	NULL	NULL
1540151704	1540151704	1540151702	Tvty	39575	39	tr	Arçelik	Büyük yenileme hareketi ilk geri dönüşüm tesisi	ATV	NULL	NULL	NULL
1540150293	1540150293	1540150291	Tvty	39575	39	tr	Arçelik	Büyük yenileme hareketi ilk geri dönüşüm tesisi	Skyturk 360	NULL	NULL	NULL
1540150875	1540150875	1540150873	Tvty	39575	39	tr	Arçelik	Büyük yenileme hareketi ilk geri dönüşüm tesisi	Skyturk 360	NULL	NULL	NULL
1540150955	1540150955	1540150953	Tvty	39575	39	tr	Arçelik	Büyük yenileme hareketi ilk geri dönüşüm tesisi	Kanal 7	NULL	NULL	NULL
1540155224	1540155224	1540155222	Tvty	39575	39	tr	Arçelik	Büyük yenileme hareketi ilk geri dönüşüm tesisi	Skyturk 360	NULL	NULL	NULL
1540157211	1540157211	1540157210	Tvty	39575	39	tr	Arçelik	Büyük yenileme hareketi ilk geri dönüşüm tesisi	ATV	NULL	NULL	NULL
1540155697	1540155697	1540155695	Tvty	39575	39	tr	Arçelik	Büyük yenileme hareketi ilk geri dönüşüm tesisi	Fox TV	NULL	NULL	NULL
1540155782	1540155782	1540155780	Tvty	39575	39	tr	Arçelik	Büyük yenileme hareketi ilk geri dönüşüm tesisi	TV8	NULL	NULL	NULL
1540194064	1540194064	1540194062	Tvty	39575	39	tr	Arçelik	Büyük yenileme hareketi ilk geri dönüşüm tesisi	Skyturk 360	NULL	NULL	NULL
1540193651	1540193651	1540193649	Tvty	39575	39	tr	Arçelik	Büyük yenileme hareketi ilk geri dönüşüm tesisi	Skyturk 360	NULL	NULL	NULL
1540198658	1540198658	1540198657	Tvty	39575	39	tr	Arçelik	Büyük yenileme hareketi ilk geri dönüşüm tesisi	ATV	NULL	NULL	NULL
1540197132	1540197132	1540197130	Tvty	39575	39	tr	Arçelik	Büyük yenileme hareketi ilk geri dönüşüm tesisi	Skyturk 360	NULL	NULL	NULL
1540197714	1540197714	1540197712	Tvty	39575	39	tr	Arçelik	Büyük yenileme hareketi ilk geri dönüşüm tesisi	Star TV	NULL	NULL	NULL
1540195906	1540195906	1540195904	Tvty	39575	39	tr	Arçelik	Büyük yenileme hareketi ilk geri dönüşüm tesisi	TRT 1	NULL	NULL	NULL
1540200479	1540200479	1540200477	Tvty	39575	39	tr	Arçelik	Büyük yenileme hareketi ilk geri dönüşüm tesisi	TRT Haber	NULL	NULL	NULL
1540200258	1540200258	1540200256	Tvty	39575	39	tr	Arçelik	Büyük yenileme hareketi ilk geri dönüşüm tesisi	Kanal D	NULL	NULL	NULL
1540201658	1540201658	1540201656	Tvty	39575	39	tr	Arçelik	Büyük yenileme hareketi ilk geri dönüşüm tesisi	Kanal 7	NULL	NULL	NULL
1540201496	1540201496	1540201494	Tvty	39575	39	tr	Arçelik	Büyük yenileme hareketi ilk geri dönüşüm tesisi	Fox TV	NULL	NULL	NULL
1540207376	1540207376	1540207375	Tvty	39575	39	tr	Arçelik	Büyük yenileme hareketi ilk geri dönüşüm tesisi	TV8	NULL	NULL	NULL
1540212554	1540212554	1540212551	Tvty	39575	39	tr	Arçelik	Büyük yenileme hareketi ilk geri dönüşüm tesisi	TRT Haber	NULL	NULL	NULL
1540216167	1540216167	1540216165	Tvty	39575	39	tr	Arçelik	Büyük yenileme hareketi ilk geri dönüşüm tesisi	Show TV	NULL	NULL	NULL
1540216548	1540216548	1540216546	Tvty	39575	39	tr	Arçelik	Büyük yenileme hareketi ilk geri dönüşüm tesisi	Skyturk 360	NULL	NULL	NULL
1540219528	1540219528	1540219526	Tvty	39575	39	tr	Arçelik	Büyük yenileme hareketi ilk geri dönüşüm tesisi	Show TV	NULL	NULL	NULL
1540216861	1540216861	1540216859	Tvty	39575	39	tr	Arçelik	Büyük yenileme hareketi ilk geri dönüşüm tesisi	Fox TV	NULL	NULL	NULL
1540222929	1540222929	1540222927	Tvty	39575	39	tr	Arçelik	Büyük yenileme hareketi ilk geri dönüşüm tesisi	Skyturk 360	NULL	NULL	NULL
1540225581	1540225581	1540225579	Tvty	39575	39	tr	Arçelik	Büyük yenileme hareketi ilk geri dönüşüm tesisi	Skyturk 360	NULL	NULL	NULL
1540227001	1540227001	1540226999	Tvty	39575	39	tr	Arçelik	Büyük yenileme hareketi ilk geri dönüşüm tesisi	ATV	NULL	NULL	NULL
1540226405	1540226405	1540226403	Tvty	39575	39	tr	Arçelik	Büyük yenileme hareketi ilk geri dönüşüm tesisi	Kanal 7	NULL	NULL	NULL
1540228188	1540228188	1540228186	Tvty	39575	39	tr	Arçelik	Büyük yenileme hareketi ilk geri dönüşüm tesisi	Show TV	NULL	NULL	NULL
1540229590	1540229590	1540229588	Tvty	39575	39	tr	Arçelik	Büyük yenileme hareketi ilk geri dönüşüm tesisi	ATV	NULL	NULL	NULL
1540232118	1540232118	1540232116	Tvty	39575	39	tr	Arçelik	Büyük yenileme hareketi ilk geri dönüşüm tesisi	Fox TV	NULL	NULL	NULL
1540234000	1540234000	1540233998	Tvty	39575	39	tr	Arçelik	Büyük yenileme hareketi ilk geri dönüşüm tesisi	TRT Haber	NULL	NULL	NULL
1540236642	1540236642	1540236641	Tvty	39575	39	tr	Arçelik	Büyük yenileme hareketi ilk geri dönüşüm tesisi	Skyturk 360	NULL	NULL	NULL
1540237891	1540237891	1540237890	Tvty	39575	39	tr	Arçelik	Büyük yenileme hareketi ilk geri dönüşüm tesisi	TRT Haber	NULL	NULL	NULL
1540236509	1540236509	1540236507	Tvty	39575	39	tr	Arçelik	Büyük yenileme hareketi ilk geri dönüşüm tesisi	Skyturk 360	NULL	NULL	NULL
1540238809	1540238809	1540238806	Tvty	39575	39	tr	Arçelik	Büyük yenileme hareketi ilk geri dönüşüm tesisi	TV8	NULL	NULL	NULL
1540240939	1540240939	1540240936	Tvty	39575	39	tr	Arçelik	Büyük yenileme hareketi ilk geri dönüşüm tesisi	Skyturk 360	NULL	NULL	NULL
1540240391	1540240391	1540240389	Tvty	39575	39	tr	Arçelik	Büyük yenileme hareketi ilk geri dönüşüm tesisi	Skyturk 360	NULL	NULL	NULL
1540241447	1540241447	1540241444	Tvty	39575	39	tr	Arçelik	Büyük yenileme hareketi ilk geri dönüşüm tesisi	Star TV	NULL	NULL	NULL
1540241195	1540241195	1540241193	Tvty	39575	39	tr	Arçelik	Büyük yenileme hareketi ilk geri dönüşüm tesisi	Fox TV	NULL	NULL	NULL
1540240495	1540240495	1540240493	Tvty	39575	39	tr	Arçelik	Büyük yenileme hareketi ilk geri dönüşüm tesisi	TRT 1	NULL	NULL	NULL
1540242062	1540242062	1540242059	Tvty	39575	39	tr	Arçelik	Büyük yenileme hareketi ilk geri dönüşüm tesisi	Fox TV	NULL	NULL	NULL
1540271674	1540271674	1540271671	Tvty	39575	39	tr	Arçelik	Büyük yenileme hareketi ilk geri dönüşüm tesisi	Show TV	NULL	NULL	NULL
1540277663	1540277663	1540277660	Tvty	39575	39	tr	Arçelik	Büyük yenileme hareketi ilk geri dönüşüm tesisi	Star TV	NULL	NULL	NULL
1540277037	1540277037	1540277035	Tvty	39575	39	tr	Arçelik	Büyük yenileme hareketi ilk geri dönüşüm tesisi	Fox TV	NULL	NULL	NULL
1540280179	1540280179	1540280177	Tvty	39575	39	tr	Arçelik	Büyük yenileme hareketi ilk geri dönüşüm tesisi	Skyturk 360	NULL	NULL	NULL
1540282065	1540282065	1540282063	Tvty	39575	39	tr	Arçelik	Büyük yenileme hareketi ilk geri dönüşüm tesisi	TRT 1	NULL	NULL	NULL
1540285642	1540285642	1540285637	Tvty	39575	39	tr	Arçelik	Büyük yenileme hareketi ilk geri dönüşüm tesisi	Skyturk 360	NULL	NULL	NULL
1540288607	1540288607	1540288605	Tvty	39575	39	tr	Arçelik	Büyük yenileme hareketi ilk geri dönüşüm tesisi	ATV	NULL	NULL	NULL
1540294081	1540294081	1540294079	Tvty	39575	39	tr	Arçelik	Büyük yenileme hareketi ilk geri dönüşüm tesisi	Kanal 7	NULL	NULL	NULL
1540299025	1540299025	1540299023	Tvty	39575	39	tr	Arçelik	Büyük yenileme hareketi ilk geri dönüşüm tesisi	TRT Haber	NULL	NULL	NULL
1540306112	1540306112	1540306110	Tvty	39575	39	tr	Arçelik	Büyük yenileme hareketi ilk geri dönüşüm tesisi	Skyturk 360	NULL	NULL	NULL
1540305964	1540305964	1540305962	Tvty	39575	39	tr	Arçelik	Büyük yenileme hareketi ilk geri dönüşüm tesisi	Skyturk 360	NULL	NULL	NULL
1540306380	1540306380	1540306378	Tvty	39575	39	tr	Arçelik	Büyük yenileme hareketi ilk geri dönüşüm tesisi	TV8	NULL	NULL	NULL
1540310133	1540310133	1540310131	Tvty	39575	39	tr	Arçelik	Büyük yenileme hareketi ilk geri dönüşüm tesisi	Skyturk 360	NULL	NULL	NULL
1540310350	1540310350	1540310346	Tvty	39575	39	tr	Arçelik	Büyük yenileme hareketi ilk geri dönüşüm tesisi	Skyturk 360	NULL	NULL	NULL
1540311683	1540311683	1540311681	Tvty	39575	39	tr	Arçelik	Büyük yenileme hareketi ilk geri dönüşüm tesisi	Skyturk 360	NULL	NULL	NULL
1540313146	1540313146	1540313144	Tvty	39575	39	tr	Arçelik	Büyük yenileme hareketi ilk geri dönüşüm tesisi	TRT Haber	NULL	NULL	NULL
1540313398	1540313398	1540313396	Tvty	39575	39	tr	Arçelik	Büyük yenileme hareketi ilk geri dönüşüm tesisi	Show TV	NULL	NULL	NULL
1540312507	1540312507	1540312505	Tvty	39575	39	tr	Arçelik	Büyük yenileme hareketi ilk geri dönüşüm tesisi	TRT 1	NULL	NULL	NULL
1540313443	1540313443	1540313396	Tvty	39575	39	tr	Arçelik	Büyük yenileme hareketi ilk geri dönüşüm tesisi	Show TV	NULL	NULL	NULL
1540312602	1540312602	1540312600	Tvty	39575	39	tr	Arçelik	Büyük yenileme hareketi ilk geri dönüşüm tesisi	Star TV	NULL	NULL	NULL
1540313404	1540313404	1540313403	Tvty	39575	39	tr	Arçelik	Büyük yenileme hareketi ilk geri dönüşüm tesisi	Fox TV	NULL	NULL	NULL
1540313404	1540313404	1540313396	Tvty	39575	39	tr	Arçelik	Büyük yenileme hareketi ilk geri dönüşüm tesisi	Show TV	NULL	NULL	NULL
1540317408	1540317408	1540317406	Tvty	39575	39	tr	Arçelik	Büyük yenileme hareketi ilk geri dönüşüm tesisi	TRT Haber	NULL	NULL	NULL
1540319605	1540319604	1540319602	Tvty	39575	39	tr	Arçelik	Büyük yenileme hareketi ilk geri dönüşüm tesisi	Skyturk 360	NULL	NULL	NULL
1540319718	1540319718	1540319716	Tvty	39575	39	tr	Arçelik	Büyük yenileme hareketi ilk geri dönüşüm tesisi	Skyturk 360	NULL	NULL	NULL
1540318490	1540318490	1540318489	Tvty	39575	39	tr	Arçelik	Büyük yenileme hareketi ilk geri dönüşüm tesisi	Kanal 7	NULL	NULL	NULL
1540321909	1540321909	1540321907	Tvty	39575	39	tr	Arçelik	Büyük yenileme hareketi ilk geri dönüşüm tesisi	Show TV	NULL	NULL	NULL
1540321313	1540321313	1540321311	Tvty	39575	39	tr	Arçelik	Büyük yenileme hareketi ilk geri dönüşüm tesisi	TV8	NULL	NULL	NULL
1540323124	1540323124	1540323121	Tvty	39575	39	tr	Arçelik	Büyük yenileme hareketi ilk geri dönüşüm tesisi	Skyturk 360	NULL	NULL	NULL
1540323425	1540323425	1540323423	Tvty	39575	39	tr	Arçelik	Büyük yenileme hareketi ilk geri dönüşüm tesisi	Star TV	NULL	NULL	NULL
1540324508	1540324508	1540324505	Tvty	39575	39	tr	Arçelik	Büyük yenileme hareketi ilk geri dönüşüm tesisi	Fox TV	NULL	NULL	NULL
1540326470	1540326470	1540326468	Tvty	39575	39	tr	Arçelik	Büyük yenileme hareketi ilk geri dönüşüm tesisi	TRT Haber	NULL	NULL	NULL
1540327262	1540327262	1540327260	Tvty	39575	39	tr	Arçelik	Büyük yenileme hareketi ilk geri dönüşüm tesisi	Star TV	NULL	NULL	NULL
1540327643	1540327643	1540327641	Tvty	39575	39	tr	Arçelik	Büyük yenileme hareketi ilk geri dönüşüm tesisi	Fox TV	NULL	NULL	NULL
1540329711	1540329711	1540329709	Tvty	39575	39	tr	Arçelik	Büyük yenileme hareketi ilk geri dönüşüm tesisi	Show TV	NULL	NULL	NULL
1540329179	1540329179	1540329177	Tvty	39575	39	tr	Arçelik	Büyük yenileme hareketi ilk geri dönüşüm tesisi	Fox TV	NULL	NULL	NULL
1540329971	1540329971	1540329969	Tvty	39575	39	tr	Arçelik	Büyük yenileme hareketi ilk geri dönüşüm tesisi	TV8	NULL	NULL	NULL
1540358012	1540358012	1540358010	Tvty	39575	39	tr	Arçelik	Büyük yenileme hareketi ilk geri dönüşüm tesisi	Show TV	NULL	NULL	NULL
1540357480	1540357480	1540357478	Tvty	39575	39	tr	Arçelik	Büyük yenileme hareketi ilk geri dönüşüm tesisi	Star TV	NULL	NULL	NULL
1540364017	1540364017	1540364015	Tvty	39575	39	tr	Arçelik	Büyük yenileme hareketi ilk geri dönüşüm tesisi	Star TV	NULL	NULL	NULL
1540366244	1540366244	1540366242	Tvty	39575	39	tr	Arçelik	Büyük yenileme hareketi ilk geri dönüşüm tesisi	Show TV	NULL	NULL	NULL
1540364596	1540364596	1540364594	Tvty	39575	39	tr	Arçelik	Büyük yenileme hareketi ilk geri dönüşüm tesisi	Fox TV	NULL	NULL	NULL
1540368692	1540368692	1540368690	Tvty	39575	39	tr	Arçelik	Büyük yenileme hareketi ilk geri dönüşüm tesisi	TRT 1	NULL	NULL	NULL
1540371185	1540371185	1540371183	Tvty	39575	39	tr	Arçelik	Büyük yenileme hareketi ilk geri dönüşüm tesisi	ATV	NULL	NULL	NULL
1540370554	1540370554	1540370552	Tvty	39575	39	tr	Arçelik	Büyük yenileme hareketi ilk geri dönüşüm tesisi	Skyturk 360	NULL	NULL	NULL
1540372925	1540372925	1540372923	Tvty	39575	39	tr	Arçelik	Büyük yenileme hareketi ilk geri dönüşüm tesisi	Kanal D	NULL	NULL	NULL
1540373041	1540373040	1540373039	Tvty	39575	39	tr	Arçelik	Büyük yenileme hareketi ilk geri dönüşüm tesisi	Kanal D	NULL	NULL	NULL
1540371936	1540371936	1540371933	Tvty	39575	39	tr	Arçelik	Büyük yenileme hareketi ilk geri dönüşüm tesisi	Skyturk 360	NULL	NULL	NULL
1540373323	1540373323	1540373320	Tvty	39575	39	tr	Arçelik	Büyük yenileme hareketi ilk geri dönüşüm tesisi	TRT Haber	NULL	NULL	NULL
1540374343	1540374343	1540374342	Tvty	39575	39	tr	Arçelik	Büyük yenileme hareketi ilk geri dönüşüm tesisi	Kanal 7	NULL	NULL	NULL
1540374230	1540374230	1540374228	Tvty	39575	39	tr	Arçelik	Büyük yenileme hareketi ilk geri dönüşüm tesisi	Fox TV	NULL	NULL	NULL
1540378612	1540378612	1540378609	Tvty	39575	39	tr	Arçelik	Büyük yenileme hareketi ilk geri dönüşüm tesisi	ATV	NULL	NULL	NULL
1540382213	1540382213	1540382211	Tvty	39575	39	tr	Arçelik	Büyük yenileme hareketi ilk geri dönüşüm tesisi	Skyturk 360	NULL	NULL	NULL
1540385399	1540385399	1540385397	Tvty	39575	39	tr	Arçelik	Büyük yenileme hareketi ilk geri dönüşüm tesisi	TV8	NULL	NULL	NULL
1540389312	1540389312	1540389311	Tvty	39575	39	tr	Arçelik	Büyük yenileme hareketi ilk geri dönüşüm tesisi	Kanal D	NULL	NULL	NULL
1540389069	1540389069	1540389068	Tvty	39575	39	tr	Arçelik	Büyük yenileme hareketi ilk geri dönüşüm tesisi	Skyturk 360	NULL	NULL	NULL
1540388949	1540388949	1540388947	Tvty	39575	39	tr	Arçelik	Büyük yenileme hareketi ilk geri dönüşüm tesisi	Show TV	NULL	NULL	NULL
1540395989	1540395989	1540395986	Tvty	39575	39	tr	Arçelik	Büyük yenileme hareketi ilk geri dönüşüm tesisi	Skyturk 360	NULL	NULL	NULL
1540396334	1540396334	1540396332	Tvty	39575	39	tr	Arçelik	Büyük yenileme hareketi ilk geri dönüşüm tesisi	Skyturk 360	NULL	NULL	NULL
1540396470	1540396470	1540396468	Tvty	39575	39	tr	Arçelik	Büyük yenileme hareketi ilk geri dönüşüm tesisi	TRT Haber	NULL	NULL	NULL
1540394474	1540394474	1540394471	Tvty	39575	39	tr	Arçelik	Büyük yenileme hareketi ilk geri dönüşüm tesisi	Show TV	NULL	NULL	NULL
1540393365	1540393365	1540393364	Tvty	39575	39	tr	Arçelik	Büyük yenileme hareketi ilk geri dönüşüm tesisi	TV8	NULL	NULL	NULL
1540398885	1540398885	1540398883	Tvty	39575	39	tr	Arçelik	Büyük yenileme hareketi ilk geri dönüşüm tesisi	Star TV	NULL	NULL	NULL
1540399642	1540399642	1540399640	Tvty	39575	39	tr	Arçelik	Büyük yenileme hareketi ilk geri dönüşüm tesisi	TRT Haber	NULL	NULL	NULL
1540399663	1540399663	1540399640	Tvty	39575	39	tr	Arçelik	Büyük yenileme hareketi ilk geri dönüşüm tesisi	TRT Haber	NULL	NULL	NULL
1540400021	1540400021	1540400018	Tvty	39575	39	tr	Arçelik	Büyük yenileme hareketi ilk geri dönüşüm tesisi	Show TV	NULL	NULL	NULL
1540399663	1540399663	1540399661	Tvty	39575	39	tr	Arçelik	Büyük yenileme hareketi ilk geri dönüşüm tesisi	TRT 1	NULL	NULL	NULL
1540400234	1540400234	1540400233	Tvty	39575	39	tr	Arçelik	Büyük yenileme hareketi ilk geri dönüşüm tesisi	Fox TV	NULL	NULL	NULL
1540400091	1540400091	1540400089	Tvty	39575	39	tr	Arçelik	Büyük yenileme hareketi ilk geri dönüşüm tesisi	ATV	NULL	NULL	NULL
1540400826	1540400826	1540400824	Tvty	39575	39	tr	Arçelik	Büyük yenileme hareketi ilk geri dönüşüm tesisi	Star TV	NULL	NULL	NULL
1540401167	1540401167	1540401165	Tvty	39575	39	tr	Arçelik	Büyük yenileme hareketi ilk geri dönüşüm tesisi	TRT 1	NULL	NULL	NULL
1540407253	1540407253	1540407250	Tvty	39575	39	tr	Arçelik	Büyük yenileme hareketi ilk geri dönüşüm tesisi	TRT 1	NULL	NULL	NULL
1540404662	1540404662	1540404660	Tvty	39575	39	tr	Arçelik	Büyük yenileme hareketi ilk geri dönüşüm tesisi	Kanal 7	NULL	NULL	NULL
1540406044	1540406044	1540406042	Tvty	39575	39	tr	Arçelik	Büyük yenileme hareketi ilk geri dönüşüm tesisi	Skyturk 360	NULL	NULL	NULL
1540411066	1540411066	1540411064	Tvty	39575	39	tr	Arçelik	Büyük yenileme hareketi ilk geri dönüşüm tesisi	TV8	NULL	NULL	NULL
1540410087	1540410087	1540410085	Tvty	39575	39	tr	Arçelik	Büyük yenileme hareketi ilk geri dönüşüm tesisi	Skyturk 360	NULL	NULL	NULL
1540409696	1540409696	1540409694	Tvty	39575	39	tr	Arçelik	Büyük yenileme hareketi ilk geri dönüşüm tesisi	Show TV	NULL	NULL	NULL
1540409262	1540409262	1540409260	Tvty	39575	39	tr	Arçelik	Büyük yenileme hareketi ilk geri dönüşüm tesisi	Fox TV	NULL	NULL	NULL
1540411534	1540411534	1540411530	Tvty	39575	39	tr	Arçelik	Büyük yenileme hareketi ilk geri dönüşüm tesisi	Star TV	NULL	NULL	NULL
1540411341	1540411341	1540411339	Tvty	39575	39	tr	Arçelik	Büyük yenileme hareketi ilk geri dönüşüm tesisi	TV8	NULL	NULL	NULL
1540413003	1540413003	1540413000	Tvty	39575	39	tr	Arçelik	Büyük yenileme hareketi ilk geri dönüşüm tesisi	Skyturk 360	NULL	NULL	NULL
1540413159	1540413159	1540413157	Tvty	39575	39	tr	Arçelik	Büyük yenileme hareketi ilk geri dönüşüm tesisi	Skyturk 360	NULL	NULL	NULL
1540413779	1540413779	1540413776	Tvty	39575	39	tr	Arçelik	Büyük yenileme hareketi ilk geri dönüşüm tesisi	Show TV	NULL	NULL	NULL
1540414524	1540414524	1540414522	Tvty	39575	39	tr	Arçelik	Büyük yenileme hareketi ilk geri dönüşüm tesisi	TRT 1	NULL	NULL	NULL
1540414871	1540414871	1540414869	Tvty	39575	39	tr	Arçelik	Büyük yenileme hareketi ilk geri dönüşüm tesisi	Kanal D	NULL	NULL	NULL
1540416269	1540416269	1540416266	Tvty	39575	39	tr	Arçelik	Büyük yenileme hareketi ilk geri dönüşüm tesisi	Star TV	NULL	NULL	NULL
1540416338	1540416338	1540416336	Tvty	39575	39	tr	Arçelik	Büyük yenileme hareketi ilk geri dönüşüm tesisi	ATV	NULL	NULL	NULL
1540415809	1540415809	1540415807	Tvty	39575	39	tr	Arçelik	Büyük yenileme hareketi ilk geri dönüşüm tesisi	ATV	NULL	NULL	NULL
1540451749	1540451749	1540451747	Tvty	39575	39	tr	Arçelik	Büyük yenileme hareketi ilk geri dönüşüm tesisi	Star TV	NULL	NULL	NULL
1540452286	1540452286	1540452284	Tvty	39575	39	tr	Arçelik	Büyük yenileme hareketi ilk geri dönüşüm tesisi	TV8	NULL	NULL	NULL
1540456346	1540456346	1540456344	Tvty	39575	39	tr	Arçelik	Büyük yenileme hareketi ilk geri dönüşüm tesisi	Skyturk 360	NULL	NULL	NULL
1540458405	1540458405	1540458402	Tvty	39575	39	tr	Arçelik	Büyük yenileme hareketi ilk geri dönüşüm tesisi	Skyturk 360	NULL	NULL	NULL
1540460712	1540460712	1540460710	Tvty	39575	39	tr	Arçelik	Büyük yenileme hareketi ilk geri dönüşüm tesisi	Kanal 7	NULL	NULL	NULL
1540461015	1540461015	1540461013	Tvty	39575	39	tr	Arçelik	Büyük yenileme hareketi ilk geri dönüşüm tesisi	ATV	NULL	NULL	NULL
1540461113	1540461113	1540461111	Tvty	39575	39	tr	Arçelik	Büyük yenileme hareketi ilk geri dönüşüm tesisi	TRT Haber	NULL	NULL	NULL
1540459482	1540459482	1540459480	Tvty	39575	39	tr	Arçelik	Büyük yenileme hareketi ilk geri dönüşüm tesisi	Kanal D	NULL	NULL	NULL
1540459536	1540459536	1540459534	Tvty	39575	39	tr	Arçelik	Büyük yenileme hareketi ilk geri dönüşüm tesisi	Star TV	NULL	NULL	NULL
1540468552	1540468552	1540468550	Tvty	39575	39	tr	Arçelik	Büyük yenileme hareketi ilk geri dönüşüm tesisi	Skyturk 360	NULL	NULL	NULL
1540468451	1540468451	1540468448	Tvty	39575	39	tr	Arçelik	Büyük yenileme hareketi ilk geri dönüşüm tesisi	Star TV	NULL	NULL	NULL
1540466839	1540466839	1540466837	Tvty	39575	39	tr	Arçelik	Büyük yenileme hareketi ilk geri dönüşüm tesisi	Kanal 7	NULL	NULL	NULL
1540471214	1540471214	1540471212	Tvty	39575	39	tr	Arçelik	Büyük yenileme hareketi ilk geri dönüşüm tesisi	TRT 1	NULL	NULL	NULL
1540472078	1540472078	1540472076	Tvty	39575	39	tr	Arçelik	Büyük yenileme hareketi ilk geri dönüşüm tesisi	TRT Haber	NULL	NULL	NULL
1540475784	1540475784	1540475782	Tvty	39575	39	tr	Arçelik	Büyük yenileme hareketi ilk geri dönüşüm tesisi	Skyturk 360	NULL	NULL	NULL
1540475605	1540475605	1540475603	Tvty	39575	39	tr	Arçelik	Büyük yenileme hareketi ilk geri dönüşüm tesisi	Show TV	NULL	NULL	NULL
1540476062	1540476062	1540476060	Tvty	39575	39	tr	Arçelik	Büyük yenileme hareketi ilk geri dönüşüm tesisi	Fox TV	NULL	NULL	NULL
1540479214	1540479214	1540479212	Tvty	39575	39	tr	Arçelik	Büyük yenileme hareketi ilk geri dönüşüm tesisi	Kanal D	NULL	NULL	NULL
1540482817	1540482817	1540482815	Tvty	39575	39	tr	Arçelik	Büyük yenileme hareketi ilk geri dönüşüm tesisi	Kanal 7	NULL	NULL	NULL
1540482465	1540482465	1540482463	Tvty	39575	39	tr	Arçelik	Büyük yenileme hareketi ilk geri dönüşüm tesisi	Skyturk 360	NULL	NULL	NULL
1540482188	1540482188	1540482187	Tvty	39575	39	tr	Arçelik	Büyük yenileme hareketi ilk geri dönüşüm tesisi	TV8	NULL	NULL	NULL
1540481208	1540481208	1540481205	Tvty	39575	39	tr	Arçelik	Büyük yenileme hareketi ilk geri dönüşüm tesisi	Show TV	NULL	NULL	NULL
1540486589	1540486589	1540486588	Tvty	39575	39	tr	Arçelik	Büyük yenileme hareketi ilk geri dönüşüm tesisi	Fox TV	NULL	NULL	NULL
1540486173	1540486173	1540486171	Tvty	39575	39	tr	Arçelik	Büyük yenileme hareketi ilk geri dönüşüm tesisi	TRT Haber	NULL	NULL	NULL
1540485795	1540485795	1540485792	Tvty	39575	39	tr	Arçelik	Büyük yenileme hareketi ilk geri dönüşüm tesisi	Star TV	NULL	NULL	NULL
1540486356	1540486356	1540486354	Tvty	39575	39	tr	Arçelik	Büyük yenileme hareketi ilk geri dönüşüm tesisi	TRT 1	NULL	NULL	NULL
1540486244	1540486244	1540486242	Tvty	39575	39	tr	Arçelik	Büyük yenileme hareketi ilk geri dönüşüm tesisi	ATV	NULL	NULL	NULL
1540484605	1540484605	1540484603	Tvty	39575	39	tr	Arçelik	Büyük yenileme hareketi ilk geri dönüşüm tesisi	Skyturk 360	NULL	NULL	NULL
1540484605	1540484605	1540484600	Tvty	39575	39	tr	Arçelik	Büyük yenileme hareketi ilk geri dönüşüm tesisi	TV8	NULL	NULL	NULL
1540484602	1540484602	1540484600	Tvty	39575	39	tr	Arçelik	Büyük yenileme hareketi ilk geri dönüşüm tesisi	TV8	NULL	NULL	NULL
1540487859	1540487859	1540487857	Tvty	39575	39	tr	Arçelik	Büyük yenileme hareketi ilk geri dönüşüm tesisi	Star TV	NULL	NULL	NULL
1540488651	1540488651	1540488649	Tvty	39575	39	tr	Arçelik	Büyük yenileme hareketi ilk geri dönüşüm tesisi	ATV	NULL	NULL	NULL
1540490063	1540490063	1540490060	Tvty	39575	39	tr	Arçelik	Büyük yenileme hareketi ilk geri dönüşüm tesisi	TV8	NULL	NULL	NULL
1540490206	1540490206	1540490205	Tvty	39575	39	tr	Arçelik	Büyük yenileme hareketi ilk geri dönüşüm tesisi	TRT Haber	NULL	NULL	NULL
1540493944	1540493944	1540493942	Tvty	39575	39	tr	Arçelik	Büyük yenileme hareketi ilk geri dönüşüm tesisi	TV8	NULL	NULL	NULL
1540492580	1540492580	1540492578	Tvty	39575	39	tr	Arçelik	Büyük yenileme hareketi ilk geri dönüşüm tesisi	Skyturk 360	NULL	NULL	NULL
1540492987	1540492987	1540492985	Tvty	39575	39	tr	Arçelik	Büyük yenileme hareketi ilk geri dönüşüm tesisi	Show TV	NULL	NULL	NULL
1540492003	1540492003	1540492001	Tvty	39575	39	tr	Arçelik	Büyük yenileme hareketi ilk geri dönüşüm tesisi	ATV	NULL	NULL	NULL
1540496379	1540496379	1540496378	Tvty	39575	39	tr	Arçelik	Büyük yenileme hareketi ilk geri dönüşüm tesisi	Skyturk 360	NULL	NULL	NULL
1540495204	1540495204	1540495202	Tvty	39575	39	tr	Arçelik	Büyük yenileme hareketi ilk geri dönüşüm tesisi	Star TV	NULL	NULL	NULL
1540496135	1540496135	1540496134	Tvty	39575	39	tr	Arçelik	Büyük yenileme hareketi ilk geri dönüşüm tesisi	ATV	NULL	NULL	NULL
1540497930	1540497930	1540497927	Tvty	39575	39	tr	Arçelik	Büyük yenileme hareketi ilk geri dönüşüm tesisi	Kanal 7	NULL	NULL	NULL
1540497957	1540497957	1540497927	Tvty	39575	39	tr	Arçelik	Büyük yenileme hareketi ilk geri dönüşüm tesisi	Kanal 7	NULL	NULL	NULL
1540497957	1540497957	1540497955	Tvty	39575	39	tr	Arçelik	Büyük yenileme hareketi ilk geri dönüşüm tesisi	TV8	NULL	NULL	NULL
1540499593	1540499593	1540499591	Tvty	39575	39	tr	Arçelik	Büyük yenileme hareketi ilk geri dönüşüm tesisi	Skyturk 360	NULL	NULL	NULL
1540500015	1540500015	1540500013	Tvty	39575	39	tr	Arçelik	Büyük yenileme hareketi ilk geri dönüşüm tesisi	Skyturk 360	NULL	NULL	NULL
1540499833	1540499833	1540499831	Tvty	39575	39	tr	Arçelik	Büyük yenileme hareketi ilk geri dönüşüm tesisi	Show TV	NULL	NULL	NULL
1540500937	1540500937	1540500935	Tvty	39575	39	tr	Arçelik	Büyük yenileme hareketi ilk geri dönüşüm tesisi	Star TV	NULL	NULL	NULL
1540502388	1540502388	1540502386	Tvty	39575	39	tr	Arçelik	Büyük yenileme hareketi ilk geri dönüşüm tesisi	Kanal D	NULL	NULL	NULL
1540501358	1540501358	1540501356	Tvty	39575	39	tr	Arçelik	Büyük yenileme hareketi ilk geri dönüşüm tesisi	ATV	NULL	NULL	NULL
1540502017	1540502017	1540502016	Tvty	39575	39	tr	Arçelik	Büyük yenileme hareketi ilk geri dönüşüm tesisi	Fox TV	NULL	NULL	NULL
1540501761	1540501761	1540501759	Tvty	39575	39	tr	Arçelik	Büyük yenileme hareketi ilk geri dönüşüm tesisi	Star TV	NULL	NULL	NULL
1540502019	1540502019	1540502018	Tvty	39575	39	tr	Arçelik	Büyük yenileme hareketi ilk geri dönüşüm tesisi	Show TV	NULL	NULL	NULL
1540502019	1540502019	1540502016	Tvty	39575	39	tr	Arçelik	Büyük yenileme hareketi ilk geri dönüşüm tesisi	Fox TV	NULL	NULL	NULL
1540536736	1540536736	1540536733	Tvty	39575	39	tr	Arçelik	Büyük yenileme hareketi ilk geri dönüşüm tesisi	Star TV	NULL	NULL	NULL
1540536273	1540536273	1540536271	Tvty	39575	39	tr	Arçelik	Büyük yenileme hareketi ilk geri dönüşüm tesisi	Fox TV	NULL	NULL	NULL
1540538748	1540538748	1540538746	Tvty	39575	39	tr	Arçelik	Büyük yenileme hareketi ilk geri dönüşüm tesisi	Star TV	NULL	NULL	NULL
1540539954	1540539954	1540539953	Tvty	39575	39	tr	Arçelik	Büyük yenileme hareketi ilk geri dönüşüm tesisi	ATV	NULL	NULL	NULL
1540543786	1540543785	1540543784	Tvty	39575	39	tr	Arçelik	Büyük yenileme hareketi ilk geri dönüşüm tesisi	ATV	NULL	NULL	NULL
1540542808	1540542808	1540542806	Tvty	39575	39	tr	Arçelik	Büyük yenileme hareketi ilk geri dönüşüm tesisi	Skyturk 360	NULL	NULL	NULL
1540542238	1540542238	1540542236	Tvty	39575	39	tr	Arçelik	Büyük yenileme hareketi ilk geri dönüşüm tesisi	Kanal D	NULL	NULL	NULL
1540546088	1540546088	1540546086	Tvty	39575	39	tr	Arçelik	Büyük yenileme hareketi ilk geri dönüşüm tesisi	TRT Haber	NULL	NULL	NULL
1540547429	1540547429	1540547427	Tvty	39575	39	tr	Arçelik	Büyük yenileme hareketi ilk geri dönüşüm tesisi	Show TV	NULL	NULL	NULL
1540548832	1540548832	1540548830	Tvty	39575	39	tr	Arçelik	Büyük yenileme hareketi ilk geri dönüşüm tesisi	Skyturk 360	NULL	NULL	NULL
1540548655	1540548655	1540548653	Tvty	39575	39	tr	Arçelik	Büyük yenileme hareketi ilk geri dönüşüm tesisi	TV8	NULL	NULL	NULL
1540554813	1540554813	1540554811	Tvty	39575	39	tr	Arçelik	Büyük yenileme hareketi ilk geri dönüşüm tesisi	Skyturk 360	NULL	NULL	NULL
1540553834	1540553834	1540553832	Tvty	39575	39	tr	Arçelik	Büyük yenileme hareketi ilk geri dönüşüm tesisi	Show TV	NULL	NULL	NULL
1540552971	1540552971	1540552968	Tvty	39575	39	tr	Arçelik	Büyük yenileme hareketi ilk geri dönüşüm tesisi	Kanal 7	NULL	NULL	NULL
1540553238	1540553238	1540553236	Tvty	39575	39	tr	Arçelik	Büyük yenileme hareketi ilk geri dönüşüm tesisi	Kanal 7	NULL	NULL	NULL
1540558307	1540558307	1540558305	Tvty	39575	39	tr	Arçelik	Büyük yenileme hareketi ilk geri dönüşüm tesisi	ATV	NULL	NULL	NULL
1540557432	1540557432	1540557430	Tvty	39575	39	tr	Arçelik	Büyük yenileme hareketi ilk geri dönüşüm tesisi	TRT 1	NULL	NULL	NULL
1540558891	1540558891	1540558889	Tvty	39575	39	tr	Arçelik	Büyük yenileme hareketi ilk geri dönüşüm tesisi	Fox TV	NULL	NULL	NULL
1540565251	1540565251	1540565249	Tvty	39575	39	tr	Arçelik	Büyük yenileme hareketi ilk geri dönüşüm tesisi	Skyturk 360	NULL	NULL	NULL
1540565709	1540565709	1540565707	Tvty	39575	39	tr	Arçelik	Büyük yenileme hareketi ilk geri dönüşüm tesisi	Show TV	NULL	NULL	NULL
1540569170	1540569170	1540569168	Tvty	39575	39	tr	Arçelik	Büyük yenileme hareketi ilk geri dönüşüm tesisi	Skyturk 360	NULL	NULL	NULL
1540566254	1540566254	1540566252	Tvty	39575	39	tr	Arçelik	Büyük yenileme hareketi ilk geri dönüşüm tesisi	TV8	NULL	NULL	NULL
1540571204	1540571204	1540571202	Tvty	39575	39	tr	Arçelik	Büyük yenileme hareketi ilk geri dönüşüm tesisi	Skyturk 360	NULL	NULL	NULL
1540575739	1540575739	1540575737	Tvty	39575	39	tr	Arçelik	Büyük yenileme hareketi ilk geri dönüşüm tesisi	ATV	NULL	NULL	NULL
1540574057	1540574057	1540574056	Tvty	39575	39	tr	Arçelik	Büyük yenileme hareketi ilk geri dönüşüm tesisi	Fox TV	NULL	NULL	NULL
1540574183	1540574183	1540574181	Tvty	39575	39	tr	Arçelik	Büyük yenileme hareketi ilk geri dönüşüm tesisi	Star TV	NULL	NULL	NULL
1540574436	1540574436	1540574434	Tvty	39575	39	tr	Arçelik	Büyük yenileme hareketi ilk geri dönüşüm tesisi	TRT 1	NULL	NULL	NULL
1540578621	1540578621	1540578619	Tvty	39575	39	tr	Arçelik	Büyük yenileme hareketi ilk geri dönüşüm tesisi	Skyturk 360	NULL	NULL	NULL
1540582786	1540582786	1540582784	Tvty	39575	39	tr	Arçelik	Büyük yenileme hareketi ilk geri dönüşüm tesisi	Skyturk 360	NULL	NULL	NULL
1540585835	1540585835	1540585833	Tvty	39575	39	tr	Arçelik	Büyük yenileme hareketi ilk geri dönüşüm tesisi	Skyturk 360	NULL	NULL	NULL
1540586355	1540586355	1540586353	Tvty	39575	39	tr	Arçelik	Büyük yenileme hareketi ilk geri dönüşüm tesisi	Skyturk 360	NULL	NULL	NULL
1540587272	1540587272	1540587270	Tvty	39575	39	tr	Arçelik	Büyük yenileme hareketi ilk geri dönüşüm tesisi	Show TV	NULL	NULL	NULL
1540590982	1540590982	1540590980	Tvty	39575	39	tr	Arçelik	Büyük yenileme hareketi ilk geri dönüşüm tesisi	TRT Haber	NULL	NULL	NULL
1540588505	1540588505	1540588503	Tvty	39575	39	tr	Arçelik	Büyük yenileme hareketi ilk geri dönüşüm tesisi	Kanal 7	NULL	NULL	NULL
1540624248	1540624248	1540624247	Tvty	39575	39	tr	Arçelik	Büyük yenileme hareketi ilk geri dönüşüm tesisi	Kanal D	NULL	NULL	NULL
1540628676	1540628676	1540628674	Tvty	39575	39	tr	Arçelik	Büyük yenileme hareketi ilk geri dönüşüm tesisi	Skyturk 360	NULL	NULL	NULL
1540628906	1540628906	1540628904	Tvty	39575	39	tr	Arçelik	Büyük yenileme hareketi ilk geri dönüşüm tesisi	Skyturk 360	NULL	NULL	NULL
1540633337	1540633337	1540633334	Tvty	39575	39	tr	Arçelik	Büyük yenileme hareketi ilk geri dönüşüm tesisi	TRT 1	NULL	NULL	NULL
1540634115	1540634115	1540634113	Tvty	39575	39	tr	Arçelik	Büyük yenileme hareketi ilk geri dönüşüm tesisi	Show TV	NULL	NULL	NULL
1540634102	1540634102	1540634101	Tvty	39575	39	tr	Arçelik	Büyük yenileme hareketi ilk geri dönüşüm tesisi	TRT Haber	NULL	NULL	NULL
1540634115	1540634115	1540634101	Tvty	39575	39	tr	Arçelik	Büyük yenileme hareketi ilk geri dönüşüm tesisi	TRT Haber	NULL	NULL	NULL
1540637647	1540637647	1540637645	Tvty	39575	39	tr	Arçelik	Büyük yenileme hareketi ilk geri dönüşüm tesisi	ATV	NULL	NULL	NULL
1540641332	1540641332	1540641330	Tvty	39575	39	tr	Arçelik	Büyük yenileme hareketi ilk geri dönüşüm tesisi	Star TV	NULL	NULL	NULL
1540644691	1540644691	1540644690	Tvty	39575	39	tr	Arçelik	Büyük yenileme hareketi ilk geri dönüşüm tesisi	TRT Haber	NULL	NULL	NULL
1540644561	1540644561	1540644559	Tvty	39575	39	tr	Arçelik	Büyük yenileme hareketi ilk geri dönüşüm tesisi	Kanal 7	NULL	NULL	NULL
1540648454	1540648454	1540648452	Tvty	39575	39	tr	Arçelik	Büyük yenileme hareketi ilk geri dönüşüm tesisi	Skyturk 360	NULL	NULL	NULL
1540651328	1540651328	1540651326	Tvty	39575	39	tr	Arçelik	Büyük yenileme hareketi ilk geri dönüşüm tesisi	Skyturk 360	NULL	NULL	NULL
1540650992	1540650992	1540650990	Tvty	39575	39	tr	Arçelik	Büyük yenileme hareketi ilk geri dönüşüm tesisi	Skyturk 360	NULL	NULL	NULL
1540655372	1540655372	1540655370	Tvty	39575	39	tr	Arçelik	Büyük yenileme hareketi ilk geri dönüşüm tesisi	TRT Haber	NULL	NULL	NULL
1540655842	1540655842	1540655841	Tvty	39575	39	tr	Arçelik	Büyük yenileme hareketi ilk geri dönüşüm tesisi	Skyturk 360	NULL	NULL	NULL
1540658313	1540658313	1540658311	Tvty	39575	39	tr	Arçelik	Büyük yenileme hareketi ilk geri dönüşüm tesisi	Skyturk 360	NULL	NULL	NULL
1540657745	1540657745	1540657743	Tvty	39575	39	tr	Arçelik	Büyük yenileme hareketi ilk geri dönüşüm tesisi	Skyturk 360	NULL	NULL	NULL
1540657396	1540657396	1540657395	Tvty	39575	39	tr	Arçelik	Büyük yenileme hareketi ilk geri dönüşüm tesisi	TV8	NULL	NULL	NULL
1540659819	1540659819	1540659818	Tvty	39575	39	tr	Arçelik	Büyük yenileme hareketi ilk geri dönüşüm tesisi	ATV	NULL	NULL	NULL
1540660420	1540660420	1540660417	Tvty	39575	39	tr	Arçelik	Büyük yenileme hareketi ilk geri dönüşüm tesisi	Star TV	NULL	NULL	NULL
1540661968	1540661968	1540661966	Tvty	39575	39	tr	Arçelik	Büyük yenileme hareketi ilk geri dönüşüm tesisi	Skyturk 360	NULL	NULL	NULL
1540661233	1540661233	1540661231	Tvty	39575	39	tr	Arçelik	Büyük yenileme hareketi ilk geri dönüşüm tesisi	TRT 1	NULL	NULL	NULL
1540661778	1540661778	1540661776	Tvty	39575	39	tr	Arçelik	Büyük yenileme hareketi ilk geri dönüşüm tesisi	Skyturk 360	NULL	NULL	NULL
1540666216	1540666216	1540666214	Tvty	39575	39	tr	Arçelik	Büyük yenileme hareketi ilk geri dönüşüm tesisi	Fox TV	NULL	NULL	NULL
1540669096	1540669096	1540669094	Tvty	39575	39	tr	Arçelik	Büyük yenileme hareketi ilk geri dönüşüm tesisi	Skyturk 360	NULL	NULL	NULL
1540669312	1540669312	1540669310	Tvty	39575	39	tr	Arçelik	Büyük yenileme hareketi ilk geri dönüşüm tesisi	Kanal 7	NULL	NULL	NULL
1540673296	1540673296	1540673295	Tvty	39575	39	tr	Arçelik	Büyük yenileme hareketi ilk geri dönüşüm tesisi	Skyturk 360	NULL	NULL	NULL
1540674616	1540674616	1540674613	Tvty	39575	39	tr	Arçelik	Büyük yenileme hareketi ilk geri dönüşüm tesisi	Show TV	NULL	NULL	NULL
1540707320	1540707320	1540707318	Tvty	39575	39	tr	Arçelik	Büyük yenileme hareketi ilk geri dönüşüm tesisi	Fox TV	NULL	NULL	NULL
1540709805	1540709805	1540709803	Tvty	39575	39	tr	Arçelik	Büyük yenileme hareketi ilk geri dönüşüm tesisi	Skyturk 360	NULL	NULL	NULL
1540709742	1540709742	1540709741	Tvty	39575	39	tr	Arçelik	Büyük yenileme hareketi ilk geri dönüşüm tesisi	Kanal D	NULL	NULL	NULL
1540710319	1540710319	1540710317	Tvty	39575	39	tr	Arçelik	Büyük yenileme hareketi ilk geri dönüşüm tesisi	ATV	NULL	NULL	NULL
1540716646	1540716646	1540716644	Tvty	39575	39	tr	Arçelik	Büyük yenileme hareketi ilk geri dönüşüm tesisi	Skyturk 360	NULL	NULL	NULL
1540715657	1540715657	1540715655	Tvty	39575	39	tr	Arçelik	Büyük yenileme hareketi ilk geri dönüşüm tesisi	TV8	NULL	NULL	NULL
1540719157	1540719157	1540719155	Tvty	39575	39	tr	Arçelik	Büyük yenileme hareketi ilk geri dönüşüm tesisi	Skyturk 360	NULL	NULL	NULL
1540737613	1540737613	1540737611	Tvty	39575	39	tr	Arçelik	Büyük yenileme hareketi ilk geri dönüşüm tesisi	TRT 1	NULL	NULL	NULL
1540738004	1540738004	1540738002	Tvty	39575	39	tr	Arçelik	Büyük yenileme hareketi ilk geri dönüşüm tesisi	Skyturk 360	NULL	NULL	NULL
1540737715	1540737715	1540737713	Tvty	39575	39	tr	Arçelik	Büyük yenileme hareketi ilk geri dönüşüm tesisi	Skyturk 360	NULL	NULL	NULL
1540740048	1540740048	1540740044	Tvty	39575	27	tr	Arçelik	Arçelik'te 2018'e Efsane Başlangıç	TV8	NULL	NULL	NULL
1540742255	1540742255	1540742253	Tvty	39575	39	tr	Arçelik	Büyük yenileme hareketi ilk geri dönüşüm tesisi	Skyturk 360	NULL	NULL	NULL
1540745868	1540745868	1540745866	Tvty	39575	39	tr	Arçelik	Büyük yenileme hareketi ilk geri dönüşüm tesisi	Skyturk 360	NULL	NULL	NULL
1540745498	1540745498	1540745496	Tvty	39575	39	tr	Arçelik	Büyük yenileme hareketi ilk geri dönüşüm tesisi	TRT Haber	NULL	NULL	NULL
1540749198	1540749198	1540749196	Tvty	39575	39	tr	Arçelik	Büyük yenileme hareketi ilk geri dönüşüm tesisi	Kanal D	NULL	NULL	NULL
1540747625	1540747625	1540747622	Tvty	39575	39	tr	Arçelik	Büyük yenileme hareketi ilk geri dönüşüm tesisi	TRT 1	NULL	NULL	NULL
1540748351	1540748351	1540748350	Tvty	39575	39	tr	Arçelik	Büyük yenileme hareketi ilk geri dönüşüm tesisi	Skyturk 360	NULL	NULL	NULL
1540749100	1540749100	1540749098	Tvty	39575	39	tr	Arçelik	Büyük yenileme hareketi ilk geri dönüşüm tesisi	TRT Haber	NULL	NULL	NULL
1540752258	1540752258	1540752257	Tvty	39575	39	tr	Arçelik	Büyük yenileme hareketi ilk geri dönüşüm tesisi	Skyturk 360	NULL	NULL	NULL
1540751905	1540751905	1540751903	Tvty	39575	39	tr	Arçelik	Büyük yenileme hareketi ilk geri dönüşüm tesisi	Star TV	NULL	NULL	NULL
1540751613	1540751613	1540751610	Tvty	39575	39	tr	Arçelik	Büyük yenileme hareketi ilk geri dönüşüm tesisi	Show TV	NULL	NULL	NULL
1540753102	1540753102	1540753100	Tvty	39575	39	tr	Arçelik	Büyük yenileme hareketi ilk geri dönüşüm tesisi	Fox TV	NULL	NULL	NULL
1540756690	1540756690	1540756688	Tvty	39575	39	tr	Arçelik	Büyük yenileme hareketi ilk geri dönüşüm tesisi	Fox TV	NULL	NULL	NULL
WARN: The method class org.apache.commons.logging.impl.SLF4JLogFactory#release() was invoked.
WARN: Please see http://www.slf4j.org/codes.html#release for an explanation.
