Datetime;Action;Param1;Param2;Param3;Param4;Param5;"Event date";"Sync time"
"2018-11-25 23:37:40";Start;Germany;N24;TUI;"Discover your smile (Urlaub nur für uns)";18157899;"2018-11-25 23:37:40";246:49:50
"2018-11-25 22:37:09";Start;Germany;N24;TUI;"Discover your smile (Urlaub nur für uns)";18157297;"2018-11-25 22:37:09";245:49:19
"2018-11-25 22:36:53";Start;Germany;VOX;TUI;"Discover your smile (Urlaub nur für uns)";18157293;"2018-11-25 22:36:53";245:49:03
"2018-11-25 20:42:56";Start;Germany;Sixx;TUI;"Discover your smile (Urlaub nur für uns)";18156082;"2018-11-25 20:42:56";243:55:06
"2018-11-25 20:38:25";Start;Germany;DMAX;TUI;"Discover your smile (Urlaub nur für uns)";18156007;"2018-11-25 20:38:25";243:50:35
"2018-11-25 20:37:25";Start;Germany;"Sat.1 Gold";TUI;"Discover your smile (Urlaub nur für uns)";18155993;"2018-11-25 20:37:25";243:49:35
"2018-11-25 19:19:17";Start;Germany;"Kabel 1";TUI;"Discover your smile (Urlaub nur für uns)";18155174;"2018-11-25 19:19:17";242:31:27
"2018-11-25 18:51:04";Start;Germany;"RTL II";TUI;"Discover your smile (Urlaub nur für uns)";18154913;"2018-11-25 18:51:04";242:03:14
"2018-11-25 16:24:25";Start;Germany;N24;TUI;"Discover your smile (Urlaub nur für uns)";18153286;"2018-11-25 16:24:25";239:36:35
"2018-11-25 13:43:24";Start;Germany;Sat1;TUI;"Discover your smile (Urlaub nur für uns)";18151551;"2018-11-25 13:43:24";236:55:34
"2018-11-25 10:26:44";Start;Germany;N24;TUI;"Discover your smile (Urlaub nur für uns)";18149410;"2018-11-25 10:26:44";233:38:54
"2018-11-25 09:41:31";Start;Germany;Sport1;TUI;"Discover your smile (Urlaub nur für uns)";18148929;"2018-11-25 09:41:31";232:53:41
"2018-11-25 07:51:48";Start;Germany;N24;TUI;"Discover your smile (Urlaub nur für uns)";18147929;"2018-11-25 07:51:48";231:03:58
"2018-11-24 22:45:09";Start;Germany;"Kabel 1";TUI;"Discover your smile (Urlaub nur für uns)";18145171;"2018-11-24 22:45:09";221:57:19
"2018-11-24 22:44:54";Start;Germany;N24;TUI;"Discover your smile (Urlaub nur für uns)";18145173;"2018-11-24 22:44:54";221:57:04
;;Germany;"Kabel 1";TUI;"Discover your smile (Urlaub nur für uns)";18145171;;
"2018-11-24 22:44:47";Start;Germany;"Kabel 1";TUI;"Discover your smile (Urlaub nur für uns)";18145171;"2018-11-24 22:44:47";221:56:57
"2018-11-24 21:39:04";Start;Germany;DMAX;TUI;"Discover your smile (Urlaub nur für uns)";18144533;"2018-11-24 21:39:04";220:51:14
"2018-11-24 20:45:02";Start;Germany;N24;TUI;"Discover your smile (Urlaub nur für uns)";18143962;"2018-11-24 20:45:02";219:57:12
"2018-11-24 20:07:54";Start;Germany;VOX;TUI;"Discover your smile (Urlaub nur für uns)";18143621;"2018-11-24 20:07:53";219:20:04
"2018-11-24 19:05:42";Start;Germany;DMAX;TUI;"Discover your smile (Urlaub nur für uns)";18142859;"2018-11-24 19:05:42";218:17:52
"2018-11-24 15:45:51";Start;Germany;Sat1;TUI;"Discover your smile (Urlaub nur für uns)";18140659;"2018-11-24 15:45:51";214:58:01
"2018-11-24 15:30:24";Start;Germany;"RTL Television";TUI;"Discover your smile (Urlaub nur für uns)";18140524;"2018-11-24 15:30:24";214:42:34
"2018-11-24 14:47:48";Start;Germany;"Sat.1 Gold";TUI;"Discover your smile (Urlaub nur für uns)";18139974;"2018-11-24 14:47:48";213:59:58
"2018-11-24 14:26:40";Start;Germany;N24;TUI;"Discover your smile (Urlaub nur für uns)";18139782;"2018-11-24 14:26:40";213:38:50
"2018-11-24 12:25:36";Start;Germany;ProSieben;TUI;"Discover your smile (Urlaub nur für uns)";18138565;"2018-11-24 12:25:36";211:37:46
"2018-11-24 10:46:38";Start;Germany;N24;TUI;"Discover your smile (Urlaub nur für uns)";18137581;"2018-11-24 10:46:38";209:58:48
"2018-11-24 09:45:26";Start;Germany;DMAX;TUI;"Discover your smile (Urlaub nur für uns)";18136931;"2018-11-24 09:45:26";208:57:36
"2018-11-24 07:55:18";Start;Germany;ProSieben;TUI;"Discover your smile (Urlaub nur für uns)";18135928;"2018-11-24 07:55:18";207:07:28
"2018-11-24 00:40:55";Start;Germany;"RTL II";TUI;"Discover your smile (Urlaub nur für uns)";18134207;"2018-11-24 00:40:55";199:53:05
"2018-11-24 00:10:10";Start;Germany;DMAX;TUI;"Discover your smile (Urlaub nur für uns)";18133983;"2018-11-24 00:10:10";199:22:20
"2018-11-23 23:19:05";Start;Germany;"RTL II";TUI;"Discover your smile (Urlaub nur für uns)";18133478;"2018-11-23 23:19:05";198:31:15
"2018-11-23 23:01:23";Start;Germany;Sat1;TUI;"Discover your smile (Urlaub nur für uns)";18133344;"2018-11-23 23:01:23";198:13:33
"2018-11-23 22:36:18";Start;Germany;N24;TUI;"Discover your smile (Urlaub nur für uns)";18133055;"2018-11-23 22:36:18";197:48:28
"2018-11-23 21:53:12";Start;Germany;N24;TUI;"Discover your smile (Urlaub nur für uns)";18132618;"2018-11-23 21:53:12";197:05:22
"2018-11-23 21:43:47";Start;Germany;"Kabel 1";TUI;"Discover your smile (Urlaub nur für uns)";18132507;"2018-11-23 21:43:47";196:55:57
"2018-11-23 21:10:13";Start;Germany;"RTL II";TUI;"Discover your smile (Urlaub nur für uns)";18132150;"2018-11-23 21:10:13";196:22:23
"2018-11-23 20:48:24";Start;Germany;"SUPER RTL";TUI;"Discover your smile (Urlaub nur für uns)";18131926;"2018-11-23 20:48:24";196:00:34
"2018-11-23 20:42:38";Start;Germany;"Kabel 1";TUI;"Discover your smile (Urlaub nur für uns)";18131817;"2018-11-23 20:42:38";195:54:48
"2018-11-23 20:30:10";Start;Germany;N24;TUI;"Discover your smile (Urlaub nur für uns)";18131663;"2018-11-23 20:30:10";195:42:20
"2018-11-23 20:02:57";Start;Germany;DMAX;TUI;"Discover your smile (Urlaub nur für uns)";18131410;"2018-11-23 20:02:57";195:15:07
"2018-11-23 19:44:19";Start;Germany;"RTL Television";TUI;"Discover your smile (Urlaub nur für uns)";18131186;"2018-11-23 19:44:19";194:56:29
"2018-11-23 19:27:14";Start;Germany;"RTL II";TUI;"Discover your smile (Urlaub nur für uns)";18130986;"2018-11-23 19:27:14";194:39:24
"2018-11-23 19:06:11";Start;Germany;DMAX;TUI;"Discover your smile (Urlaub nur für uns)";18130720;"2018-11-23 19:06:11";194:18:21
"2018-11-23 18:38:34";Start;Germany;Sport1;TUI;"Discover your smile (Urlaub nur für uns)";18130375;"2018-11-23 18:38:34";193:50:44
"2018-11-23 17:40:49";Start;Germany;DMAX;TUI;"Discover your smile (Urlaub nur für uns)";18129734;"2018-11-23 17:40:49";192:52:59
"2018-11-23 15:46:44";Start;Germany;"Sat.1 Gold";TUI;"Discover your smile (Urlaub nur für uns)";18128492;"2018-11-23 15:46:44";190:58:54
"2018-11-23 15:23:39";Start;Germany;ProSieben;TUI;"Discover your smile (Urlaub nur für uns)";18128240;"2018-11-23 15:23:39";190:35:49
"2018-11-23 14:35:52";Start;Germany;"RTL Television";TUI;"Discover your smile (Urlaub nur für uns)";18127682;"2018-11-23 14:35:52";189:48:02
"2018-11-23 11:54:51";Start;Germany;N24;TUI;"Discover your smile (Urlaub nur für uns)";18126048;"2018-11-23 11:54:51";187:07:01
"2018-11-23 09:57:54";Start;Germany;N24;TUI;"Discover your smile (Urlaub nur für uns)";18124845;"2018-11-23 09:57:54";185:10:04
"2018-11-23 09:54:57";Start;Germany;"RTL II";TUI;"Discover your smile (Urlaub nur für uns)";18124808;"2018-11-23 09:54:57";185:07:07
"2018-11-23 09:44:15";Start;Germany;DMAX;TUI;"Discover your smile (Urlaub nur für uns)";18124678;"2018-11-23 09:44:15";184:56:25
;;Germany;N24;TUI;"Discover your smile (Urlaub nur für uns)";18124677;;
"2018-11-23 09:44:14";Start;Germany;N24;TUI;"Discover your smile (Urlaub nur für uns)";18124677;"2018-11-23 09:44:14";184:56:24
"2018-11-23 09:25:42";Start;Germany;ProSieben;TUI;"Discover your smile (Urlaub nur für uns)";18124491;"2018-11-23 09:25:42";184:37:52
"2018-11-23 08:48:39";Start;Germany;N24;TUI;"Discover your smile (Urlaub nur für uns)";18124127;"2018-11-23 08:48:39";184:00:49
"2018-11-23 07:42:05";Start;Germany;N24;TUI;"Discover your smile (Urlaub nur für uns)";18123481;"2018-11-23 07:42:05";182:54:15
"2018-11-23 06:36:28";Start;Germany;N24;TUI;"Discover your smile (Urlaub nur für uns)";18122939;"2018-11-23 06:36:28";181:48:38
"2018-11-23 00:20:06";Start;Germany;"SUPER RTL";TUI;"Discover your smile (Urlaub nur für uns)";18121813;"2018-11-23 00:20:06";175:32:16
"2018-11-22 22:59:25";Start;Germany;Sat1;TUI;"Discover your smile (Urlaub nur für uns)";18121147;"2018-11-22 22:59:25";174:11:35
"2018-11-22 21:42:41";Start;Germany;N24;TUI;"Discover your smile (Urlaub nur für uns)";18120316;"2018-11-22 21:42:41";172:54:51
"2018-11-22 21:21:08";Start;Germany;"Kabel 1";TUI;"Discover your smile (Urlaub nur für uns)";18120083;"2018-11-22 21:21:08";172:33:18
"2018-11-22 21:17:21";Start;Germany;ProSieben;TUI;"Discover your smile (Urlaub nur für uns)";18120057;"2018-11-22 21:17:21";172:29:31
"2018-11-22 20:50:10";Start;Germany;"Kabel 1";TUI;"Discover your smile (Urlaub nur für uns)";18119801;"2018-11-22 20:50:10";172:02:20
"2018-11-22 20:45:39";Start;Germany;"SUPER RTL";TUI;"Discover your smile (Urlaub nur für uns)";18119736;"2018-11-22 20:45:39";171:57:49
"2018-11-22 20:44:36";Start;Germany;Sat1;TUI;"Discover your smile (Urlaub nur für uns)";18119720;"2018-11-22 20:44:36";171:56:46
"2018-11-22 20:42:38";Start;Germany;ProSieben;TUI;"Discover your smile (Urlaub nur für uns)";18119687;"2018-11-22 20:42:38";171:54:48
"2018-11-22 20:06:22";Start;Germany;N24;TUI;"Discover your smile (Urlaub nur für uns)";18119346;"2018-11-22 20:06:22";171:18:32
"2018-11-22 20:04:01";Start;Germany;DMAX;TUI;"Discover your smile (Urlaub nur für uns)";18119298;"2018-11-22 20:04:01";171:16:11
"2018-11-22 19:58:15";Start;Germany;"Sat.1 Gold";TUI;"Discover your smile (Urlaub nur für uns)";18119222;"2018-11-22 19:58:15";171:10:25
"2018-11-22 19:22:09";Start;Germany;"RTL II";TUI;"Discover your smile (Urlaub nur für uns)";18118758;"2018-11-22 19:22:09";170:34:19
;;Germany;Sport1;TUI;"Discover your smile (Urlaub nur für uns)";18118756;;
"2018-11-22 19:21:59";Start;Germany;Sport1;TUI;"Discover your smile (Urlaub nur für uns)";18118756;"2018-11-22 19:21:59";170:34:09
"2018-11-22 17:36:23";Start;Germany;ProSieben;TUI;"Discover your smile (Urlaub nur für uns)";18117511;"2018-11-22 17:36:23";168:48:33
"2018-11-22 14:58:28";Start;Germany;N24;TUI;"Discover your smile (Urlaub nur für uns)";18115902;"2018-11-22 14:58:28";166:10:38
"2018-11-22 14:47:07";Start;Germany;"RTL Television";TUI;"Discover your smile (Urlaub nur für uns)";18115776;"2018-11-22 14:47:07";165:59:17
"2018-11-22 14:39:41";Start;Germany;DMAX;TUI;"Discover your smile (Urlaub nur für uns)";18115731;"2018-11-22 14:39:41";165:51:51
"2018-11-22 14:06:19";Start;Germany;DMAX;TUI;"Discover your smile (Urlaub nur für uns)";18115409;"2018-11-22 14:06:19";165:18:29
"2018-11-22 13:26:16";Start;Germany;Sat1;TUI;"Discover your smile (Urlaub nur für uns)";18114998;"2018-11-22 13:26:16";164:38:26
"2018-11-22 13:07:26";Start;Germany;DMAX;TUI;"Discover your smile (Urlaub nur für uns)";18114832;"2018-11-22 13:07:26";164:19:36
"2018-11-22 11:28:13";Start;Germany;N24;TUI;"Discover your smile (Urlaub nur für uns)";18113813;"2018-11-22 11:28:13";162:40:23
"2018-11-22 10:54:53";Start;Germany;N24;TUI;"Discover your smile (Urlaub nur für uns)";18113535;"2018-11-22 10:54:53";162:07:03
"2018-11-22 10:49:06";Start;Germany;ProSieben;TUI;"Discover your smile (Urlaub nur für uns)";18113483;"2018-11-22 10:49:06";162:01:16
"2018-11-22 10:41:26";Start;Germany;"RTL Television";TUI;"Discover your smile (Urlaub nur für uns)";18113375;"2018-11-22 10:41:26";161:53:36
"2018-11-22 09:16:21";Start;Germany;DMAX;TUI;"Discover your smile (Urlaub nur für uns)";18112470;"2018-11-22 09:16:21";160:28:31
"2018-11-22 08:29:44";Start;Germany;N24;TUI;"Discover your smile (Urlaub nur für uns)";18112072;"2018-11-22 08:29:44";159:41:54
"2018-11-22 07:56:25";Start;Germany;N24;TUI;"Discover your smile (Urlaub nur für uns)";18111802;"2018-11-22 07:56:25";159:08:35
"2018-11-22 07:09:40";Start;Germany;VOX;TUI;"Discover your smile (Urlaub nur für uns)";18111324;"2018-11-22 07:09:40";158:21:50
"2018-11-22 06:34:43";Start;Germany;N24;TUI;"Discover your smile (Urlaub nur für uns)";18111099;"2018-11-22 06:34:43";157:46:53
"2018-11-21 23:32:58";Start;Germany;"RTL Television";TUI;"Discover your smile (Urlaub nur für uns)";18109505;"2018-11-21 23:32:58";150:45:08
"2018-11-21 23:04:38";Start;Germany;"RTL II";TUI;"Discover your smile (Urlaub nur für uns)";18109251;"2018-11-21 23:04:38";150:16:48
"2018-11-21 22:28:06";Start;Germany;N24;TUI;"Discover your smile (Urlaub nur für uns)";18108850;"2018-11-21 22:28:06";149:40:16
"2018-11-21 22:27:41";Start;Germany;Sport1;TUI;"Discover your smile (Urlaub nur für uns)";18108843;"2018-11-21 22:27:41";149:39:51
"2018-11-21 21:49:13";Start;Germany;"RTL II";TUI;"Discover your smile (Urlaub nur für uns)";18108447;"2018-11-21 21:49:13";149:01:23
"2018-11-21 21:36:27";Start;Germany;N24;TUI;"Discover your smile (Urlaub nur für uns)";18108257;"2018-11-21 21:36:27";148:48:37
"2018-11-21 20:50:59";Start;Germany;"Kabel 1";TUI;"Discover your smile (Urlaub nur für uns)";18107822;"2018-11-21 20:50:59";148:03:09
"2018-11-21 20:50:39";Start;Germany;"RTL II";TUI;"Discover your smile (Urlaub nur für uns)";18107817;"2018-11-21 20:50:39";148:02:49
"2018-11-21 20:21:17";Start;Germany;N24;TUI;"Discover your smile (Urlaub nur für uns)";18107483;"2018-11-21 20:21:17";147:33:27
"2018-11-21 20:04:51";Start;Germany;DMAX;TUI;"Discover your smile (Urlaub nur für uns)";18107309;"2018-11-21 20:04:51";147:17:01
"2018-11-21 18:50:06";Start;Germany;VOX;TUI;"Discover your smile (Urlaub nur für uns)";18106435;"2018-11-21 18:50:06";146:02:16
"2018-11-21 16:48:52";Start;Germany;Sat1;TUI;"Discover your smile (Urlaub nur für uns)";18105022;"2018-11-21 16:48:52";144:01:02
"2018-11-21 16:03:48";Start;Germany;DMAX;TUI;"Discover your smile (Urlaub nur für uns)";18104537;"2018-11-21 16:03:48";143:15:58
"2018-11-21 15:09:12";Start;Germany;DMAX;TUI;"Discover your smile (Urlaub nur für uns)";18103929;"2018-11-21 15:09:11";142:21:22
"2018-11-21 14:49:07";Start;Germany;"RTL Television";TUI;"Discover your smile (Urlaub nur für uns)";18103756;"2018-11-21 14:49:07";142:01:17
"2018-11-21 14:31:13";Start;Germany;"RTL Television";TUI;"Discover your smile (Urlaub nur für uns)";18103513;"2018-11-21 14:31:13";141:43:23
"2018-11-21 14:03:18";Start;Germany;DMAX;TUI;"Discover your smile (Urlaub nur für uns)";18103265;"2018-11-21 14:03:18";141:15:28
"2018-11-21 13:09:36";Start;Germany;DMAX;TUI;"Discover your smile (Urlaub nur für uns)";18102693;"2018-11-21 13:09:36";140:21:46
"2018-11-21 12:58:11";Start;Germany;N24;TUI;"Discover your smile (Urlaub nur für uns)";18102638;"2018-11-21 12:58:11";140:10:21
"2018-11-21 12:48:13";Start;Germany;Sat1;TUI;"Discover your smile (Urlaub nur für uns)";18102521;"2018-11-21 12:48:13";140:00:23
"2018-11-21 12:32:42";Start;Germany;VOX;TUI;"Discover your smile (Urlaub nur für uns)";18102321;"2018-11-21 12:32:42";139:44:52
"2018-11-21 11:31:02";Start;Germany;N24;TUI;"Discover your smile (Urlaub nur für uns)";18101654;"2018-11-21 11:31:02";138:43:12
"2018-11-21 10:49:04";Start;Germany;N24;TUI;"Discover your smile (Urlaub nur für uns)";18101243;"2018-11-21 10:49:04";138:01:14
"2018-11-21 10:44:08";Start;Germany;"RTL Television";TUI;"Discover your smile (Urlaub nur für uns)";18101174;"2018-11-21 10:44:08";137:56:18
"2018-11-21 10:14:16";Start;Germany;"RTL Television";TUI;"Discover your smile (Urlaub nur für uns)";18100881;"2018-11-21 10:14:16";137:26:26
"2018-11-21 09:15:21";Start;Germany;DMAX;TUI;"Discover your smile (Urlaub nur für uns)";18100324;"2018-11-21 09:15:21";136:27:31
"2018-11-21 09:00:38";Start;Germany;ProSieben;TUI;"Discover your smile (Urlaub nur für uns)";18100238;"2018-11-21 09:00:38";136:12:48
"2018-11-21 08:51:18";Start;Germany;"RTL Television";TUI;"Discover your smile (Urlaub nur für uns)";18100145;"2018-11-21 08:51:18";136:03:28
"2018-11-21 08:46:30";Start;Germany;N24;TUI;"Discover your smile (Urlaub nur für uns)";18100079;"2018-11-21 08:46:30";135:58:40
"2018-11-21 07:47:05";Start;Germany;Sat1;TUI;"Discover your smile (Urlaub nur für uns)";18099554;"2018-11-21 07:47:05";134:59:15
"2018-11-21 07:27:21";Start;Germany;N24;TUI;"Discover your smile (Urlaub nur für uns)";18099297;"2018-11-21 07:27:21";134:39:31
"2018-11-20 23:51:43";Start;Germany;"RTL II";TUI;"Discover your smile (Urlaub nur für uns)";18097499;"2018-11-20 23:51:43";127:03:53
"2018-11-20 23:24:20";Start;Germany;"RTL II";TUI;"Discover your smile (Urlaub nur für uns)";18097266;"2018-11-20 23:24:20";126:36:30
"2018-11-20 22:46:21";Start;Germany;N24;TUI;"Discover your smile (Urlaub nur für uns)";18096902;"2018-11-20 22:46:21";125:58:31
"2018-11-20 22:45:25";Start;Germany;"RTL Television";TUI;"Discover your smile (Urlaub nur für uns)";18096889;"2018-11-20 22:45:25";125:57:35
"2018-11-20 21:18:40";Start;Germany;"Kabel 1";TUI;"Discover your smile (Urlaub nur für uns)";18096004;"2018-11-20 21:18:40";124:30:50
"2018-11-20 20:54:40";Start;Germany;"Kabel 1";TUI;"Discover your smile (Urlaub nur für uns)";18095752;"2018-11-20 20:54:40";124:06:50
"2018-11-20 20:43:12";Start;Germany;N24;TUI;"Discover your smile (Urlaub nur für uns)";18095639;"2018-11-20 20:43:12";123:55:22
"2018-11-20 20:40:58";Start;Germany;Sixx;TUI;"Discover your smile (Urlaub nur für uns)";18095599;"2018-11-20 20:40:58";123:53:08
"2018-11-20 20:06:58";Start;Germany;DMAX;TUI;"Discover your smile (Urlaub nur für uns)";18095210;"2018-11-20 20:06:58";123:19:08
"2018-11-20 20:01:50";Start;Germany;"RTL II";TUI;"Discover your smile (Urlaub nur für uns)";18095134;"2018-11-20 20:01:50";123:14:00
"2018-11-20 19:09:36";Start;Germany;N24;TUI;"Discover your smile (Urlaub nur für uns)";18094548;"2018-11-20 19:09:36";122:21:46
"2018-11-20 18:32:10";Start;Germany;VOX;TUI;"Discover your smile (Urlaub nur für uns)";18094072;"2018-11-20 18:32:10";121:44:20
;;Germany;"RTL II";TUI;"Discover your smile (Urlaub nur für uns)";18094070;;
"2018-11-20 18:31:55";Start;Germany;"RTL II";TUI;"Discover your smile (Urlaub nur für uns)";18094070;"2018-11-20 18:31:55";121:44:05
"2018-11-20 18:24:32";Start;Germany;Sport1;TUI;"Discover your smile (Urlaub nur für uns)";18094002;"2018-11-20 18:24:32";121:36:42
"2018-11-20 16:34:39";Start;Germany;DMAX;TUI;"Discover your smile (Urlaub nur für uns)";18092844;"2018-11-20 16:34:39";119:46:49
"2018-11-20 15:48:33";Start;Germany;ProSieben;TUI;"Discover your smile (Urlaub nur für uns)";18092372;"2018-11-20 15:48:33";119:00:43
"2018-11-20 15:45:42";Start;Germany;"RTL II";TUI;"Discover your smile (Urlaub nur für uns)";18092339;"2018-11-20 15:45:42";118:57:52
"2018-11-20 15:40:56";Start;Germany;DMAX;TUI;"Discover your smile (Urlaub nur für uns)";18092298;"2018-11-20 15:40:56";118:53:06
"2018-11-20 14:48:49";Start;Germany;"RTL Television";TUI;"Discover your smile (Urlaub nur für uns)";18091756;"2018-11-20 14:48:49";118:00:59
"2018-11-20 14:39:27";Start;Germany;DMAX;TUI;"Discover your smile (Urlaub nur für uns)";18091627;"2018-11-20 14:39:27";117:51:37
"2018-11-20 14:22:56";Start;Germany;"RTL II";TUI;"Discover your smile (Urlaub nur für uns)";18091438;"2018-11-20 14:22:56";117:35:06
"2018-11-20 13:48:15";Start;Germany;Sat1;TUI;"Discover your smile (Urlaub nur für uns)";18091132;"2018-11-20 13:48:15";117:00:25
"2018-11-20 13:39:28";Start;Germany;DMAX;TUI;"Discover your smile (Urlaub nur für uns)";18091056;"2018-11-20 13:39:28";116:51:38
"2018-11-20 12:54:59";Start;Germany;N24;TUI;"Discover your smile (Urlaub nur für uns)";18090615;"2018-11-20 12:54:59";116:07:09
"2018-11-20 12:50:03";Start;Germany;Sat1;TUI;"Discover your smile (Urlaub nur für uns)";18090553;"2018-11-20 12:50:03";116:02:13
"2018-11-20 11:28:45";Start;Germany;N24;TUI;"Discover your smile (Urlaub nur für uns)";18089706;"2018-11-20 11:28:45";114:40:55
"2018-11-20 10:43:12";Start;Germany;"RTL Television";TUI;"Discover your smile (Urlaub nur für uns)";18089265;"2018-11-20 10:43:12";113:55:22
"2018-11-20 08:44:49";Start;Germany;N24;TUI;"Discover your smile (Urlaub nur für uns)";18088089;"2018-11-20 08:44:49";111:56:59
"2018-11-20 07:44:02";Start;Germany;Sat1;TUI;"Discover your smile (Urlaub nur für uns)";18087514;"2018-11-20 07:44:02";110:56:12
"2018-11-20 07:27:48";Start;Germany;N24;TUI;"Discover your smile (Urlaub nur für uns)";18087375;"2018-11-20 07:27:48";110:39:58
"2018-11-20 06:55:14";Start;Germany;"RTL Television";TUI;"Discover your smile (Urlaub nur für uns)";18087155;"2018-11-20 06:55:14";110:07:24
"2018-11-20 06:36:45";Start;Germany;N24;TUI;"Discover your smile (Urlaub nur für uns)";18086977;"2018-11-20 06:36:45";109:48:55
"2018-11-19 23:50:07";Start;Germany;N24;TUI;"Discover your smile (Urlaub nur für uns)";18085652;"2018-11-19 23:50:07";103:02:17
"2018-11-19 22:52:11";Start;Germany;"RTL Television";TUI;"Discover your smile (Urlaub nur für uns)";18085110;"2018-11-19 22:52:11";102:04:21
"2018-11-19 22:43:44";Start;Germany;N24;TUI;"Discover your smile (Urlaub nur für uns)";18085006;"2018-11-19 22:43:44";101:55:54
"2018-11-19 22:02:44";Start;Germany;"Kabel 1";TUI;"Discover your smile (Urlaub nur für uns)";18084646;"2018-11-19 22:02:44";101:14:54
"2018-11-19 21:44:16";Start;Germany;N24;TUI;"Discover your smile (Urlaub nur für uns)";18084439;"2018-11-19 21:44:16";100:56:26
"2018-11-19 21:13:15";Start;Germany;"Kabel 1";TUI;"Discover your smile (Urlaub nur für uns)";18084158;"2018-11-19 21:13:15";100:25:25
"2018-11-19 20:40:56";Start;Germany;"RTL II";TUI;"Discover your smile (Urlaub nur für uns)";18083821;"2018-11-19 20:40:56";99:53:06
"2018-11-19 20:07:03";Start;Germany;N24;TUI;"Discover your smile (Urlaub nur für uns)";18083482;"2018-11-19 20:07:03";99:19:13
"2018-11-19 19:55:48";Start;Germany;"Sat.1 Gold";TUI;"Discover your smile (Urlaub nur für uns)";18083340;"2018-11-19 19:55:48";99:07:58
"2018-11-19 19:46:58";Start;Germany;"Kabel 1";TUI;"Discover your smile (Urlaub nur für uns)";18083250;"2018-11-19 19:46:58";98:59:08
"2018-11-19 19:39:01";Start;Germany;DMAX;TUI;"Discover your smile (Urlaub nur für uns)";18083089;"2018-11-19 19:39:01";98:51:11
"2018-11-19 18:25:49";Start;Germany;"RTL II";TUI;"Discover your smile (Urlaub nur für uns)";18082271;"2018-11-19 18:25:49";97:37:59
"2018-11-19 18:19:10";Start;Germany;Sport1;TUI;"Discover your smile (Urlaub nur für uns)";18082180;"2018-11-19 18:19:10";97:31:20
"2018-11-19 18:08:21";Start;Germany;DMAX;TUI;"Discover your smile (Urlaub nur für uns)";18082052;"2018-11-19 18:08:21";97:20:31
"2018-11-19 17:35:42";Start;Germany;N24;TUI;"Discover your smile (Urlaub nur für uns)";18081632;"2018-11-19 17:35:42";96:47:52
"2018-11-19 16:35:39";Start;Germany;DMAX;TUI;"Discover your smile (Urlaub nur für uns)";18081035;"2018-11-19 16:35:39";95:47:49
"2018-11-19 15:50:53";Start;Germany;Sat1;TUI;"Discover your smile (Urlaub nur für uns)";18080618;"2018-11-19 15:50:53";95:03:03
"2018-11-19 15:46:02";Start;Germany;"RTL II";TUI;"Discover your smile (Urlaub nur für uns)";18080547;"2018-11-19 15:46:02";94:58:12
"2018-11-19 15:37:05";Start;Germany;DMAX;TUI;"Discover your smile (Urlaub nur für uns)";18080425;"2018-11-19 15:37:05";94:49:15
"2018-11-19 14:57:27";Start;Germany;N24;TUI;"Discover your smile (Urlaub nur für uns)";18080048;"2018-11-19 14:57:27";94:09:37
"2018-11-19 14:51:02";Start;Germany;"RTL Television";TUI;"Discover your smile (Urlaub nur für uns)";18079981;"2018-11-19 14:51:02";94:03:12
"2018-11-19 14:36:29";Start;Germany;DMAX;TUI;"Discover your smile (Urlaub nur für uns)";18079779;"2018-11-19 14:36:29";93:48:39
"2018-11-19 14:30:16";Start;Germany;"RTL Television";TUI;"Discover your smile (Urlaub nur für uns)";18079704;"2018-11-19 14:30:16";93:42:26
"2018-11-19 14:11:50";Start;Germany;VOX;TUI;"Discover your smile (Urlaub nur für uns)";18079530;"2018-11-19 14:11:50";93:24:00
"2018-11-19 14:04:48";Start;Germany;DMAX;TUI;"Discover your smile (Urlaub nur für uns)";18079490;"2018-11-19 14:04:48";93:16:58
"2018-11-19 13:58:02";Start;Germany;N24;TUI;"Discover your smile (Urlaub nur für uns)";18079460;"2018-11-19 13:58:02";93:10:12
"2018-11-19 13:40:20";Start;Germany;Sat1;TUI;"Discover your smile (Urlaub nur für uns)";18079266;"2018-11-19 13:40:20";92:52:30
"2018-11-19 12:04:34";Start;Germany;DMAX;TUI;"Discover your smile (Urlaub nur für uns)";18078250;"2018-11-19 12:04:34";91:16:44
"2018-11-19 11:53:36";Start;Germany;N24;TUI;"Discover your smile (Urlaub nur für uns)";18078171;"2018-11-19 11:53:36";91:05:46
"2018-11-19 11:47:36";Start;Germany;Sat1;TUI;"Discover your smile (Urlaub nur für uns)";18078113;"2018-11-19 11:47:36";90:59:46
"2018-11-19 10:53:14";Start;Germany;Sat1;TUI;"Discover your smile (Urlaub nur für uns)";18077562;"2018-11-19 10:53:14";90:05:24
"2018-11-19 10:45:31";Start;Germany;"RTL Television";TUI;"Discover your smile (Urlaub nur für uns)";18077463;"2018-11-19 10:45:31";89:57:41
"2018-11-19 10:15:02";Start;Germany;"RTL Television";TUI;"Discover your smile (Urlaub nur für uns)";18077139;"2018-11-19 10:15:02";89:27:12
"2018-11-19 09:29:41";Start;Germany;"RTL II";TUI;"Discover your smile (Urlaub nur für uns)";18076680;"2018-11-19 09:29:41";88:41:51
"2018-11-19 08:55:59";Start;Germany;N24;TUI;"Discover your smile (Urlaub nur für uns)";18076388;"2018-11-19 08:55:59";88:08:09
"2018-11-19 08:51:21";Start;Germany;"RTL Television";TUI;"Discover your smile (Urlaub nur für uns)";18076346;"2018-11-19 08:51:21";88:03:31
"2018-11-19 06:17:50";Start;Germany;N24;TUI;"Discover your smile (Urlaub nur für uns)";18074956;"2018-11-19 06:17:50";85:30:00
"2018-11-19 00:43:41";Start;Germany;Sat1;TUI;"Discover your smile (Urlaub nur für uns)";18074202;"2018-11-19 00:43:41";79:55:51
"2018-11-19 00:01:47";Start;Germany;ProSieben;TUI;"Discover your smile (Urlaub nur für uns)";18073819;"2018-11-19 00:01:47";79:13:57
"2018-11-18 22:08:03";Start;Germany;DMAX;TUI;"Discover your smile (Urlaub nur für uns)";18072703;"2018-11-18 22:08:03";77:20:13
"2018-11-18 21:03:20";Start;Germany;VOX;TUI;"Discover your smile (Urlaub nur für uns)";18072046;"2018-11-18 21:03:20";76:15:30
"2018-11-18 20:41:31";Start;Germany;"RTL II";TUI;"Discover your smile (Urlaub nur für uns)";18071801;"2018-11-18 20:41:31";75:53:41
"2018-11-18 19:38:48";Start;Germany;DMAX;TUI;"Discover your smile (Urlaub nur für uns)";18071128;"2018-11-18 19:38:48";74:50:58
"2018-11-18 19:10:07";Start;Germany;N24;TUI;"Discover your smile (Urlaub nur für uns)";18070859;"2018-11-18 19:10:07";74:22:17
"2018-11-18 17:50:58";Start;Germany;Sat1;TUI;"Discover your smile (Urlaub nur für uns)";18070001;"2018-11-18 17:50:58";73:03:08
"2018-11-18 15:18:41";Start;Germany;"Kabel 1";TUI;"Discover your smile (Urlaub nur für uns)";18068418;"2018-11-18 15:18:41";70:30:51
"2018-11-18 14:09:17";Start;Germany;DMAX;TUI;"Discover your smile (Urlaub nur für uns)";18067593;"2018-11-18 14:09:17";69:21:27
"2018-11-18 11:39:16";Start;Germany;"RTL II";TUI;"Discover your smile (Urlaub nur für uns)";18065989;"2018-11-18 11:39:16";66:51:26
"2018-11-18 11:25:17";Start;Germany;"Kabel 1";TUI;"Discover your smile (Urlaub nur für uns)";18065847;"2018-11-18 11:25:17";66:37:27
"2018-11-18 11:04:55";Start;Germany;"RTL II";TUI;"Discover your smile (Urlaub nur für uns)";18065638;"2018-11-18 11:04:55";66:17:05
"2018-11-18 10:40:51";Start;Germany;ProSieben;TUI;"Discover your smile (Urlaub nur für uns)";18065415;"2018-11-18 10:40:51";65:53:01
"2018-11-18 10:37:13";Start;Germany;DMAX;TUI;"Discover your smile (Urlaub nur für uns)";18065377;"2018-11-18 10:37:13";65:49:23
"2018-11-18 10:29:39";Start;Germany;N24;TUI;"Discover your smile (Urlaub nur für uns)";18065295;"2018-11-18 10:29:39";65:41:49
"2018-11-18 08:05:35";Start;Germany;VOX;TUI;"Discover your smile (Urlaub nur für uns)";18063850;"2018-11-18 08:05:35";63:17:45
"2018-11-17 23:39:42";Start;Germany;DMAX;TUI;"Discover your smile (Urlaub nur für uns)";18061514;"2018-11-17 23:39:42";54:51:52
"2018-11-17 22:53:48";Start;Germany;"SUPER RTL";TUI;"Discover your smile (Urlaub nur für uns)";18061075;"2018-11-17 22:53:48";54:05:58
"2018-11-17 21:45:15";Start;Germany;N24;TUI;"Discover your smile (Urlaub nur für uns)";18060414;"2018-11-17 21:45:15";52:57:25
"2018-11-17 21:10:07";Start;Germany;Sport1;TUI;"Discover your smile (Urlaub nur für uns)";18060014;"2018-11-17 21:10:07";52:22:17
"2018-11-17 21:03:38";Start;Germany;"Kabel 1";TUI;"Discover your smile (Urlaub nur für uns)";18059940;"2018-11-17 21:03:37";52:15:48
"2018-11-17 20:47:33";Start;Germany;Sat1;TUI;"Discover your smile (Urlaub nur für uns)";18059809;"2018-11-17 20:47:33";51:59:43
"2018-11-17 19:50:23";Start;Germany;"Kabel 1";TUI;"Discover your smile (Urlaub nur für uns)";18059185;"2018-11-17 19:50:23";51:02:33
"2018-11-17 16:46:35";Start;Germany;ProSieben;TUI;"Discover your smile (Urlaub nur für uns)";18057213;"2018-11-17 16:46:35";47:58:45
"2018-11-17 14:54:18";Start;Germany;"Sat.1 Gold";TUI;"Discover your smile (Urlaub nur für uns)";18056076;"2018-11-17 14:54:18";46:06:28
"2018-11-17 14:31:47";Start;Germany;N24;TUI;"Discover your smile (Urlaub nur für uns)";18055754;"2018-11-17 14:31:47";45:43:57
"2018-11-17 13:58:46";Start;Germany;Sat1;TUI;"Discover your smile (Urlaub nur für uns)";18055470;"2018-11-17 13:58:46";45:10:56
"2018-11-17 13:34:26";Start;Germany;DMAX;TUI;"Discover your smile (Urlaub nur für uns)";18055185;"2018-11-17 13:34:26";44:46:36
"2018-11-17 13:28:09";Start;Germany;N24;TUI;"Discover your smile (Urlaub nur für uns)";18055129;"2018-11-17 13:28:09";44:40:19
"2018-11-17 13:04:35";Start;Germany;"RTL II";TUI;"Discover your smile (Urlaub nur für uns)";18054867;"2018-11-17 13:04:35";44:16:45
"2018-11-17 10:44:11";Start;Germany;N24;TUI;"Discover your smile (Urlaub nur für uns)";18053514;"2018-11-17 10:44:11";41:56:21
"2018-11-17 10:37:07";Start;Germany;DMAX;TUI;"Discover your smile (Urlaub nur für uns)";18053445;"2018-11-17 10:37:07";41:49:17
"2018-11-17 10:24:41";Start;Germany;"Kabel 1";TUI;"Discover your smile (Urlaub nur für uns)";18053295;"2018-11-17 10:24:41";41:36:51
"2018-11-17 09:40:59";Start;Germany;N24;TUI;"Discover your smile (Urlaub nur für uns)";18052880;"2018-11-17 09:40:59";40:53:09
"2018-11-17 09:19:14";Start;Germany;"Kabel 1";TUI;"Discover your smile (Urlaub nur für uns)";18052630;"2018-11-17 09:19:14";40:31:24
"2018-11-17 06:50:52";Start;Germany;ProSieben;TUI;"Discover your smile (Urlaub nur für uns)";18051424;"2018-11-17 06:50:52";38:03:02
"2018-11-17 06:42:07";Start;Germany;N24;TUI;"Discover your smile (Urlaub nur für uns)";18051344;"2018-11-17 06:42:07";37:54:17
"2018-11-17 00:00:19";Start;Germany;Sat1;TUI;"Discover your smile (Urlaub nur für uns)";18050013;"2018-11-17 00:00:19";31:12:29
"2018-11-16 23:26:48";Start;Germany;VOX;TUI;"Discover your smile (Urlaub nur für uns)";18049686;"2018-11-16 23:26:48";30:38:58
"2018-11-16 23:01:02";Start;Germany;"Kabel 1";TUI;"Discover your smile (Urlaub nur für uns)";18049483;"2018-11-16 23:01:02";30:13:12
"2018-11-16 22:19:10";Start;Germany;Sport1;TUI;"Discover your smile (Urlaub nur für uns)";18049036;"2018-11-16 22:19:10";29:31:20
"2018-11-16 21:42:20";Start;Germany;N24;TUI;"Discover your smile (Urlaub nur für uns)";18048652;"2018-11-16 21:42:20";28:54:30
"2018-11-16 21:39:51";Start;Germany;DMAX;TUI;"Discover your smile (Urlaub nur für uns)";18048599;"2018-11-16 21:39:51";28:52:01
"2018-11-16 21:29:46";Start;Germany;VOX;TUI;"Discover your smile (Urlaub nur für uns)";18048531;"2018-11-16 21:29:46";28:41:56
"2018-11-16 21:22:14";Start;Germany;"RTL Television";TUI;"Discover your smile (Urlaub nur für uns)";18048466;"2018-11-16 21:22:14";28:34:24
"2018-11-16 20:42:20";Start;Germany;"Kabel 1";TUI;"Discover your smile (Urlaub nur für uns)";18048016;"2018-11-16 20:42:20";27:54:30
"2018-11-16 20:31:10";Start;Germany;Sport1;TUI;"Discover your smile (Urlaub nur für uns)";18047892;"2018-11-16 20:31:10";27:43:20
"2018-11-16 19:54:56";Start;Germany;Sport1;TUI;"Discover your smile (Urlaub nur für uns)";18047550;"2018-11-16 19:54:56";27:07:06
"2018-11-16 19:10:12";Start;Germany;N24;TUI;"Discover your smile (Urlaub nur für uns)";18047029;"2018-11-16 19:10:12";26:22:22
"2018-11-16 17:52:47";Start;Germany;N24;TUI;"Discover your smile (Urlaub nur für uns)";18046195;"2018-11-16 17:52:47";25:04:57
"2018-11-16 16:58:18";Start;Germany;N24;TUI;"Discover your smile (Urlaub nur für uns)";18045607;"2018-11-16 16:58:18";24:10:28
"2018-11-16 16:33:15";Start;Germany;"Kabel 1";TUI;"Discover your smile (Urlaub nur für uns)";18045332;"2018-11-16 16:33:15";23:45:25
"2018-11-16 15:53:53";Start;Germany;Sport1;TUI;"Discover your smile (Urlaub nur für uns)";18044983;"2018-11-16 15:53:53";23:06:03
"2018-11-16 15:14:14";Start;Germany;"Kabel 1";TUI;"Discover your smile (Urlaub nur für uns)";18044532;"2018-11-16 15:14:14";22:26:24
"2018-11-16 15:07:09";Start;Germany;ProSieben;TUI;"Discover your smile (Urlaub nur für uns)";18044413;"2018-11-16 15:07:09";22:19:19
"2018-11-16 12:12:46";Start;Germany;VOX;TUI;"Discover your smile (Urlaub nur für uns)";18042699;"2018-11-16 12:12:46";19:24:56
"2018-11-16 11:24:34";Start;Germany;"Kabel 1";TUI;"Discover your smile (Urlaub nur für uns)";18042245;"2018-11-16 11:24:34";18:36:44
"2018-11-16 10:55:13";Start;Germany;N24;TUI;"Discover your smile (Urlaub nur für uns)";18041997;"2018-11-16 10:55:13";18:07:23
"2018-11-16 10:45:46";Start;Germany;"RTL II";TUI;"Discover your smile (Urlaub nur für uns)";18041913;"2018-11-16 10:45:46";17:57:56
"2018-11-16 10:34:37";Start;Germany;"RTL II";TUI;"Discover your smile (Urlaub nur für uns)";18041763;"2018-11-16 10:34:37";17:46:47
"2018-11-16 10:06:10";Start;Germany;"Kabel 1";TUI;"Discover your smile (Urlaub nur für uns)";18041467;"2018-11-16 10:06:10";17:18:20
"2018-11-16 09:20:42";Start;Germany;ProSieben;TUI;"Discover your smile (Urlaub nur für uns)";18041027;"2018-11-16 09:20:42";16:32:52
"2018-11-16 09:15:31";Start;Germany;DMAX;TUI;"Discover your smile (Urlaub nur für uns)";18040964;"2018-11-16 09:15:31";16:27:41
"2018-11-16 08:47:41";Start;Germany;"Kabel 1";TUI;"Discover your smile (Urlaub nur für uns)";18040769;"2018-11-16 08:47:41";15:59:51
"2018-11-16 08:29:09";Start;Germany;"RTL II";TUI;"Discover your smile (Urlaub nur für uns)";18040592;"2018-11-16 08:29:09";15:41:19
"2018-11-16 07:47:18";Start;Germany;N24;TUI;"Discover your smile (Urlaub nur für uns)";18040232;"2018-11-16 07:47:18";14:59:28
"2018-11-16 06:56:47";Start;Germany;"RTL Television";TUI;"Discover your smile (Urlaub nur für uns)";18039836;"2018-11-16 06:56:47";14:08:57
"2018-11-15 23:02:15";Start;Germany;Sat1;TUI;"Discover your smile (Urlaub nur für uns)";18037765;"2018-11-15 23:02:15";06:14:25
"2018-11-15 22:32:01";Start;Germany;Sport1;TUI;"Discover your smile (Urlaub nur für uns)";18037465;"2018-11-15 22:32:01";05:44:11
"2018-11-15 22:10:04";Start;Germany;Sport1;TUI;"Discover your smile (Urlaub nur für uns)";18037270;"2018-11-15 22:10:04";05:22:14
"2018-11-15 21:38:05";Start;Germany;DMAX;TUI;"Discover your smile (Urlaub nur für uns)";18036897;"2018-11-15 21:38:05";04:50:15
"2018-11-15 20:49:48";Start;Germany;ProSieben;TUI;"Discover your smile (Urlaub nur für uns)";18036429;"2018-11-15 20:49:48";04:01:58
"2018-11-15 20:36:31";Start;Germany;Sat1;TUI;"Discover your smile (Urlaub nur für uns)";18036252;"2018-11-15 20:36:31";03:48:41
"2018-11-15 20:24:51";Start;Germany;N24;TUI;"Discover your smile (Urlaub nur für uns)";18036137;"2018-11-15 20:24:51";03:37:01
"2018-11-15 20:01:29";Start;Germany;Sixx;TUI;"Discover your smile (Urlaub nur für uns)";18035900;"2018-11-15 20:01:29";03:13:39
"2018-11-15 19:55:44";Start;Germany;"Sat.1 Gold";TUI;"Discover your smile (Urlaub nur für uns)";18035848;"2018-11-15 19:55:44";03:07:54
"2018-11-15 19:29:33";Start;Germany;Sport1;TUI;"Discover your smile (Urlaub nur für uns)";18035502;"2018-11-15 19:29:33";02:41:43
"2018-11-15 18:50:48";Start;Germany;VOX;TUI;"Discover your smile (Urlaub nur für uns)";18035137;"2018-11-15 18:50:48";02:02:58
"2018-11-15 17:49:28";Start;Germany;ProSieben;TUI;"Discover your smile (Urlaub nur für uns)";18034495;"2018-11-15 17:49:28";01:01:38
"2018-11-15 16:53:38";Start;Germany;N24;TUI;"Discover your smile (Urlaub nur für uns)";18033892;"2018-11-15 16:53:38";00:05:48
"2018-11-15 16:47:50";Start;Germany;Sport1;TUI;"Discover your smile (Urlaub nur für uns)";18033838;"2018-11-15 16:47:50";00:00:00
