"timestamp";"received_timestamp";"broadcast_timestamp";"tv_tracking_provider";"partner_id";"broadcast_duration_sec";"country";"ad_brand";"spot_name";"tv_channel_name";"prev_program";"next_program";"genre"
1544176701;1544176701;1544176699;"Tvty";18397;20;"de";"Pandora";"Christmas";"ProSieben";"NULL";"NULL";"NULL"
1544176484;1544176484;1544176481;"Tvty";18397;0;"de";"Pandora";"Mystery";"Sixx";"NULL";"NULL";"NULL"
1544181261;1544181261;1544181253;"Tvty";18397;0;"de";"Pandora";"Mystery";"ProSieben";"NULL";"NULL";"NULL"
1544183966;1544183966;1544183963;"Tvty";18397;0;"de";"Pandora";"Mystery";"ProSieben";"NULL";"NULL";"NULL"
1544182953;1544182952;1544182951;"Tvty";18397;20;"de";"Pandora";"Christmas";"ProSieben";"NULL";"NULL";"NULL"
1544185299;1544185299;1544185297;"Tvty";18397;20;"de";"Pandora";"Christmas";"Sixx";"NULL";"NULL";"NULL"
1544191136;1544191136;1544191133;"Tvty";18397;0;"de";"Pandora";"Mystery";"ProSieben";"NULL";"NULL";"NULL"
1544189787;1544189787;1544189785;"Tvty";18397;0;"de";"Pandora";"Mystery";"VOX";"NULL";"NULL";"NULL"
1544189350;1544189350;1544189348;"Tvty";18397;20;"de";"Pandora";"Christmas";"ProSieben";"NULL";"NULL";"NULL"
1544189878;1544189878;1544189876;"Tvty";18397;0;"de";"Pandora";"Mystery";"Sixx";"NULL";"NULL";"NULL"
1544194567;1544194567;1544194565;"Tvty";18397;20;"de";"Pandora";"Christmas";"ProSieben";"NULL";"NULL";"NULL"
1544201460;1544201460;1544201458;"Tvty";18397;20;"de";"Pandora";"Christmas";"Sixx";"NULL";"NULL";"NULL"
1544203772;1544203772;1544203770;"Tvty";18397;20;"de";"Pandora";"Christmas";"VOX";"NULL";"NULL";"NULL"
1544204889;1544204889;1544204886;"Tvty";18397;0;"de";"Pandora";"Mystery";"Sixx";"NULL";"NULL";"NULL"
1544208391;1544208391;1544208389;"Tvty";18397;20;"de";"Pandora";"Christmas";"Sixx";"NULL";"NULL";"NULL"
1544212592;1544212592;1544212590;"Tvty";18397;20;"de";"Pandora";"Christmas";"RTL Television";"NULL";"NULL";"NULL"
1544211741;1544211741;1544211739;"Tvty";18397;20;"de";"Pandora";"Christmas";"Sat1";"NULL";"NULL";"NULL"
1544212412;1544212412;1544212409;"Tvty";18397;0;"de";"Pandora";"Mystery";"VOX";"NULL";"NULL";"NULL"
1544213517;1544213517;1544213514;"Tvty";18397;0;"de";"Pandora";"Mystery";"Sixx";"NULL";"NULL";"NULL"
1544217252;1544217252;1544217249;"Tvty";18397;0;"de";"Pandora";"Mystery";"SUPER RTL";"NULL";"NULL";"NULL"
1544218446;1544218446;1544218444;"Tvty";18397;20;"de";"Pandora";"Christmas";"Sixx";"NULL";"NULL";"NULL"
1544220048;1544220048;1544220045;"Tvty";18397;0;"de";"Pandora";"Mystery";"Kabel 1";"NULL";"NULL";"NULL"
1544248477;1544248477;1544248475;"Tvty";18397;0;"de";"Pandora";"Mystery";"ProSieben";"NULL";"NULL";"NULL"
1544250084;1544250084;1544250082;"Tvty";18397;20;"de";"Pandora";"Christmas";"VOX";"NULL";"NULL";"NULL"
1544257964;1544257964;1544257961;"Tvty";18397;20;"de";"Pandora";"Christmas";"ProSieben";"NULL";"NULL";"NULL"
1544262229;1544262229;1544262227;"Tvty";18397;20;"de";"Pandora";"Christmas";"Sixx";"NULL";"NULL";"NULL"
1544260721;1544260721;1544260718;"Tvty";18397;0;"de";"Pandora";"Mystery";"Sixx";"NULL";"NULL";"NULL"
1544265770;1544265770;1544265766;"Tvty";18397;0;"de";"Pandora";"Mystery";"Sixx";"NULL";"NULL";"NULL"
1544265668;1544265668;1544265665;"Tvty";18397;0;"de";"Pandora";"Mystery";"VOX";"NULL";"NULL";"NULL"
1544265848;1544265848;1544265846;"Tvty";18397;0;"de";"Pandora";"Mystery";"Sat1";"NULL";"NULL";"NULL"
1544268642;1544268642;1544268640;"Tvty";18397;20;"de";"Pandora";"Christmas";"VOX";"NULL";"NULL";"NULL"
1544269996;1544269996;1544269994;"Tvty";18397;20;"de";"Pandora";"Christmas";"Kabel 1";"NULL";"NULL";"NULL"
1544269951;1544269951;1544269948;"Tvty";18397;0;"de";"Pandora";"Mystery";"ProSieben";"NULL";"NULL";"NULL"
1544271445;1544271445;1544271442;"Tvty";18397;0;"de";"Pandora";"Mystery";"RTL Television";"NULL";"NULL";"NULL"
1544271225;1544271225;1544271223;"Tvty";18397;20;"de";"Pandora";"Christmas";"Sat1";"NULL";"NULL";"NULL"
1544270817;1544270817;1544270815;"Tvty";18397;20;"de";"Pandora";"Christmas";"Sixx";"NULL";"NULL";"NULL"
1544274680;1544274680;1544274677;"Tvty";18397;0;"de";"Pandora";"Mystery";"Kabel 1";"NULL";"NULL";"NULL"
1544277224;1544277224;1544277222;"Tvty";18397;20;"de";"Pandora";"Christmas";"ProSieben";"NULL";"NULL";"NULL"
1544276312;1544276312;1544276309;"Tvty";18397;0;"de";"Pandora";"Mystery";"Sixx";"NULL";"NULL";"NULL"
1544279454;1544279454;1544279452;"Tvty";18397;20;"de";"Pandora";"Christmas";"Sixx";"NULL";"NULL";"NULL"
1544280005;1544280005;1544280002;"Tvty";18397;0;"de";"Pandora";"Mystery";"Sat1";"NULL";"NULL";"NULL"
1544277828;1544277828;1544277825;"Tvty";18397;0;"de";"Pandora";"Mystery";"VOX";"NULL";"NULL";"NULL"
1544286955;1544286955;1544286952;"Tvty";18397;0;"de";"Pandora";"Mystery";"Sixx";"NULL";"NULL";"NULL"
1544290301;1544290301;1544290299;"Tvty";18397;20;"de";"Pandora";"Christmas";"VOX";"NULL";"NULL";"NULL"
1544290938;1544290938;1544290935;"Tvty";18397;20;"de";"Pandora";"Christmas";"Sixx";"NULL";"NULL";"NULL"
1544294453;1544294453;1544294451;"Tvty";18397;20;"de";"Pandora";"Christmas";"Sixx";"NULL";"NULL";"NULL"
1544294397;1544294397;1544294394;"Tvty";18397;0;"de";"Pandora";"Mystery";"VOX";"NULL";"NULL";"NULL"
1544292708;1544292708;1544292705;"Tvty";18397;0;"de";"Pandora";"Mystery";"Sixx";"NULL";"NULL";"NULL"
1544298013;1544298013;1544298011;"Tvty";18397;20;"de";"Pandora";"Christmas";"Sat1";"NULL";"NULL";"NULL"
1544306089;1544306089;1544306087;"Tvty";18397;20;"de";"Pandora";"Christmas";"RTL Television";"NULL";"NULL";"NULL"
1544305378;1544305378;1544305376;"Tvty";18397;20;"de";"Pandora";"Christmas";"VOX";"NULL";"NULL";"NULL"
1544307140;1544307140;1544307137;"Tvty";18397;0;"de";"Pandora";"Mystery";"ProSieben";"NULL";"NULL";"NULL"
1544310486;1544310486;1544310482;"Tvty";18397;20;"de";"Pandora";"Christmas";"SUPER RTL";"NULL";"NULL";"NULL"
1544311606;1544311606;1544311603;"Tvty";18397;0;"de";"Pandora";"Mystery";"VOX";"NULL";"NULL";"NULL"
1544313202;1544313202;1544313200;"Tvty";18397;0;"de";"Pandora";"Mystery";"RTL Television";"NULL";"NULL";"NULL"
1544332127;1544332127;1544332124;"Tvty";18397;20;"de";"Pandora";"Christmas";"Kabel 1";"NULL";"NULL";"NULL"
1544332483;1544332483;1544332480;"Tvty";18397;0;"de";"Pandora";"Mystery";"Sat1";"NULL";"NULL";"NULL"
1544332550;1544332550;1544332548;"Tvty";18397;0;"de";"Pandora";"Mystery";"Sixx";"NULL";"NULL";"NULL"
1544333304;1544333304;1544333302;"Tvty";18397;20;"de";"Pandora";"Christmas";"ProSieben";"NULL";"NULL";"NULL"
1544334394;1544334394;1544334392;"Tvty";18397;20;"de";"Pandora";"Christmas";"Sixx";"NULL";"NULL";"NULL"
1544338177;1544338177;1544338174;"Tvty";18397;20;"de";"Pandora";"Christmas";"Sat1";"NULL";"NULL";"NULL"
1544338317;1544338317;1544338315;"Tvty";18397;20;"de";"Pandora";"Christmas";"VOX";"NULL";"NULL";"NULL"
1544341439;1544341439;1544341437;"Tvty";18397;0;"de";"Pandora";"Mystery";"ProSieben";"NULL";"NULL";"NULL"
1544340870;1544340870;1544340868;"Tvty";18397;20;"de";"Pandora";"Christmas";"Sixx";"NULL";"NULL";"NULL"
1544339063;1544339063;1544339060;"Tvty";18397;0;"de";"Pandora";"Mystery";"Sixx";"NULL";"NULL";"NULL"
1544354650;1544354650;1544354647;"Tvty";18397;0;"de";"Pandora";"Mystery";"Kabel 1";"NULL";"NULL";"NULL"
1544356512;1544356512;1544356510;"Tvty";18397;20;"de";"Pandora";"Christmas";"ProSieben";"NULL";"NULL";"NULL"
1544358202;1544358202;1544358200;"Tvty";18397;20;"de";"Pandora";"Christmas";"Kabel 1";"NULL";"NULL";"NULL"
1544358482;1544358482;1544358479;"Tvty";18397;0;"de";"Pandora";"Mystery";"Sixx";"NULL";"NULL";"NULL"
1544361590;1544361590;1544361587;"Tvty";18397;0;"de";"Pandora";"Mystery";"Sat1";"NULL";"NULL";"NULL"
1544361957;1544361957;1544361955;"Tvty";18397;20;"de";"Pandora";"Christmas";"Sixx";"NULL";"NULL";"NULL"
1544365448;1544365448;1544365446;"Tvty";18397;0;"de";"Pandora";"Mystery";"Sixx";"NULL";"NULL";"NULL"
1544368238;1544368238;1544368236;"Tvty";18397;20;"de";"Pandora";"Christmas";"Sixx";"NULL";"NULL";"NULL"
1544374935;1544374935;1544374931;"Tvty";18397;0;"de";"Pandora";"Mystery";"Sixx";"NULL";"NULL";"NULL"
1544384728;1544384728;1544384725;"Tvty";18397;20;"de";"Pandora";"Christmas";"Sixx";"NULL";"NULL";"NULL"
1544382305;1544382305;1544382302;"Tvty";18397;0;"de";"Pandora";"Mystery";"VOX";"NULL";"NULL";"NULL"
1544391134;1544391134;1544391131;"Tvty";18397;0;"de";"Pandora";"Mystery";"Sixx";"NULL";"NULL";"NULL"
1544392900;1544392900;1544392898;"Tvty";18397;20;"de";"Pandora";"Christmas";"Sixx";"NULL";"NULL";"NULL"
1544399695;1544399695;1544399692;"Tvty";18397;0;"de";"Pandora";"Mystery";"Sixx";"NULL";"NULL";"NULL"
1544400242;1544400242;1544400240;"Tvty";18397;20;"de";"Pandora";"Christmas";"Sat1";"NULL";"NULL";"NULL"
1544419528;1544419528;1544419526;"Tvty";18397;20;"de";"Pandora";"Christmas";"RTL Television";"NULL";"NULL";"NULL"
1544420970;1544420970;1544420967;"Tvty";18397;20;"de";"Pandora";"Christmas";"Kabel 1";"NULL";"NULL";"NULL"
1544419664;1544419664;1544419661;"Tvty";18397;0;"de";"Pandora";"Mystery";"Kabel 1";"NULL";"NULL";"NULL"
1544421528;1544421528;1544421525;"Tvty";18397;0;"de";"Pandora";"Mystery";"Sixx";"NULL";"NULL";"NULL"
1544419407;1544419407;1544419405;"Tvty";18397;20;"de";"Pandora";"Christmas";"Sixx";"NULL";"NULL";"NULL"
1544422357;1544422357;1544422353;"Tvty";18397;0;"de";"Pandora";"Mystery";"Kabel 1";"NULL";"NULL";"NULL"
1544422682;1544422682;1544422679;"Tvty";18397;0;"de";"Pandora";"Mystery";"Sat1";"NULL";"NULL";"NULL"
1544424073;1544424073;1544424070;"Tvty";18397;0;"de";"Pandora";"Mystery";"ProSieben";"NULL";"NULL";"NULL"
1544427467;1544427467;1544427465;"Tvty";18397;20;"de";"Pandora";"Christmas";"ProSieben";"NULL";"NULL";"NULL"
1544428104;1544428104;1544428102;"Tvty";18397;20;"de";"Pandora";"Christmas";"Sat1";"NULL";"NULL";"NULL"
1544431769;1544431769;1544431767;"Tvty";18397;20;"de";"Pandora";"Christmas";"Sixx";"NULL";"NULL";"NULL"
1544431862;1544431862;1544431859;"Tvty";18397;0;"de";"Pandora";"Mystery";"Sat1";"NULL";"NULL";"NULL"
1544429580;1544429580;1544429578;"Tvty";18397;20;"de";"Pandora";"Christmas";"Kabel 1";"NULL";"NULL";"NULL"
1544433045;1544433045;1544433042;"Tvty";18397;0;"de";"Pandora";"Mystery";"Kabel 1";"NULL";"NULL";"NULL"
1544435624;1544435624;1544435622;"Tvty";18397;0;"de";"Pandora";"Mystery";"Sat1";"NULL";"NULL";"NULL"
1544433445;1544433445;1544433443;"Tvty";18397;20;"de";"Pandora";"Christmas";"Sat1";"NULL";"NULL";"NULL"
1544434209;1544434209;1544434207;"Tvty";18397;0;"de";"Pandora";"Mystery";"ProSieben";"NULL";"NULL";"NULL"
1544437152;1544437152;1544437148;"Tvty";18397;20;"de";"Pandora";"Christmas";"ProSieben";"NULL";"NULL";"NULL"
1544441380;1544441380;1544441377;"Tvty";18397;20;"de";"Pandora";"Christmas";"Sat1";"NULL";"NULL";"NULL"
1544446192;1544446192;1544446181;"Tvty";18397;0;"de";"Pandora";"Mystery";"ProSieben";"NULL";"NULL";"NULL"
1544446184;1544446184;1544446181;"Tvty";18397;0;"de";"Pandora";"Mystery";"ProSieben";"NULL";"NULL";"NULL"
1544446192;1544446192;1544446189;"Tvty";18397;0;"de";"Pandora";"Mystery";"Sat1";"NULL";"NULL";"NULL"
1544447683;1544447683;1544447682;"Tvty";18397;20;"de";"Pandora";"Christmas";"Kabel 1";"NULL";"NULL";"NULL"
1544447868;1544447868;1544447866;"Tvty";18397;20;"de";"Pandora";"Christmas";"Sat1";"NULL";"NULL";"NULL"
1544453234;1544453234;1544453231;"Tvty";18397;0;"de";"Pandora";"Mystery";"Sat1";"NULL";"NULL";"NULL"
1544451820;1544451820;1544451817;"Tvty";18397;20;"de";"Pandora";"Christmas";"ProSieben";"NULL";"NULL";"NULL"
1544451946;1544451946;1544451944;"Tvty";18397;0;"de";"Pandora";"Mystery";"Sixx";"NULL";"NULL";"NULL"
1544454411;1544454411;1544454407;"Tvty";18397;0;"de";"Pandora";"Mystery";"Kabel 1";"NULL";"NULL";"NULL"
1544454592;1544454592;1544454589;"Tvty";18397;20;"de";"Pandora";"Christmas";"Sat1";"NULL";"NULL";"NULL"
1544455503;1544455503;1544455501;"Tvty";18397;20;"de";"Pandora";"Christmas";"Sixx";"NULL";"NULL";"NULL"
1544457320;1544457320;1544457317;"Tvty";18397;0;"de";"Pandora";"Mystery";"Sixx";"NULL";"NULL";"NULL"
1544471097;1544471097;1544471095;"Tvty";18397;20;"de";"Pandora";"Christmas";"RTL II";"NULL";"NULL";"NULL"
1544470952;1544470952;1544470949;"Tvty";18397;0;"de";"Pandora";"Mystery";"Sat1";"NULL";"NULL";"NULL"
1544471709;1544471709;1544471707;"Tvty";18397;20;"de";"Pandora";"Christmas";"VOX";"NULL";"NULL";"NULL"
1544468602;1544468602;1544468600;"Tvty";18397;20;"de";"Pandora";"Christmas";"Sixx";"NULL";"NULL";"NULL"
1544474220;1544474220;1544474216;"Tvty";18397;0;"de";"Pandora";"Mystery";"ProSieben";"NULL";"NULL";"NULL"
1544477704;1544477704;1544477701;"Tvty";18397;0;"de";"Pandora";"Mystery";"Sixx";"NULL";"NULL";"NULL"
1544477741;1544477741;1544477739;"Tvty";18397;0;"de";"Pandora";"Mystery";"VOX";"NULL";"NULL";"NULL"
1544481058;1544481058;1544481056;"Tvty";18397;20;"de";"Pandora";"Christmas";"Sixx";"NULL";"NULL";"NULL"
1544485066;1544485066;1544485063;"Tvty";18397;0;"de";"Pandora";"Mystery";"Sixx";"NULL";"NULL";"NULL"
1544506083;1544506083;1544506081;"Tvty";18397;20;"de";"Pandora";"Christmas";"ProSieben";"NULL";"NULL";"NULL"
1544511078;1544511078;1544511076;"Tvty";18397;20;"de";"Pandora";"Christmas";"ProSieben";"NULL";"NULL";"NULL"
1544509570;1544509570;1544509568;"Tvty";18397;0;"de";"Pandora";"Mystery";"RTL Television";"NULL";"NULL";"NULL"
1544509465;1544509465;1544509462;"Tvty";18397;0;"de";"Pandora";"Mystery";"ProSieben";"NULL";"NULL";"NULL"
1544514553;1544514553;1544514551;"Tvty";18397;0;"de";"Pandora";"Mystery";"ProSieben";"NULL";"NULL";"NULL"
1544514560;1544514560;1544514551;"Tvty";18397;0;"de";"Pandora";"Mystery";"ProSieben";"NULL";"NULL";"NULL"
1544514560;1544514560;1544514558;"Tvty";18397;20;"de";"Pandora";"Christmas";"Sat1";"NULL";"NULL";"NULL"
1544512014;1544512014;1544512011;"Tvty";18397;20;"de";"Pandora";"Christmas";"VOX";"NULL";"NULL";"NULL"
1544518651;1544518651;1544518649;"Tvty";18397;20;"de";"Pandora";"Christmas";"ProSieben";"NULL";"NULL";"NULL"
1544522114;1544522114;1544522112;"Tvty";18397;20;"de";"Pandora";"Christmas";"ProSieben";"NULL";"NULL";"NULL"
1544520458;1544520458;1544520456;"Tvty";18397;0;"de";"Pandora";"Mystery";"ProSieben";"NULL";"NULL";"NULL"
1544520632;1544520632;1544520630;"Tvty";18397;20;"de";"Pandora";"Christmas";"Sixx";"NULL";"NULL";"NULL"
1544525672;1544525672;1544525669;"Tvty";18397;20;"de";"Pandora";"Christmas";"Kabel 1";"NULL";"NULL";"NULL"
1544525609;1544525609;1544525607;"Tvty";18397;0;"de";"Pandora";"Mystery";"ProSieben";"NULL";"NULL";"NULL"
1544528712;1544528712;1544528698;"Tvty";18397;20;"de";"Pandora";"Christmas";"Sixx";"NULL";"NULL";"NULL"
1544528712;1544528712;1544528709;"Tvty";18397;0;"de";"Pandora";"Mystery";"Sat1";"NULL";"NULL";"NULL"
1544528701;1544528701;1544528698;"Tvty";18397;20;"de";"Pandora";"Christmas";"Sixx";"NULL";"NULL";"NULL"
1544526849;1544526849;1544526846;"Tvty";18397;0;"de";"Pandora";"Mystery";"Sixx";"NULL";"NULL";"NULL"
1544530976;1544530976;1544530974;"Tvty";18397;20;"de";"Pandora";"Christmas";"RTL Television";"NULL";"NULL";"NULL"
1544532680;1544532680;1544532678;"Tvty";18397;20;"de";"Pandora";"Christmas";"Sat1";"NULL";"NULL";"NULL"
1544540058;1544540058;1544540056;"Tvty";18397;20;"de";"Pandora";"Christmas";"ProSieben";"NULL";"NULL";"NULL"
1544537540;1544537540;1544537537;"Tvty";18397;0;"de";"Pandora";"Mystery";"Kabel 1";"NULL";"NULL";"NULL"
1544538302;1544538302;1544538299;"Tvty";18397;0;"de";"Pandora";"Mystery";"RTL II";"NULL";"NULL";"NULL"
1544539558;1544539558;1544539554;"Tvty";18397;0;"de";"Pandora";"Mystery";"Sat1";"NULL";"NULL";"NULL"
1544541573;1544541573;1544541570;"Tvty";18397;0;"de";"Pandora";"Mystery";"ProSieben";"NULL";"NULL";"NULL"
1544541639;1544541639;1544541636;"Tvty";18397;0;"de";"Pandora";"Mystery";"Sixx";"NULL";"NULL";"NULL"
1544544886;1544544886;1544544884;"Tvty";18397;20;"de";"Pandora";"Christmas";"Sixx";"NULL";"NULL";"NULL"
1544557681;1544557681;1544557678;"Tvty";18397;0;"de";"Pandora";"Mystery";"SUPER RTL";"NULL";"NULL";"NULL"
1544558114;1544558114;1544558112;"Tvty";18397;0;"de";"Pandora";"Mystery";"VOX";"NULL";"NULL";"NULL"
1544558384;1544558384;1544558382;"Tvty";18397;20;"de";"Pandora";"Christmas";"Sixx";"NULL";"NULL";"NULL"
1544555075;1544555075;1544555072;"Tvty";18397;0;"de";"Pandora";"Mystery";"Sixx";"NULL";"NULL";"NULL"
1544558885;1544558885;1544558881;"Tvty";18397;20;"de";"Pandora";"Christmas";"ProSieben";"NULL";"NULL";"NULL"
1544558728;1544558728;1544558726;"Tvty";18397;20;"de";"Pandora";"Christmas";"SUPER RTL";"NULL";"NULL";"NULL"
1544563851;1544563851;1544563849;"Tvty";18397;0;"de";"Pandora";"Mystery";"Sixx";"NULL";"NULL";"NULL"
1544600407;1544600407;1544600405;"Tvty";18397;0;"de";"Pandora";"Mystery";"ProSieben";"NULL";"NULL";"NULL"
1544599225;1544599225;1544599223;"Tvty";18397;20;"de";"Pandora";"Christmas";"Sat1";"NULL";"NULL";"NULL"
1544604265;1544604265;1544604262;"Tvty";18397;0;"de";"Pandora";"Mystery";"Sixx";"NULL";"NULL";"NULL"
1544604671;1544604671;1544604669;"Tvty";18397;20;"de";"Pandora";"Christmas";"ProSieben";"NULL";"NULL";"NULL"
1544606766;1544606766;1544606764;"Tvty";18397;20;"de";"Pandora";"Christmas";"Sixx";"NULL";"NULL";"NULL"
1544606155;1544606155;1544606152;"Tvty";18397;0;"de";"Pandora";"Mystery";"Sat1";"NULL";"NULL";"NULL"
1544608044;1544608044;1544608042;"Tvty";18397;20;"de";"Pandora";"Christmas";"Kabel 1";"NULL";"NULL";"NULL"
1544609911;1544609911;1544609908;"Tvty";18397;0;"de";"Pandora";"Mystery";"ProSieben";"NULL";"NULL";"NULL"
1544610447;1544610447;1544610444;"Tvty";18397;0;"de";"Pandora";"Mystery";"Kabel 1";"NULL";"NULL";"NULL"
1544611445;1544611445;1544611443;"Tvty";18397;0;"de";"Pandora";"Mystery";"Sixx";"NULL";"NULL";"NULL"
1544611749;1544611749;1544611747;"Tvty";18397;20;"de";"Pandora";"Christmas";"ProSieben";"NULL";"NULL";"NULL"
1544618921;1544618921;1544618920;"Tvty";18397;20;"de";"Pandora";"Christmas";"Sat1";"NULL";"NULL";"NULL"
1544621423;1544621423;1544621420;"Tvty";18397;0;"de";"Pandora";"Mystery";"ProSieben";"NULL";"NULL";"NULL"
1544624498;1544624498;1544624496;"Tvty";18397;20;"de";"Pandora";"Christmas";"ProSieben";"NULL";"NULL";"NULL"
1544627944;1544627944;1544627941;"Tvty";18397;0;"de";"Pandora";"Mystery";"ProSieben";"NULL";"NULL";"NULL"
1544628148;1544628148;1544628146;"Tvty";18397;0;"de";"Pandora";"Mystery";"Sixx";"NULL";"NULL";"NULL"
1544626901;1544626901;1544626900;"Tvty";18397;20;"de";"Pandora";"Christmas";"Sixx";"NULL";"NULL";"NULL"
1544629641;1544629641;1544629638;"Tvty";18397;0;"de";"Pandora";"Mystery";"Sat1";"NULL";"NULL";"NULL"
1544643093;1544643093;1544643091;"Tvty";18397;20;"de";"Pandora";"Christmas";"Sixx";"NULL";"NULL";"NULL"
1544641654;1544641654;1544641651;"Tvty";18397;0;"de";"Pandora";"Mystery";"RTL Television";"NULL";"NULL";"NULL"
1544647267;1544647267;1544647265;"Tvty";18397;20;"de";"Pandora";"Christmas";"Kabel 1";"NULL";"NULL";"NULL"
1544647246;1544647246;1544647243;"Tvty";18397;0;"de";"Pandora";"Mystery";"SUPER RTL";"NULL";"NULL";"NULL"
1544647165;1544647165;1544647163;"Tvty";18397;20;"de";"Pandora";"Christmas";"Sat1";"NULL";"NULL";"NULL"
1544651840;1544651840;1544651838;"Tvty";18397;20;"de";"Pandora";"Christmas";"VOX";"NULL";"NULL";"NULL"
1544650418;1544650418;1544650416;"Tvty";18397;20;"de";"Pandora";"Christmas";"SUPER RTL";"NULL";"NULL";"NULL"
1544650040;1544650040;1544650038;"Tvty";18397;0;"de";"Pandora";"Mystery";"Sixx";"NULL";"NULL";"NULL"
1544657210;1544657210;1544657207;"Tvty";18397;20;"de";"Pandora";"Christmas";"Sixx";"NULL";"NULL";"NULL"
1544677907;1544677907;1544677904;"Tvty";18397;0;"de";"Pandora";"Mystery";"Sixx";"NULL";"NULL";"NULL"
1544679730;1544679730;1544679728;"Tvty";18397;20;"de";"Pandora";"Christmas";"Sixx";"NULL";"NULL";"NULL"
1544682223;1544682223;1544682221;"Tvty";18397;20;"de";"Pandora";"Christmas";"RTL Television";"NULL";"NULL";"NULL"
1544681327;1544681327;1544681324;"Tvty";18397;0;"de";"Pandora";"Mystery";"Kabel 1";"NULL";"NULL";"NULL"
1544686118;1544686118;1544686115;"Tvty";18397;0;"de";"Pandora";"Mystery";"Sixx";"NULL";"NULL";"NULL"
1544685527;1544685527;1544685524;"Tvty";18397;20;"de";"Pandora";"Christmas";"Kabel 1";"NULL";"NULL";"NULL"
1544691136;1544691136;1544691120;"Tvty";18397;20;"de";"Pandora";"Christmas";"ProSieben";"NULL";"NULL";"NULL"
1544691122;1544691122;1544691120;"Tvty";18397;20;"de";"Pandora";"Christmas";"ProSieben";"NULL";"NULL";"NULL"
1544691136;1544691136;1544691133;"Tvty";18397;0;"de";"Pandora";"Mystery";"Sat1";"NULL";"NULL";"NULL"
1544688235;1544688235;1544688232;"Tvty";18397;0;"de";"Pandora";"Mystery";"ProSieben";"NULL";"NULL";"NULL"
1544698409;1544698409;1544698407;"Tvty";18397;0;"de";"Pandora";"Mystery";"Kabel 1";"NULL";"NULL";"NULL"
1544695688;1544695688;1544695685;"Tvty";18397;0;"de";"Pandora";"Mystery";"VOX";"NULL";"NULL";"NULL"
1544700222;1544700222;1544700220;"Tvty";18397;20;"de";"Pandora";"Christmas";"Kabel 1";"NULL";"NULL";"NULL"
1544700596;1544700596;1544700593;"Tvty";18397;20;"de";"Pandora";"Christmas";"Sat1";"NULL";"NULL";"NULL"
1544701509;1544701509;1544701507;"Tvty";18397;0;"de";"Pandora";"Mystery";"ProSieben";"NULL";"NULL";"NULL"
1544701303;1544701303;1544701301;"Tvty";18397;20;"de";"Pandora";"Christmas";"Sixx";"NULL";"NULL";"NULL"
1544705689;1544705689;1544705686;"Tvty";18397;0;"de";"Pandora";"Mystery";"ProSieben";"NULL";"NULL";"NULL"
1544705280;1544705280;1544705278;"Tvty";18397;20;"de";"Pandora";"Christmas";"VOX";"NULL";"NULL";"NULL"
1544703026;1544703026;1544703024;"Tvty";18397;20;"de";"Pandora";"Christmas";"ProSieben";"NULL";"NULL";"NULL"
1544706836;1544706836;1544706834;"Tvty";18397;0;"de";"Pandora";"Mystery";"Sixx";"NULL";"NULL";"NULL"
1544715863;1544715863;1544715861;"Tvty";18397;20;"de";"Pandora";"Christmas";"ProSieben";"NULL";"NULL";"NULL"
1544716739;1544716739;1544716738;"Tvty";18397;20;"de";"Pandora";"Christmas";"Sixx";"NULL";"NULL";"NULL"
1544730523;1544730523;1544730521;"Tvty";18397;0;"de";"Pandora";"Mystery";"ProSieben";"NULL";"NULL";"NULL"
1544733479;1544733479;1544733477;"Tvty";18397;0;"de";"Pandora";"Mystery";"SUPER RTL";"NULL";"NULL";"NULL"
1544738262;1544738262;1544738260;"Tvty";18397;0;"de";"Pandora";"Mystery";"Sixx";"NULL";"NULL";"NULL"
1544737844;1544737844;1544737842;"Tvty";18397;20;"de";"Pandora";"Christmas";"RTL II";"NULL";"NULL";"NULL"
1544737952;1544737952;1544737949;"Tvty";18397;0;"de";"Pandora";"Mystery";"SUPER RTL";"NULL";"NULL";"NULL"
1544735271;1544735271;1544735268;"Tvty";18397;0;"de";"Pandora";"Mystery";"Kabel 1";"NULL";"NULL";"NULL"
1544736630;1544736630;1544736629;"Tvty";18397;20;"de";"Pandora";"Christmas";"SUPER RTL";"NULL";"NULL";"NULL"
1544738579;1544738579;1544738576;"Tvty";18397;20;"de";"Pandora";"Christmas";"Kabel 1";"NULL";"NULL";"NULL"
1544740345;1544740345;1544740343;"Tvty";18397;20;"de";"Pandora";"Christmas";"Sixx";"NULL";"NULL";"NULL"
1544766909;1544766909;1544766905;"Tvty";18397;0;"de";"Pandora";"Mystery";"Sixx";"NULL";"NULL";"NULL"
1544765004;1544765004;1544765001;"Tvty";18397;0;"de";"Pandora";"Mystery";"VOX";"NULL";"NULL";"NULL"
1544776349;1544776349;1544776348;"Tvty";18397;20;"de";"Pandora";"Christmas";"Sixx";"NULL";"NULL";"NULL"
1544781365;1544781365;1544781362;"Tvty";18397;0;"de";"Pandora";"Mystery";"Sixx";"NULL";"NULL";"NULL"
1544783335;1544783335;1544783333;"Tvty";18397;0;"de";"Pandora";"Mystery";"Kabel 1";"NULL";"NULL";"NULL"
1544786540;1544786540;1544786538;"Tvty";18397;20;"de";"Pandora";"Christmas";"Kabel 1";"NULL";"NULL";"NULL"
1544791381;1544791381;1544791379;"Tvty";18397;20;"de";"Pandora";"Christmas";"Sixx";"NULL";"NULL";"NULL"
1544789256;1544789256;1544789253;"Tvty";18397;20;"de";"Pandora";"Christmas";"ProSieben";"NULL";"NULL";"NULL"
1544794526;1544794526;1544794524;"Tvty";18397;20;"de";"Pandora";"Christmas";"VOX";"NULL";"NULL";"NULL"
1544797269;1544797269;1544797266;"Tvty";18397;0;"de";"Pandora";"Mystery";"ProSieben";"NULL";"NULL";"NULL"
1544800837;1544800837;1544800834;"Tvty";18397;0;"de";"Pandora";"Mystery";"VOX";"NULL";"NULL";"NULL"
1544809706;1544809706;1544809703;"Tvty";18397;0;"de";"Pandora";"Mystery";"Sixx";"NULL";"NULL";"NULL"
1544816753;1544816753;1544816750;"Tvty";18397;20;"de";"Pandora";"Christmas";"Sixx";"NULL";"NULL";"NULL"
1544821610;1544821610;1544821607;"Tvty";18397;20;"de";"Pandora";"Christmas";"SUPER RTL";"NULL";"NULL";"NULL"
1544821620;1544821620;1544821607;"Tvty";18397;20;"de";"Pandora";"Christmas";"SUPER RTL";"NULL";"NULL";"NULL"
1544821620;1544821620;1544821616;"Tvty";18397;0;"de";"Pandora";"Mystery";"Sixx";"NULL";"NULL";"NULL"
1544823562;1544823562;1544823560;"Tvty";18397;0;"de";"Pandora";"Mystery";"Kabel 1";"NULL";"NULL";"NULL"
1544823607;1544823607;1544823605;"Tvty";18397;20;"de";"Pandora";"Christmas";"Sixx";"NULL";"NULL";"NULL"
1544851990;1544851990;1544851988;"Tvty";18397;0;"de";"Pandora";"Mystery";"Sixx";"NULL";"NULL";"NULL"
1544863373;1544863373;1544863372;"Tvty";18397;20;"de";"Pandora";"Christmas";"Sixx";"NULL";"NULL";"NULL"
1544864389;1544864389;1544864386;"Tvty";18397;0;"de";"Pandora";"Mystery";"Sixx";"NULL";"NULL";"NULL"
1544870000;1544870000;1544869998;"Tvty";18397;20;"de";"Pandora";"Christmas";"VOX";"NULL";"NULL";"NULL"
1544870341;1544870341;1544870339;"Tvty";18397;0;"de";"Pandora";"Mystery";"Sixx";"NULL";"NULL";"NULL"
1544868071;1544868071;1544868070;"Tvty";18397;20;"de";"Pandora";"Christmas";"Sixx";"NULL";"NULL";"NULL"
1544871847;1544871847;1544871844;"Tvty";18397;0;"de";"Pandora";"Mystery";"Sat1";"NULL";"NULL";"NULL"
1544873781;1544873781;1544873779;"Tvty";18397;20;"de";"Pandora";"Christmas";"Sixx";"NULL";"NULL";"NULL"
1544873365;1544873365;1544873363;"Tvty";18397;0;"de";"Pandora";"Mystery";"VOX";"NULL";"NULL";"NULL"
1544874799;1544874799;1544874797;"Tvty";18397;20;"de";"Pandora";"Christmas";"Kabel 1";"NULL";"NULL";"NULL"
1544877052;1544877052;1544877050;"Tvty";18397;20;"de";"Pandora";"Christmas";"VOX";"NULL";"NULL";"NULL"
1544881083;1544881083;1544881080;"Tvty";18397;0;"de";"Pandora";"Mystery";"Sixx";"NULL";"NULL";"NULL"
1544879839;1544879839;1544879838;"Tvty";18397;20;"de";"Pandora";"Christmas";"Sat1";"NULL";"NULL";"NULL"
1544879781;1544879781;1544879778;"Tvty";18397;0;"de";"Pandora";"Mystery";"Kabel 1";"NULL";"NULL";"NULL"
1544884512;1544884512;1544884510;"Tvty";18397;20;"de";"Pandora";"Christmas";"Sixx";"NULL";"NULL";"NULL"
1544894116;1544894116;1544894113;"Tvty";18397;0;"de";"Pandora";"Mystery";"Sixx";"NULL";"NULL";"NULL"
1544894486;1544894486;1544894483;"Tvty";18397;0;"de";"Pandora";"Mystery";"VOX";"NULL";"NULL";"NULL"
1544910953;1544910953;1544910950;"Tvty";18397;0;"de";"Pandora";"Mystery";"RTL Television";"NULL";"NULL";"NULL"
1544910953;1544910953;1544910951;"Tvty";18397;0;"de";"Pandora";"Mystery";"SUPER RTL";"NULL";"NULL";"NULL"
1544938115;1544938115;1544938113;"Tvty";18397;20;"de";"Pandora";"Christmas";"Sixx";"NULL";"NULL";"NULL"
1544942526;1544942526;1544942523;"Tvty";18397;0;"de";"Pandora";"Mystery";"Sixx";"NULL";"NULL";"NULL"
1544944762;1544944762;1544944760;"Tvty";18397;20;"de";"Pandora";"Christmas";"Sixx";"NULL";"NULL";"NULL"
1544962813;1544962813;1544962811;"Tvty";18397;0;"de";"Pandora";"Mystery";"Sixx";"NULL";"NULL";"NULL"
1544972328;1544972328;1544972326;"Tvty";18397;0;"de";"Pandora";"Mystery";"Sixx";"NULL";"NULL";"NULL"
1544970783;1544970783;1544970780;"Tvty";18397;0;"de";"Pandora";"Mystery";"Sat1";"NULL";"NULL";"NULL"
1544969771;1544969771;1544969769;"Tvty";18397;20;"de";"Pandora";"Christmas";"Sixx";"NULL";"NULL";"NULL"
1544975034;1544975034;1544975032;"Tvty";18397;20;"de";"Pandora";"Christmas";"Sat1";"NULL";"NULL";"NULL"
1544989608;1544989608;1544989607;"Tvty";18397;20;"de";"Pandora";"Christmas";"RTL Television";"NULL";"NULL";"NULL"
1544989971;1544989971;1544989969;"Tvty";18397;20;"de";"Pandora";"Christmas";"Sixx";"NULL";"NULL";"NULL"
1544991744;1544991744;1544991741;"Tvty";18397;0;"de";"Pandora";"Mystery";"Sixx";"NULL";"NULL";"NULL"
1544996849;1544996849;1544996846;"Tvty";18397;0;"de";"Pandora";"Mystery";"RTL Television";"NULL";"NULL";"NULL"
1545000859;1545000859;1545000857;"Tvty";18397;0;"de";"Pandora";"Mystery";"Sixx";"NULL";"NULL";"NULL"
1544999142;1544999142;1544999140;"Tvty";18397;20;"de";"Pandora";"Christmas";"Sixx";"NULL";"NULL";"NULL"
1545004215;1545004215;1545004212;"Tvty";18397;20;"de";"Pandora";"Christmas";"Sixx";"NULL";"NULL";"NULL"
1545025925;1545025925;1545025923;"Tvty";18397;20;"de";"Pandora";"Christmas";"Kabel 1";"NULL";"NULL";"NULL"
1545026103;1545026103;1545026102;"Tvty";18397;20;"de";"Pandora";"Christmas";"Sixx";"NULL";"NULL";"NULL"
1545023602;1545023602;1545023599;"Tvty";18397;20;"de";"Pandora";"Christmas";"ProSieben";"NULL";"NULL";"NULL"
1545023992;1545023992;1545023990;"Tvty";18397;20;"de";"Pandora";"Christmas";"VOX";"NULL";"NULL";"NULL"
1545024005;1545024005;1545023990;"Tvty";18397;20;"de";"Pandora";"Christmas";"VOX";"NULL";"NULL";"NULL"
1545024005;1545024005;1545024002;"Tvty";18397;0;"de";"Pandora";"Mystery";"Sat1";"NULL";"NULL";"NULL"
1545024376;1545024376;1545024374;"Tvty";18397;0;"de";"Pandora";"Mystery";"Sixx";"NULL";"NULL";"NULL"
1545028036;1545028036;1545028034;"Tvty";18397;20;"de";"Pandora";"Christmas";"RTL Television";"NULL";"NULL";"NULL"
1545031703;1545031703;1545031701;"Tvty";18397;0;"de";"Pandora";"Mystery";"VOX";"NULL";"NULL";"NULL"
1545030628;1545030628;1545030626;"Tvty";18397;0;"de";"Pandora";"Mystery";"ProSieben";"NULL";"NULL";"NULL"
1545036762;1545036762;1545036759;"Tvty";18397;0;"de";"Pandora";"Mystery";"Sixx";"NULL";"NULL";"NULL"
1545038858;1545038858;1545038855;"Tvty";18397;0;"de";"Pandora";"Mystery";"RTL II";"NULL";"NULL";"NULL"
1545043495;1545043495;1545043493;"Tvty";18397;0;"de";"Pandora";"Mystery";"RTL Television";"NULL";"NULL";"NULL"
1545046389;1545046389;1545046388;"Tvty";18397;20;"de";"Pandora";"Christmas";"RTL II";"NULL";"NULL";"NULL"
1545044697;1545044697;1545044695;"Tvty";18397;20;"de";"Pandora";"Christmas";"Sixx";"NULL";"NULL";"NULL"
1545054799;1545054799;1545054797;"Tvty";18397;20;"de";"Pandora";"Christmas";"RTL Television";"NULL";"NULL";"NULL"
1545055782;1545055782;1545055778;"Tvty";18397;0;"de";"Pandora";"Mystery";"Kabel 1";"NULL";"NULL";"NULL"
1545055894;1545055894;1545055893;"Tvty";18397;20;"de";"Pandora";"Christmas";"VOX";"NULL";"NULL";"NULL"
1545057302;1545057302;1545057300;"Tvty";18397;0;"de";"Pandora";"Mystery";"Sixx";"NULL";"NULL";"NULL"
1545060433;1545060433;1545060432;"Tvty";18397;20;"de";"Pandora";"Christmas";"Sixx";"NULL";"NULL";"NULL"
1545062363;1545062363;1545062360;"Tvty";18397;0;"de";"Pandora";"Mystery";"Sixx";"NULL";"NULL";"NULL"
1545064741;1545064741;1545064739;"Tvty";18397;20;"de";"Pandora";"Christmas";"SUPER RTL";"NULL";"NULL";"NULL"
1545067609;1545067609;1545067606;"Tvty";18397;0;"de";"Pandora";"Mystery";"RTL II";"NULL";"NULL";"NULL"
1545068968;1545068968;1545068966;"Tvty";18397;20;"de";"Pandora";"Christmas";"Sixx";"NULL";"NULL";"NULL"
1545076054;1545076054;1545076052;"Tvty";18397;20;"de";"Pandora";"Christmas";"Kabel 1";"NULL";"NULL";"NULL"
1545076421;1545076421;1545076418;"Tvty";18397;0;"de";"Pandora";"Mystery";"VOX";"NULL";"NULL";"NULL"
1545073442;1545073442;1545073439;"Tvty";18397;0;"de";"Pandora";"Mystery";"Sixx";"NULL";"NULL";"NULL"
1545076848;1545076848;1545076847;"Tvty";18397;20;"de";"Pandora";"Christmas";"ProSieben";"NULL";"NULL";"NULL"
1545080374;1545080374;1545080371;"Tvty";18397;0;"de";"Pandora";"Mystery";"ProSieben";"NULL";"NULL";"NULL"
1545081102;1545081102;1545081099;"Tvty";18397;0;"de";"Pandora";"Mystery";"Kabel 1";"NULL";"NULL";"NULL"
1545087346;1545087346;1545087344;"Tvty";18397;20;"de";"Pandora";"Christmas";"VOX";"NULL";"NULL";"NULL"
1545088825;1545088825;1545088823;"Tvty";18397;20;"de";"Pandora";"Christmas";"Sixx";"NULL";"NULL";"NULL"
1545090827;1545090827;1545090825;"Tvty";18397;0;"de";"Pandora";"Mystery";"RTL Television";"NULL";"NULL";"NULL"
1545112567;1545112567;1545112566;"Tvty";18397;20;"de";"Pandora";"Christmas";"RTL Television";"NULL";"NULL";"NULL"
1545110631;1545110631;1545110629;"Tvty";18397;0;"de";"Pandora";"Mystery";"VOX";"NULL";"NULL";"NULL"
1545116964;1545116964;1545116962;"Tvty";18397;20;"de";"Pandora";"Christmas";"VOX";"NULL";"NULL";"NULL"
1545120194;1545120194;1545120192;"Tvty";18397;0;"de";"Pandora";"Mystery";"Sixx";"NULL";"NULL";"NULL"
1545126479;1545126479;1545126477;"Tvty";18397;20;"de";"Pandora";"Christmas";"Sixx";"NULL";"NULL";"NULL"
1545128182;1545128182;1545128179;"Tvty";18397;0;"de";"Pandora";"Mystery";"RTL Television";"NULL";"NULL";"NULL"
1545128866;1545128866;1545128864;"Tvty";18397;20;"de";"Pandora";"Christmas";"ProSieben";"NULL";"NULL";"NULL"
1545130513;1545130513;1545130511;"Tvty";18397;20;"de";"Pandora";"Christmas";"Kabel 1";"NULL";"NULL";"NULL"
1545129875;1545129875;1545129873;"Tvty";18397;0;"de";"Pandora";"Mystery";"Sixx";"NULL";"NULL";"NULL"
1545131257;1545131257;1545131254;"Tvty";18397;0;"de";"Pandora";"Mystery";"VOX";"NULL";"NULL";"NULL"
1545133724;1545133724;1545133722;"Tvty";18397;20;"de";"Pandora";"Christmas";"Sat1";"NULL";"NULL";"NULL"
1545137417;1545137417;1545137416;"Tvty";18397;20;"de";"Pandora";"Christmas";"RTL Television";"NULL";"NULL";"NULL"
1545146440;1545146440;1545146437;"Tvty";18397;20;"de";"Pandora";"Christmas";"Sixx";"NULL";"NULL";"NULL"
1545149452;1545149452;1545149450;"Tvty";18397;0;"de";"Pandora";"Mystery";"RTL Television";"NULL";"NULL";"NULL"
1545160128;1545160128;1545160124;"Tvty";18397;20;"de";"Pandora";"Christmas";"RTL Television";"NULL";"NULL";"NULL"
1545159974;1545159974;1545159972;"Tvty";18397;0;"de";"Pandora";"Mystery";"Sixx";"NULL";"NULL";"NULL"
1545162149;1545162149;1545162146;"Tvty";18397;0;"de";"Pandora";"Mystery";"SUPER RTL";"NULL";"NULL";"NULL"
1545162248;1545162248;1545162245;"Tvty";18397;0;"de";"Pandora";"Mystery";"ProSieben";"NULL";"NULL";"NULL"
1545165367;1545165367;1545165366;"Tvty";18397;20;"de";"Pandora";"Christmas";"SUPER RTL";"NULL";"NULL";"NULL"
1545168774;1545168774;1545168773;"Tvty";18397;20;"de";"Pandora";"Christmas";"Sixx";"NULL";"NULL";"NULL"
1545177132;1545177132;1545177129;"Tvty";18397;0;"de";"Pandora";"Mystery";"RTL Television";"NULL";"NULL";"NULL"
1545209175;1545209175;1545209172;"Tvty";18397;0;"de";"Pandora";"Mystery";"Sixx";"NULL";"NULL";"NULL"
1545212542;1545212542;1545212538;"Tvty";18397;20;"de";"Pandora";"Christmas";"RTL Television";"NULL";"NULL";"NULL"
1545213580;1545213580;1545213577;"Tvty";18397;20;"de";"Pandora";"Christmas";"Sixx";"NULL";"NULL";"NULL"
1545215526;1545215526;1545215523;"Tvty";18397;0;"de";"Pandora";"Mystery";"Sixx";"NULL";"NULL";"NULL"
1545223629;1545223629;1545223627;"Tvty";18397;20;"de";"Pandora";"Christmas";"VOX";"NULL";"NULL";"NULL"
1545225222;1545225222;1545225220;"Tvty";18397;20;"de";"Pandora";"Christmas";"Sixx";"NULL";"NULL";"NULL"
1545229869;1545229869;1545229866;"Tvty";18397;0;"de";"Pandora";"Mystery";"RTL Television";"NULL";"NULL";"NULL"
1545233021;1545233021;1545233018;"Tvty";18397;20;"de";"Pandora";"Christmas";"Sixx";"NULL";"NULL";"NULL"
1545231922;1545231922;1545231920;"Tvty";18397;0;"de";"Pandora";"Mystery";"Sixx";"NULL";"NULL";"NULL"
1545241074;1545241074;1545241071;"Tvty";18397;0;"de";"Pandora";"Mystery";"SUPER RTL";"NULL";"NULL";"NULL"
1545248921;1545248921;1545248919;"Tvty";18397;0;"de";"Pandora";"Mystery";"Kabel 1";"NULL";"NULL";"NULL"
1545248149;1545248149;1545248147;"Tvty";18397;20;"de";"Pandora";"Christmas";"Sixx";"NULL";"NULL";"NULL"
1545246227;1545246227;1545246223;"Tvty";18397;0;"de";"Pandora";"Mystery";"Sixx";"NULL";"NULL";"NULL"
1545253691;1545253691;1545253688;"Tvty";18397;20;"de";"Pandora";"Christmas";"RTL II";"NULL";"NULL";"NULL"
1545254941;1545254941;1545254939;"Tvty";18397;20;"de";"Pandora";"Christmas";"SUPER RTL";"NULL";"NULL";"NULL"
1545256663;1545256663;1545256661;"Tvty";18397;0;"de";"Pandora";"Mystery";"Sixx";"NULL";"NULL";"NULL"
1545259965;1545259965;1545259962;"Tvty";18397;0;"de";"Pandora";"Mystery";"VOX";"NULL";"NULL";"NULL"
1545258831;1545258831;1545258829;"Tvty";18397;20;"de";"Pandora";"Christmas";"RTL Television";"NULL";"NULL";"NULL"
1545258763;1545258763;1545258760;"Tvty";18397;0;"de";"Pandora";"Mystery";"SUPER RTL";"NULL";"NULL";"NULL"
1545262880;1545262880;1545262877;"Tvty";18397;20;"de";"Pandora";"Christmas";"Sixx";"NULL";"NULL";"NULL"
1545283154;1545283154;1545283150;"Tvty";18397;0;"de";"Pandora";"Mystery";"Sixx";"NULL";"NULL";"NULL"
1545284707;1545284707;1545284705;"Tvty";18397;20;"de";"Pandora";"Christmas";"Sixx";"NULL";"NULL";"NULL"
1545287974;1545287974;1545287971;"Tvty";18397;0;"de";"Pandora";"Mystery";"Sixx";"NULL";"NULL";"NULL"
1545295583;1545295583;1545295581;"Tvty";18397;20;"de";"Pandora";"Christmas";"Sixx";"NULL";"NULL";"NULL"
1545294719;1545294719;1545294716;"Tvty";18397;0;"de";"Pandora";"Mystery";"Sat1";"NULL";"NULL";"NULL"
1545301799;1545301799;1545301797;"Tvty";18397;20;"de";"Pandora";"Christmas";"VOX";"NULL";"NULL";"NULL"
1545301269;1545301269;1545301266;"Tvty";18397;0;"de";"Pandora";"Mystery";"Sixx";"NULL";"NULL";"NULL"
1545308626;1545308626;1545308623;"Tvty";18397;0;"de";"Pandora";"Mystery";"RTL Television";"NULL";"NULL";"NULL"
1545313026;1545313026;1545313024;"Tvty";18397;0;"de";"Pandora";"Mystery";"VOX";"NULL";"NULL";"NULL"
1545314486;1545314486;1545314484;"Tvty";18397;20;"de";"Pandora";"Christmas";"Sixx";"NULL";"NULL";"NULL"
1545318996;1545318996;1545318994;"Tvty";18397;20;"de";"Pandora";"Christmas";"SUPER RTL";"NULL";"NULL";"NULL"
1545320588;1545320588;1545320585;"Tvty";18397;0;"de";"Pandora";"Mystery";"SUPER RTL";"NULL";"NULL";"NULL"
1545321580;1545321580;1545321578;"Tvty";18397;0;"de";"Pandora";"Mystery";"Sixx";"NULL";"NULL";"NULL"
1545322643;1545322643;1545322641;"Tvty";18397;20;"de";"Pandora";"Christmas";"Sixx";"NULL";"NULL";"NULL"
1545325572;1545325572;1545325570;"Tvty";18397;20;"de";"Pandora";"Christmas";"SUPER RTL";"NULL";"NULL";"NULL"
1545328391;1545328391;1545328389;"Tvty";18397;20;"de";"Pandora";"Christmas";"VOX";"NULL";"NULL";"NULL"
1545331220;1545331220;1545331217;"Tvty";18397;0;"de";"Pandora";"Mystery";"SUPER RTL";"NULL";"NULL";"NULL"
1545331419;1545331419;1545331416;"Tvty";18397;0;"de";"Pandora";"Mystery";"Sixx";"NULL";"NULL";"NULL"
1545331854;1545331854;1545331852;"Tvty";18397;0;"de";"Pandora";"Mystery";"VOX";"NULL";"NULL";"NULL"
1545334888;1545334888;1545334886;"Tvty";18397;20;"de";"Pandora";"Christmas";"Sat1";"NULL";"NULL";"NULL"
1545332578;1545332578;1545332575;"Tvty";18397;0;"de";"Pandora";"Mystery";"RTL II";"NULL";"NULL";"NULL"
1545341317;1545341317;1545341315;"Tvty";18397;20;"de";"Pandora";"Christmas";"Sixx";"NULL";"NULL";"NULL"
1545342875;1545342875;1545342873;"Tvty";18397;20;"de";"Pandora";"Christmas";"SUPER RTL";"NULL";"NULL";"NULL"
1545346171;1545346171;1545346168;"Tvty";18397;0;"de";"Pandora";"Mystery";"SUPER RTL";"NULL";"NULL";"NULL"
1545346234;1545346234;1545346232;"Tvty";18397;20;"de";"Pandora";"Christmas";"Sixx";"NULL";"NULL";"NULL"
1545344447;1545344447;1545344444;"Tvty";18397;0;"de";"Pandora";"Mystery";"Sixx";"NULL";"NULL";"NULL"
1545348873;1545348873;1545348871;"Tvty";18397;20;"de";"Pandora";"Christmas";"Sixx";"NULL";"NULL";"NULL"
1545347280;1545347280;1545347277;"Tvty";18397;0;"de";"Pandora";"Mystery";"Sixx";"NULL";"NULL";"NULL"
1545369451;1545369451;1545369449;"Tvty";18397;20;"de";"Pandora";"Christmas";"VOX";"NULL";"NULL";"NULL"
1545371088;1545371088;1545371086;"Tvty";18397;0;"de";"Pandora";"Mystery";"Sixx";"NULL";"NULL";"NULL"
1545372027;1545372027;1545372025;"Tvty";18397;20;"de";"Pandora";"Christmas";"Sixx";"NULL";"NULL";"NULL"
1545376267;1545376267;1545376264;"Tvty";18397;0;"de";"Pandora";"Mystery";"VOX";"NULL";"NULL";"NULL"
1545377591;1545377591;1545377588;"Tvty";18397;0;"de";"Pandora";"Mystery";"Sixx";"NULL";"NULL";"NULL"
1545381698;1545381698;1545381696;"Tvty";18397;20;"de";"Pandora";"Christmas";"Sixx";"NULL";"NULL";"NULL"
1545389299;1545389299;1545389297;"Tvty";18397;20;"de";"Pandora";"Christmas";"RTL Television";"NULL";"NULL";"NULL"
1545386794;1545386794;1545386792;"Tvty";18397;20;"de";"Pandora";"Christmas";"VOX";"NULL";"NULL";"NULL"
1545397687;1545397687;1545397683;"Tvty";18397;0;"de";"Pandora";"Mystery";"VOX";"NULL";"NULL";"NULL"
1545405465;1545405465;1545405464;"Tvty";18397;20;"de";"Pandora";"Christmas";"SUPER RTL";"NULL";"NULL";"NULL"
1545407058;1545407058;1545407055;"Tvty";18397;0;"de";"Pandora";"Mystery";"SUPER RTL";"NULL";"NULL";"NULL"
1545410242;1545410242;1545410240;"Tvty";18397;20;"de";"Pandora";"Christmas";"SUPER RTL";"NULL";"NULL";"NULL"
1545413846;1545413846;1545413844;"Tvty";18397;20;"de";"Pandora";"Christmas";"SUPER RTL";"NULL";"NULL";"NULL"
1545414857;1545414857;1545414854;"Tvty";18397;0;"de";"Pandora";"Mystery";"Sixx";"NULL";"NULL";"NULL"
1545411961;1545411961;1545411957;"Tvty";18397;0;"de";"Pandora";"Mystery";"SUPER RTL";"NULL";"NULL";"NULL"
1545421466;1545421466;1545421463;"Tvty";18397;0;"de";"Pandora";"Mystery";"RTL Television";"NULL";"NULL";"NULL"
1545418976;1545418976;1545418974;"Tvty";18397;20;"de";"Pandora";"Christmas";"Sixx";"NULL";"NULL";"NULL"
1545425152;1545425152;1545425149;"Tvty";18397;0;"de";"Pandora";"Mystery";"SUPER RTL";"NULL";"NULL";"NULL"
1545428897;1545428897;1545428895;"Tvty";18397;20;"de";"Pandora";"Christmas";"SUPER RTL";"NULL";"NULL";"NULL"
1545430795;1545430795;1545430793;"Tvty";18397;20;"de";"Pandora";"Christmas";"RTL Television";"NULL";"NULL";"NULL"
1545430958;1545430958;1545430955;"Tvty";18397;0;"de";"Pandora";"Mystery";"SUPER RTL";"NULL";"NULL";"NULL"
1545456822;1545456822;1545456820;"Tvty";18397;0;"de";"Pandora";"Mystery";"Sixx";"NULL";"NULL";"NULL"
1545469368;1545469368;1545469366;"Tvty";18397;20;"de";"Pandora";"Christmas";"Sixx";"NULL";"NULL";"NULL"
1545474604;1545474604;1545474602;"Tvty";18397;20;"de";"Pandora";"Christmas";"VOX";"NULL";"NULL";"NULL"
1545475536;1545475536;1545475534;"Tvty";18397;20;"de";"Pandora";"Christmas";"Sixx";"NULL";"NULL";"NULL"
1545473546;1545473546;1545473544;"Tvty";18397;0;"de";"Pandora";"Mystery";"Sixx";"NULL";"NULL";"NULL"
1545479788;1545479788;1545479787;"Tvty";18397;20;"de";"Pandora";"Christmas";"Kabel 1";"NULL";"NULL";"NULL"
1545479211;1545479211;1545479209;"Tvty";18397;20;"de";"Pandora";"Christmas";"Sixx";"NULL";"NULL";"NULL"
1545477175;1545477175;1545477172;"Tvty";18397;0;"de";"Pandora";"Mystery";"Sixx";"NULL";"NULL";"NULL"
1545478389;1545478389;1545478387;"Tvty";18397;0;"de";"Pandora";"Mystery";"VOX";"NULL";"NULL";"NULL"
1545481911;1545481911;1545481909;"Tvty";18397;20;"de";"Pandora";"Christmas";"VOX";"NULL";"NULL";"NULL"
1545484237;1545484237;1545484234;"Tvty";18397;0;"de";"Pandora";"Mystery";"Sixx";"NULL";"NULL";"NULL"
1545486491;1545486491;1545486490;"Tvty";18397;20;"de";"Pandora";"Christmas";"Sixx";"NULL";"NULL";"NULL"
1545493366;1545493366;1545493364;"Tvty";18397;20;"de";"Pandora";"Christmas";"SUPER RTL";"NULL";"NULL";"NULL"
1545493542;1545493542;1545493540;"Tvty";18397;20;"de";"Pandora";"Christmas";"Sixx";"NULL";"NULL";"NULL"
1545491546;1545491546;1545491543;"Tvty";18397;0;"de";"Pandora";"Mystery";"Sixx";"NULL";"NULL";"NULL"
1545496859;1545496859;1545496856;"Tvty";18397;0;"de";"Pandora";"Mystery";"SUPER RTL";"NULL";"NULL";"NULL"
1545500228;1545500228;1545500225;"Tvty";18397;0;"de";"Pandora";"Mystery";"SUPER RTL";"NULL";"NULL";"NULL"
1545501219;1545501219;1545501217;"Tvty";18397;0;"de";"Pandora";"Mystery";"VOX";"NULL";"NULL";"NULL"
1545498462;1545498462;1545498460;"Tvty";18397;20;"de";"Pandora";"Christmas";"SUPER RTL";"NULL";"NULL";"NULL"
1545498891;1545498891;1545498887;"Tvty";18397;0;"de";"Pandora";"Mystery";"Sixx";"NULL";"NULL";"NULL"
1545504299;1545504299;1545504296;"Tvty";18397;20;"de";"Pandora";"Christmas";"VOX";"NULL";"NULL";"NULL"
1545505885;1545505885;1545505884;"Tvty";18397;20;"de";"Pandora";"Christmas";"SUPER RTL";"NULL";"NULL";"NULL"
1545505955;1545505955;1545505953;"Tvty";18397;20;"de";"Pandora";"Christmas";"ProSieben";"NULL";"NULL";"NULL"
1545511216;1545511216;1545511213;"Tvty";18397;0;"de";"Pandora";"Mystery";"SUPER RTL";"NULL";"NULL";"NULL"
1545512760;1545512760;1545512758;"Tvty";18397;20;"de";"Pandora";"Christmas";"SUPER RTL";"NULL";"NULL";"NULL"
1545515334;1545515334;1545515331;"Tvty";18397;0;"de";"Pandora";"Mystery";"VOX";"NULL";"NULL";"NULL"
1545518964;1545518964;1545518962;"Tvty";18397;20;"de";"Pandora";"Christmas";"VOX";"NULL";"NULL";"NULL"
1545520589;1545520589;1545520586;"Tvty";18397;0;"de";"Pandora";"Mystery";"RTL Television";"NULL";"NULL";"NULL"
1545520799;1545520799;1545520796;"Tvty";18397;0;"de";"Pandora";"Mystery";"VOX";"NULL";"NULL";"NULL"
1545520540;1545520540;1545520537;"Tvty";18397;0;"de";"Pandora";"Mystery";"SUPER RTL";"NULL";"NULL";"NULL"
1545542298;1545542298;1545542296;"Tvty";18397;20;"de";"Pandora";"Christmas";"Sixx";"NULL";"NULL";"NULL"
1545564072;1545564072;1545564070;"Tvty";18397;0;"de";"Pandora";"Mystery";"Sixx";"NULL";"NULL";"NULL"
1545574551;1545574551;1545574549;"Tvty";18397;20;"de";"Pandora";"Christmas";"Sixx";"NULL";"NULL";"NULL"
1545581453;1545581453;1545581451;"Tvty";18397;20;"de";"Pandora";"Christmas";"SUPER RTL";"NULL";"NULL";"NULL"
1545583269;1545583269;1545583266;"Tvty";18397;0;"de";"Pandora";"Mystery";"SUPER RTL";"NULL";"NULL";"NULL"
1545585062;1545585062;1545585060;"Tvty";18397;20;"de";"Pandora";"Christmas";"SUPER RTL";"NULL";"NULL";"NULL"
1545586783;1545586783;1545586779;"Tvty";18397;0;"de";"Pandora";"Mystery";"SUPER RTL";"NULL";"NULL";"NULL"
1545590757;1545590757;1545590755;"Tvty";18397;20;"de";"Pandora";"Christmas";"SUPER RTL";"NULL";"NULL";"NULL"
1545590559;1545590559;1545590558;"Tvty";18397;20;"de";"Pandora";"Christmas";"VOX";"NULL";"NULL";"NULL"
1545591758;1545591758;1545591755;"Tvty";18397;0;"de";"Pandora";"Mystery";"VOX";"NULL";"NULL";"NULL"
1545594833;1545594833;1545594831;"Tvty";18397;0;"de";"Pandora";"Mystery";"Sixx";"NULL";"NULL";"NULL"
1545596131;1545596131;1545596128;"Tvty";18397;0;"de";"Pandora";"Mystery";"Sat1";"NULL";"NULL";"NULL"
1545598071;1545598071;1545598069;"Tvty";18397;20;"de";"Pandora";"Christmas";"Sixx";"NULL";"NULL";"NULL"
1545601814;1545601814;1545601812;"Tvty";18397;20;"de";"Pandora";"Christmas";"RTL Television";"NULL";"NULL";"NULL"
1545605818;1545605818;1545605816;"Tvty";18397;0;"de";"Pandora";"Mystery";"Sixx";"NULL";"NULL";"NULL"
1545607384;1545607384;1545607382;"Tvty";18397;20;"de";"Pandora";"Christmas";"Sixx";"NULL";"NULL";"NULL"
