"";"timestamp";"received_timestamp";"broadcast_timestamp";"tv_tracking_provider";"partner_id";"broadcast_duration_sec";"country";"ad_brand";"spot_name";"tv_channel_name";"prev_program";"next_program";"genre"
"1";1546580135;1546580135;1546580133;"Tvty";25572;10;"de";"Idealo";"Idealo Flug";"Comedy Central";NA;NA;NA
"2";1546580135;1546580135;1546580133;"Tvty";25572;10;"de";"Idealo";"Idealo Flug";"Viva";NA;NA;NA
"3";1546779501;1546779501;1546779498;"Tvty";25572;0;"de";"Idealo";"Idealo Flug";"Viva";NA;NA;NA
"4";1546779501;1546779501;1546779498;"Tvty";25572;0;"de";"Idealo";"Idealo Flug";"Comedy Central";NA;NA;NA
"5";1546850768;1546850768;1546850766;"Tvty";25572;0;"de";"Idealo";"Idealo Flug";"Comedy Central";NA;NA;NA
"6";1546850768;1546850768;1546850766;"Tvty";25572;0;"de";"Idealo";"Idealo Flug";"Viva";NA;NA;NA
"7";1546524082;1546524082;1546524080;"Tvty";25572;10;"de";"Idealo";"Idealo Flug";"Comedy Central";NA;NA;NA
"8";1546524082;1546524082;1546524080;"Tvty";25572;10;"de";"Idealo";"Idealo Flug";"Viva";NA;NA;NA
"10";1546838713;1546838713;1546838711;"Tvty";25572;10;"de";"Idealo";"Idealo Flug";"Viva";NA;NA;NA
"11";1546838713;1546838713;1546838711;"Tvty";25572;10;"de";"Idealo";"Idealo Flug";"Comedy Central";NA;NA;NA
"12";1546925204;1546925204;1546925202;"Tvty";25572;0;"de";"Idealo";"Idealo Flug";"Viva";NA;NA;NA
"13";1546925204;1546925204;1546925202;"Tvty";25572;0;"de";"Idealo";"Idealo Flug";"Comedy Central";NA;NA;NA
"14";1546940389;1546940389;1546940387;"Tvty";25572;10;"de";"Idealo";"Idealo Flug";"DMAX";NA;NA;NA
"15";1546776439;1546776439;1546776438;"Tvty";25572;10;"de";"Idealo";"Idealo Flug";"DMAX";NA;NA;NA
"16";1546468093;1546468093;1546468092;"Tvty";25572;0;"de";"Idealo";"Idealo Flug";"Nickelodeon";NA;NA;NA
"17";1546966280;1546966280;1546966278;"Tvty";25572;10;"de";"Idealo";"Idealo Flug";"Viva";NA;NA;NA
"18";1546966280;1546966280;1546966278;"Tvty";25572;10;"de";"Idealo";"Idealo Flug";"Comedy Central";NA;NA;NA
"19";1546503990;1546503990;1546503988;"Tvty";25572;20;"de";"Idealo";"Idealo Flug";"N TV";NA;NA;NA
"20";1546635034;1546635034;1546635030;"Tvty";25572;20;"de";"Idealo";"Idealo Flug";"Viva";NA;NA;NA
"21";1546635034;1546635034;1546635030;"Tvty";25572;20;"de";"Idealo";"Idealo Flug";"Comedy Central";NA;NA;NA
"22";1546614357;1546614357;1546614355;"Tvty";25572;10;"de";"Idealo";"Idealo Flug";"DMAX";NA;NA;NA
"23";1546510034;1546510034;1546510029;"Tvty";25572;20;"de";"Idealo";"Idealo Flug";"DMAX";NA;NA;NA
"24";1546620492;1546620492;1546620490;"Tvty";25572;0;"de";"Idealo";"Idealo Flug";"Comedy Central";NA;NA;NA
"25";1546620492;1546620492;1546620490;"Tvty";25572;0;"de";"Idealo";"Idealo Flug";"Viva";NA;NA;NA
"26";1546677000;1546677000;1546676999;"Tvty";25572;10;"de";"Idealo";"Idealo Flug";"N TV";NA;NA;NA
"27";1546698737;1546698737;1546698736;"Tvty";25572;10;"de";"Idealo";"Idealo Flug";"Comedy Central";NA;NA;NA
"28";1546698737;1546698737;1546698736;"Tvty";25572;10;"de";"Idealo";"Idealo Flug";"Viva";NA;NA;NA
"29";1546673113;1546673113;1546673111;"Tvty";25572;20;"de";"Idealo";"Idealo Flug";"Comedy Central";NA;NA;NA
"30";1546673113;1546673113;1546673111;"Tvty";25572;20;"de";"Idealo";"Idealo Flug";"Viva";NA;NA;NA
"31";1546893353;1546893353;1546893351;"Tvty";25572;10;"de";"Idealo";"Idealo Flug";"Nickelodeon";NA;NA;NA
"32";1546695960;1546695960;1546695957;"Tvty";25572;20;"de";"Idealo";"Idealo Flug";"N TV";NA;NA;NA
"33";1546879998;1546879998;1546879978;"Tvty";25572;10;"de";"Idealo";"Idealo Flug";"Comedy Central";NA;NA;NA
"34";1546625184;1546625184;1546625182;"Tvty";25572;0;"de";"Idealo";"Idealo Flug";"DMAX";NA;NA;NA
"35";1546752306;1546752306;1546752304;"Tvty";25572;10;"de";"Idealo";"Idealo Flug";"Comedy Central";NA;NA;NA
"36";1546752306;1546752306;1546752304;"Tvty";25572;10;"de";"Idealo";"Idealo Flug";"Viva";NA;NA;NA
"37";1546525172;1546525172;1546525170;"Tvty";25572;10;"de";"Idealo";"Idealo Flug";"N TV";NA;NA;NA
"38";1546532829;1546532829;1546532828;"Tvty";25572;20;"de";"Idealo";"Idealo Flug";"N24";NA;NA;NA
"39";1546695091;1546695091;1546695089;"Tvty";25572;10;"de";"Idealo";"Idealo Flug";"N24";NA;NA;NA
"40";1546545071;1546545071;1546545068;"Tvty";25572;10;"de";"Idealo";"Idealo Flug";"Nickelodeon";NA;NA;NA
"41";1546679666;1546679666;1546679664;"Tvty";25572;10;"de";"Idealo";"Idealo Flug";"DMAX";NA;NA;NA
"42";1546716265;1546716265;1546716263;"Tvty";25572;20;"de";"Idealo";"Idealo Flug";"N24";NA;NA;NA
"43";1546788574;1546788574;1546788572;"Tvty";25572;20;"de";"Idealo";"Idealo Flug";"N TV";NA;NA;NA
"44";1546879980;1546879980;1546879978;"Tvty";25572;10;"de";"Idealo";"Idealo Flug";"Viva";NA;NA;NA
"45";1546879980;1546879980;1546879978;"Tvty";25572;10;"de";"Idealo";"Idealo Flug";"Comedy Central";NA;NA;NA
"46";1546967251;1546967251;1546967249;"Tvty";25572;0;"de";"Idealo";"Idealo Flug";"DMAX";NA;NA;NA
"47";1546684994;1546684994;1546684992;"Tvty";25572;10;"de";"Idealo";"Idealo Flug";"Comedy Central";NA;NA;NA
"48";1546684994;1546684994;1546684992;"Tvty";25572;10;"de";"Idealo";"Idealo Flug";"Viva";NA;NA;NA
"49";1546938707;1546938707;1546938705;"Tvty";25572;10;"de";"Idealo";"Idealo Flug";"DMAX";NA;NA;NA
"50";1546845602;1546845602;1546845598;"Tvty";25572;20;"de";"Idealo";"Idealo Flug";"Viva";NA;NA;NA
"51";1546845602;1546845602;1546845598;"Tvty";25572;20;"de";"Idealo";"Idealo Flug";"Comedy Central";NA;NA;NA
"52";1546946765;1546946765;1546946763;"Tvty";25572;10;"de";"Idealo";"Idealo Flug";"Viva";NA;NA;NA
"53";1546946765;1546946765;1546946763;"Tvty";25572;10;"de";"Idealo";"Idealo Flug";"Comedy Central";NA;NA;NA
"54";1546875419;1546875419;1546875416;"Tvty";25572;20;"de";"Idealo";"Idealo Flug";"DMAX";NA;NA;NA
"55";1546855007;1546855007;1546855003;"Tvty";25572;20;"de";"Idealo";"Idealo Flug";"N24";NA;NA;NA
"56";1546932247;1546932247;1546932245;"Tvty";25572;10;"de";"Idealo";"Idealo Flug";"Viva";NA;NA;NA
"57";1546932247;1546932247;1546932245;"Tvty";25572;10;"de";"Idealo";"Idealo Flug";"Comedy Central";NA;NA;NA
"58";1546755447;1546755447;1546755445;"Tvty";25572;20;"de";"Idealo";"Idealo Flug";"Comedy Central";NA;NA;NA
"59";1546755447;1546755447;1546755445;"Tvty";25572;20;"de";"Idealo";"Idealo Flug";"Viva";NA;NA;NA
"60";1546763202;1546763202;1546763199;"Tvty";25572;20;"de";"Idealo";"Idealo Flug";"N TV";NA;NA;NA
"61";1546800022;1546800022;1546800020;"Tvty";25572;10;"de";"Idealo";"Idealo Flug";"N24";NA;NA;NA
"62";1546524410;1546524410;1546524408;"Tvty";25572;10;"de";"Idealo";"Idealo Flug";"DMAX";NA;NA;NA
"63";1546763185;1546763185;1546763184;"Tvty";25572;10;"de";"Idealo";"Idealo Flug";"Comedy Central";NA;NA;NA
"64";1546763185;1546763185;1546763184;"Tvty";25572;10;"de";"Idealo";"Idealo Flug";"Viva";NA;NA;NA
"65";1546597770;1546597770;1546597768;"Tvty";25572;10;"de";"Idealo";"Idealo Flug";"N TV";NA;NA;NA
"66";1546853449;1546853449;1546853447;"Tvty";25572;20;"de";"Idealo";"Idealo Flug";"Comedy Central";NA;NA;NA
"67";1546853449;1546853449;1546853447;"Tvty";25572;20;"de";"Idealo";"Idealo Flug";"Viva";NA;NA;NA
"68";1546602812;1546602812;1546602811;"Tvty";25572;10;"de";"Idealo";"Idealo Flug";"Comedy Central";NA;NA;NA
"69";1546602812;1546602812;1546602811;"Tvty";25572;10;"de";"Idealo";"Idealo Flug";"Viva";NA;NA;NA
"70";1546678836;1546678836;1546678834;"Tvty";25572;10;"de";"Idealo";"Idealo Flug";"Comedy Central";NA;NA;NA
"71";1546678836;1546678836;1546678834;"Tvty";25572;10;"de";"Idealo";"Idealo Flug";"Viva";NA;NA;NA
"72";1546720253;1546720253;1546720250;"Tvty";25572;20;"de";"Idealo";"Idealo Flug";"Nickelodeon";NA;NA;NA
"73";1546864967;1546864967;1546864965;"Tvty";25572;10;"de";"Idealo";"Idealo Flug";"Comedy Central";NA;NA;NA
"74";1546864967;1546864967;1546864965;"Tvty";25572;10;"de";"Idealo";"Idealo Flug";"Viva";NA;NA;NA
"75";1546867763;1546867763;1546867761;"Tvty";25572;10;"de";"Idealo";"Idealo Flug";"N TV";NA;NA;NA
"76";1546464017;1546464017;1546464016;"Tvty";25572;10;"de";"Idealo";"Idealo Flug";"Viva";NA;NA;NA
"77";1546464017;1546464017;1546464016;"Tvty";25572;10;"de";"Idealo";"Idealo Flug";"Comedy Central";NA;NA;NA
"78";1546508281;1546508281;1546508279;"Tvty";25572;0;"de";"Idealo";"Idealo Flug";"DMAX";NA;NA;NA
"79";1546615960;1546615960;1546615958;"Tvty";25572;20;"de";"Idealo";"Idealo Flug";"Viva";NA;NA;NA
"80";1546615960;1546615960;1546615958;"Tvty";25572;20;"de";"Idealo";"Idealo Flug";"Comedy Central";NA;NA;NA
"81";1546963024;1546963024;1546963022;"Tvty";25572;10;"de";"Idealo";"Idealo Flug";"N TV";NA;NA;NA
"82";1546771524;1546771524;1546771523;"Tvty";25572;20;"de";"Idealo";"Idealo Flug";"N TV";NA;NA;NA
"83";1546518103;1546518103;1546518100;"Tvty";25572;20;"de";"Idealo";"Idealo Flug";"Comedy Central";NA;NA;NA
"84";1546518103;1546518103;1546518100;"Tvty";25572;20;"de";"Idealo";"Idealo Flug";"Viva";NA;NA;NA
"85";1546940705;1546940705;1546940703;"Tvty";25572;0;"de";"Idealo";"Idealo Flug";"Viva";NA;NA;NA
"86";1546940705;1546940705;1546940703;"Tvty";25572;0;"de";"Idealo";"Idealo Flug";"Comedy Central";NA;NA;NA
"87";1546604729;1546604729;1546604728;"Tvty";25572;0;"de";"Idealo";"Idealo Flug";"N24";NA;NA;NA
"88";1546870132;1546870132;1546870128;"Tvty";25572;0;"de";"Idealo";"Idealo Flug";"Comedy Central";NA;NA;NA
"89";1546870132;1546870132;1546870128;"Tvty";25572;0;"de";"Idealo";"Idealo Flug";"Viva";NA;NA;NA
"90";1546752407;1546752407;1546752406;"Tvty";25572;10;"de";"Idealo";"Idealo Flug";"N TV";NA;NA;NA
"91";1546954823;1546954823;1546954821;"Tvty";25572;0;"de";"Idealo";"Idealo Flug";"DMAX";NA;NA;NA
"92";1546506928;1546506928;1546506924;"Tvty";25572;20;"de";"Idealo";"Idealo Flug";"Comedy Central";NA;NA;NA
"93";1546506928;1546506928;1546506924;"Tvty";25572;20;"de";"Idealo";"Idealo Flug";"Viva";NA;NA;NA
"94";1546753728;1546753728;1546753724;"Tvty";25572;20;"de";"Idealo";"Idealo Flug";"N TV";NA;NA;NA
"95";1546873525;1546873525;1546873523;"Tvty";25572;10;"de";"Idealo";"Idealo Flug";"DMAX";NA;NA;NA
"96";1546760556;1546760556;1546760554;"Tvty";25572;20;"de";"Idealo";"Idealo Flug";"N TV";NA;NA;NA
"97";1546771348;1546771348;1546771344;"Tvty";25572;20;"de";"Idealo";"Idealo Flug";"DMAX";NA;NA;NA
"98";1546785047;1546785047;1546785045;"Tvty";25572;10;"de";"Idealo";"Idealo Flug";"N24";NA;NA;NA
"99";1546666765;1546666765;1546666764;"Tvty";25572;10;"de";"Idealo";"Idealo Flug";"Comedy Central";NA;NA;NA
"100";1546666765;1546666765;1546666764;"Tvty";25572;10;"de";"Idealo";"Idealo Flug";"Viva";NA;NA;NA
"101";1546933542;1546933542;1546933538;"Tvty";25572;20;"de";"Idealo";"Idealo Flug";"N24";NA;NA;NA
"102";1546676484;1546676484;1546676480;"Tvty";25572;20;"de";"Idealo";"Idealo Flug";"Comedy Central";NA;NA;NA
"103";1546676484;1546676484;1546676480;"Tvty";25572;20;"de";"Idealo";"Idealo Flug";"Viva";NA;NA;NA
"104";1546693866;1546693866;1546693864;"Tvty";25572;10;"de";"Idealo";"Idealo Flug";"Viva";NA;NA;NA
"105";1546693866;1546693866;1546693864;"Tvty";25572;10;"de";"Idealo";"Idealo Flug";"Comedy Central";NA;NA;NA
"106";1546511622;1546511622;1546511620;"Tvty";25572;0;"de";"Idealo";"Idealo Flug";"Viva";NA;NA;NA
"107";1546511622;1546511622;1546511620;"Tvty";25572;0;"de";"Idealo";"Idealo Flug";"Comedy Central";NA;NA;NA
"108";1546609038;1546609038;1546609037;"Tvty";25572;10;"de";"Idealo";"Idealo Flug";"Viva";NA;NA;NA
"109";1546609038;1546609038;1546609037;"Tvty";25572;10;"de";"Idealo";"Idealo Flug";"Comedy Central";NA;NA;NA
"110";1546960744;1546960744;1546960742;"Tvty";25572;10;"de";"Idealo";"Idealo Flug";"Viva";NA;NA;NA
"111";1546960744;1546960744;1546960742;"Tvty";25572;10;"de";"Idealo";"Idealo Flug";"Comedy Central";NA;NA;NA
"112";1546690608;1546690608;1546690607;"Tvty";25572;10;"de";"Idealo";"Idealo Flug";"Viva";NA;NA;NA
"113";1546690608;1546690608;1546690607;"Tvty";25572;10;"de";"Idealo";"Idealo Flug";"Comedy Central";NA;NA;NA
"114";1546769153;1546769153;1546769152;"Tvty";25572;10;"de";"Idealo";"Idealo Flug";"DMAX";NA;NA;NA
"115";1546778431;1546778431;1546778427;"Tvty";25572;20;"de";"Idealo";"Idealo Flug";"N TV";NA;NA;NA
"116";1546884306;1546884306;1546884304;"Tvty";25572;20;"de";"Idealo";"Idealo Flug";"DMAX";NA;NA;NA
"117";1546886071;1546886071;1546886068;"Tvty";25572;20;"de";"Idealo";"Idealo Flug";"N24";NA;NA;NA
"118";1546961887;1546961887;1546961886;"Tvty";25572;10;"de";"Idealo";"Idealo Flug";"DMAX";NA;NA;NA
"119";1546584588;1546584588;1546584586;"Tvty";25572;10;"de";"Idealo";"Idealo Flug";"Viva";NA;NA;NA
"120";1546584588;1546584588;1546584586;"Tvty";25572;10;"de";"Idealo";"Idealo Flug";"Comedy Central";NA;NA;NA
"121";1546604633;1546604633;1546604631;"Tvty";25572;20;"de";"Idealo";"Idealo Flug";"Viva";NA;NA;NA
"122";1546604633;1546604633;1546604631;"Tvty";25572;20;"de";"Idealo";"Idealo Flug";"Comedy Central";NA;NA;NA
"123";1546671106;1546671106;1546671104;"Tvty";25572;10;"de";"Idealo";"Idealo Flug";"N TV";NA;NA;NA
"124";1546593140;1546593140;1546593139;"Tvty";25572;0;"de";"Idealo";"Idealo Flug";"DMAX";NA;NA;NA
"125";1546682765;1546682765;1546682762;"Tvty";25572;20;"de";"Idealo";"Idealo Flug";"DMAX";NA;NA;NA
"126";1546954606;1546954606;1546954605;"Tvty";25572;10;"de";"Idealo";"Idealo Flug";"Viva";NA;NA;NA
"127";1546954606;1546954606;1546954605;"Tvty";25572;10;"de";"Idealo";"Idealo Flug";"Comedy Central";NA;NA;NA
"128";1546666174;1546666174;1546666172;"Tvty";25572;10;"de";"Idealo";"Idealo Flug";"N TV";NA;NA;NA
"129";1546806704;1546806704;1546806703;"Tvty";25572;0;"de";"Idealo";"Idealo Flug";"Comedy Central";NA;NA;NA
"130";1546806704;1546806704;1546806703;"Tvty";25572;0;"de";"Idealo";"Idealo Flug";"Viva";NA;NA;NA
"131";1546943220;1546943220;1546943218;"Tvty";25572;10;"de";"Idealo";"Idealo Flug";"N TV";NA;NA;NA
"132";1546449836;1546449836;1546449832;"Tvty";25572;20;"de";"Idealo";"Idealo Flug";"Comedy Central";NA;NA;NA
"133";1546449836;1546449836;1546449832;"Tvty";25572;20;"de";"Idealo";"Idealo Flug";"Viva";NA;NA;NA
"134";1546773551;1546773551;1546773549;"Tvty";25572;10;"de";"Idealo";"Idealo Flug";"Comedy Central";NA;NA;NA
"135";1546773551;1546773551;1546773549;"Tvty";25572;10;"de";"Idealo";"Idealo Flug";"Viva";NA;NA;NA
"136";1546618179;1546618179;1546618174;"Tvty";25572;20;"de";"Idealo";"Idealo Flug";"DMAX";NA;NA;NA
"137";1546955357;1546955357;1546955353;"Tvty";25572;20;"de";"Idealo";"Idealo Flug";"N24";NA;NA;NA
"138";1546457294;1546457294;1546457292;"Tvty";25572;10;"de";"Idealo";"Idealo Flug";"Nickelodeon";NA;NA;NA
"139";1546593862;1546593862;1546593860;"Tvty";25572;0;"de";"Idealo";"Idealo Flug";"Viva";NA;NA;NA
"140";1546593862;1546593862;1546593860;"Tvty";25572;0;"de";"Idealo";"Idealo Flug";"Comedy Central";NA;NA;NA
"141";1546806681;1546806681;1546806679;"Tvty";25572;10;"de";"Idealo";"Idealo Flug";"Nickelodeon";NA;NA;NA
"142";1546857569;1546857569;1546857567;"Tvty";25572;10;"de";"Idealo";"Idealo Flug";"DMAX";NA;NA;NA
"143";1546453464;1546453464;1546453463;"Tvty";25572;10;"de";"Idealo";"Idealo Flug";"Comedy Central";NA;NA;NA
"144";1546453464;1546453464;1546453463;"Tvty";25572;10;"de";"Idealo";"Idealo Flug";"Viva";NA;NA;NA
"145";1546624260;1546624260;1546624256;"Tvty";25572;20;"de";"Idealo";"Idealo Flug";"Comedy Central";NA;NA;NA
"146";1546624260;1546624260;1546624256;"Tvty";25572;20;"de";"Idealo";"Idealo Flug";"Viva";NA;NA;NA
"147";1546686347;1546686347;1546686345;"Tvty";25572;20;"de";"Idealo";"Idealo Flug";"DMAX";NA;NA;NA
"148";1546505234;1546505234;1546505232;"Tvty";25572;10;"de";"Idealo";"Idealo Flug";"Comedy Central";NA;NA;NA
"149";1546505234;1546505234;1546505232;"Tvty";25572;10;"de";"Idealo";"Idealo Flug";"Viva";NA;NA;NA
"150";1546493787;1546493787;1546493785;"Tvty";25572;20;"de";"Idealo";"Idealo Flug";"Viva";NA;NA;NA
"151";1546493787;1546493787;1546493785;"Tvty";25572;20;"de";"Idealo";"Idealo Flug";"Comedy Central";NA;NA;NA
"152";1546505142;1546505142;1546505140;"Tvty";25572;20;"de";"Idealo";"Idealo Flug";"DMAX";NA;NA;NA
"153";1546770680;1546770680;1546770679;"Tvty";25572;10;"de";"Idealo";"Idealo Flug";"N24";NA;NA;NA
"154";1546536629;1546536629;1546536625;"Tvty";25572;20;"de";"Idealo";"Idealo Flug";"Comedy Central";NA;NA;NA
"155";1546536629;1546536629;1546536625;"Tvty";25572;20;"de";"Idealo";"Idealo Flug";"Viva";NA;NA;NA
"156";1546601784;1546601784;1546601782;"Tvty";25572;10;"de";"Idealo";"Idealo Flug";"DMAX";NA;NA;NA
"157";1546697208;1546697208;1546697206;"Tvty";25572;10;"de";"Idealo";"Idealo Flug";"DMAX";NA;NA;NA
"158";1546794485;1546794485;1546794483;"Tvty";25572;10;"de";"Idealo";"Idealo Flug";"DMAX";NA;NA;NA
"159";1546929066;1546929066;1546929065;"Tvty";25572;20;"de";"Idealo";"Idealo Flug";"Comedy Central";NA;NA;NA
"160";1546929066;1546929066;1546929065;"Tvty";25572;20;"de";"Idealo";"Idealo Flug";"Viva";NA;NA;NA
"161";1546599137;1546599137;1546599135;"Tvty";25572;20;"de";"Idealo";"Idealo Flug";"N24";NA;NA;NA
"162";1546708037;1546708037;1546708035;"Tvty";25572;10;"de";"Idealo";"Idealo Flug";"DMAX";NA;NA;NA
"163";1546634099;1546634099;1546634097;"Tvty";25572;10;"de";"Idealo";"Idealo Flug";"Nickelodeon";NA;NA;NA
"164";1546839885;1546839885;1546839883;"Tvty";25572;10;"de";"Idealo";"Idealo Flug";"N TV";NA;NA;NA
"165";1546856300;1546856300;1546856298;"Tvty";25572;0;"de";"Idealo";"Idealo Flug";"Comedy Central";NA;NA;NA
"166";1546856300;1546856300;1546856298;"Tvty";25572;0;"de";"Idealo";"Idealo Flug";"Viva";NA;NA;NA
"167";1546767696;1546767696;1546767693;"Tvty";25572;10;"de";"Idealo";"Idealo Flug";"Comedy Central";NA;NA;NA
"168";1546767696;1546767696;1546767693;"Tvty";25572;10;"de";"Idealo";"Idealo Flug";"Viva";NA;NA;NA
"169";1546795023;1546795023;1546795021;"Tvty";25572;20;"de";"Idealo";"Idealo Flug";"Viva";NA;NA;NA
"170";1546795023;1546795023;1546795021;"Tvty";25572;20;"de";"Idealo";"Idealo Flug";"Comedy Central";NA;NA;NA
"171";1546861695;1546861695;1546861693;"Tvty";25572;10;"de";"Idealo";"Idealo Flug";"Comedy Central";NA;NA;NA
"172";1546861695;1546861695;1546861693;"Tvty";25572;10;"de";"Idealo";"Idealo Flug";"Viva";NA;NA;NA
"173";1546956104;1546956104;1546956102;"Tvty";25572;20;"de";"Idealo";"Idealo Flug";"Comedy Central";NA;NA;NA
"174";1546956104;1546956104;1546956102;"Tvty";25572;20;"de";"Idealo";"Idealo Flug";"Viva";NA;NA;NA
"175";1546789077;1546789077;1546789075;"Tvty";25572;20;"de";"Idealo";"Idealo Flug";"DMAX";NA;NA;NA
"176";1546803726;1546803726;1546803724;"Tvty";25572;0;"de";"Idealo";"Idealo Flug";"Nickelodeon";NA;NA;NA
"177";1546950086;1546950086;1546950084;"Tvty";25572;10;"de";"Idealo";"Idealo Flug";"Viva";NA;NA;NA
"178";1546950086;1546950086;1546950084;"Tvty";25572;10;"de";"Idealo";"Idealo Flug";"Comedy Central";NA;NA;NA
"179";1546758579;1546758579;1546758576;"Tvty";25572;0;"de";"Idealo";"Idealo Flug";"Viva";NA;NA;NA
"180";1546758579;1546758579;1546758576;"Tvty";25572;0;"de";"Idealo";"Idealo Flug";"Comedy Central";NA;NA;NA
"181";1546447116;1546447116;1546447115;"Tvty";25572;10;"de";"Idealo";"Idealo Flug";"DMAX";NA;NA;NA
"182";1546508658;1546508658;1546508656;"Tvty";25572;20;"de";"Idealo";"Idealo Flug";"N24";NA;NA;NA
"183";1546596251;1546596251;1546596249;"Tvty";25572;10;"de";"Idealo";"Idealo Flug";"DMAX";NA;NA;NA
"184";1546935642;1546935642;1546935641;"Tvty";25572;10;"de";"Idealo";"Idealo Flug";"DMAX";NA;NA;NA
"185";1546942105;1546942105;1546942102;"Tvty";25572;0;"de";"Idealo";"Idealo Flug";"DMAX";NA;NA;NA
"186";1546619578;1546619578;1546619577;"Tvty";25572;10;"de";"Idealo";"Idealo Flug";"N24";NA;NA;NA
"187";1546981950;1546981950;1546981946;"Tvty";25572;20;"de";"Idealo";"Idealo Flug";"Comedy Central";NA;NA;NA
"188";1546981950;1546981950;1546981946;"Tvty";25572;20;"de";"Idealo";"Idealo Flug";"Viva";NA;NA;NA
"189";1546531662;1546531662;1546531660;"Tvty";25572;0;"de";"Idealo";"Idealo Flug";"DMAX";NA;NA;NA
"190";1546630147;1546630147;1546630145;"Tvty";25572;20;"de";"Idealo";"Idealo Flug";"Nickelodeon";NA;NA;NA
"191";1546607302;1546607302;1546607299;"Tvty";25572;0;"de";"Idealo";"Idealo Flug";"DMAX";NA;NA;NA
"192";1546590712;1546590712;1546590710;"Tvty";25572;10;"de";"Idealo";"Idealo Flug";"Comedy Central";NA;NA;NA
"193";1546590712;1546590712;1546590710;"Tvty";25572;10;"de";"Idealo";"Idealo Flug";"Viva";NA;NA;NA
"194";1546669863;1546669863;1546669861;"Tvty";25572;10;"de";"Idealo";"Idealo Flug";"N TV";NA;NA;NA
"195";1546862907;1546862907;1546862903;"Tvty";25572;20;"de";"Idealo";"Idealo Flug";"Comedy Central";NA;NA;NA
"196";1546862907;1546862907;1546862903;"Tvty";25572;20;"de";"Idealo";"Idealo Flug";"Viva";NA;NA;NA
"197";1546529247;1546529247;1546529245;"Tvty";25572;10;"de";"Idealo";"Idealo Flug";"N24";NA;NA;NA
"198";1546843187;1546843187;1546843185;"Tvty";25572;10;"de";"Idealo";"Idealo Flug";"Viva";NA;NA;NA
"199";1546843187;1546843187;1546843185;"Tvty";25572;10;"de";"Idealo";"Idealo Flug";"Comedy Central";NA;NA;NA
"200";1546943297;1546943297;1546943296;"Tvty";25572;0;"de";"Idealo";"Idealo Flug";"N24";NA;NA;NA
"201";1546632411;1546632411;1546632410;"Tvty";25572;10;"de";"Idealo";"Idealo Flug";"DMAX";NA;NA;NA
"202";1546772790;1546772790;1546772787;"Tvty";25572;0;"de";"Idealo";"Idealo Flug";"DMAX";NA;NA;NA
"203";1546702316;1546702316;1546702315;"Tvty";25572;0;"de";"Idealo";"Idealo Flug";"N TV";NA;NA;NA
"204";1546500810;1546500810;1546500808;"Tvty";25572;10;"de";"Idealo";"Idealo Flug";"Comedy Central";NA;NA;NA
"205";1546500810;1546500810;1546500808;"Tvty";25572;10;"de";"Idealo";"Idealo Flug";"Viva";NA;NA;NA
"206";1546710879;1546710879;1546710877;"Tvty";25572;10;"de";"Idealo";"Idealo Flug";"Viva";NA;NA;NA
"207";1546710879;1546710879;1546710877;"Tvty";25572;10;"de";"Idealo";"Idealo Flug";"Comedy Central";NA;NA;NA
"208";1546943975;1546943975;1546943974;"Tvty";25572;10;"de";"Idealo";"Idealo Flug";"DMAX";NA;NA;NA
"209";1546528511;1546528511;1546528510;"Tvty";25572;0;"de";"Idealo";"Idealo Flug";"Viva";NA;NA;NA
"210";1546528511;1546528511;1546528510;"Tvty";25572;0;"de";"Idealo";"Idealo Flug";"Comedy Central";NA;NA;NA
"211";1546893303;1546893303;1546893301;"Tvty";25572;10;"de";"Idealo";"Idealo Flug";"N24";NA;NA;NA
"212";1546598304;1546598304;1546598302;"Tvty";25572;10;"de";"Idealo";"Idealo Flug";"DMAX";NA;NA;NA
"213";1546935847;1546935847;1546935845;"Tvty";25572;0;"de";"Idealo";"Idealo Flug";"Viva";NA;NA;NA
"214";1546935847;1546935847;1546935845;"Tvty";25572;10;"de";"Idealo";"Idealo Flug";"Comedy Central";NA;NA;NA
"215";1546673670;1546673670;1546673668;"Tvty";25572;0;"de";"Idealo";"Idealo Flug";"N24";NA;NA;NA
"216";1546885117;1546885117;1546885115;"Tvty";25572;20;"de";"Idealo";"Idealo Flug";"Comedy Central";NA;NA;NA
"217";1546885117;1546885117;1546885115;"Tvty";25572;20;"de";"Idealo";"Idealo Flug";"Viva";NA;NA;NA
"218";1546537094;1546537094;1546537093;"Tvty";25572;10;"de";"Idealo";"Idealo Flug";"DMAX";NA;NA;NA
