"";"timestamp";"received_timestamp";"broadcast_timestamp";"tv_tracking_provider";"partner_id";"broadcast_duration_sec";"country";"ad_brand";"spot_name";"tv_channel_name";"prev_program";"next_program";"genre"
"1";1546110751;1546110751;1546110750;"Tvty";2019;14;"de";"Ab in den Urlaub";"Mund zu! Es stimmt.";"Sat1";NA;NA;NA
"2";1547102887;1547102887;1547102886;"Tvty";2019;14;"de";"Ab in den Urlaub";"Mund zu! Es stimmt.";"Kabel 1";NA;NA;NA
"3";1547322363;1547322363;1547322355;"Tvty";2019;14;"de";"Ab in den Urlaub";"Mund zu! Es stimmt.";"Kabel 1";NA;NA;NA
"4";1547538334;1547538334;1547538326;"Tvty";2019;14;"de";"Ab in den Urlaub";"Mund zu! Es stimmt.";"Sat1";NA;NA;NA
"5";1547574319;1547574319;1547574316;"Tvty";2019;0;"de";"Ab in den Urlaub";"Mund zu! Es stimmt.";"Kabel 1";NA;NA;NA
"6";1548000053;1548000053;1548000048;"Tvty";2019;0;"de";"Ab in den Urlaub";"Mund zu! Es stimmt.";"Sat1";NA;NA;NA
"7";1548000922;1548000922;1548000918;"Tvty";2019;0;"de";"Ab in den Urlaub";"Mund zu! Es stimmt.";"Kabel 1";NA;NA;NA
"8";1548049258;1548049258;1548049255;"Tvty";2019;0;"de";"Ab in den Urlaub";"Mund zu! Es stimmt.";"Sat1";NA;NA;NA
"9";1548089484;1548089484;1548089479;"Tvty";2019;0;"de";"Ab in den Urlaub";"Mund zu! Es stimmt.";"Sat1";NA;NA;NA
"10";1546498264;1546498264;1546498263;"Tvty";2019;14;"de";"Ab in den Urlaub";"Mund zu! Es stimmt.";"Kabel 1";NA;NA;NA
"11";1546669104;1546669104;1546669103;"Tvty";2019;14;"de";"Ab in den Urlaub";"Mund zu! Es stimmt.";"Sat1";NA;NA;NA
"12";1547710850;1547710850;1547710845;"Tvty";2019;0;"de";"Ab in den Urlaub";"Mund zu! Es stimmt.";"Kabel 1";NA;NA;NA
"13";1547925241;1547925241;1547925236;"Tvty";2019;0;"de";"Ab in den Urlaub";"Mund zu! Es stimmt.";"ProSieben";NA;NA;NA
"14";1548057204;1548057204;1548057200;"Tvty";2019;0;"de";"Ab in den Urlaub";"Mund zu! Es stimmt.";"Sat1";NA;NA;NA
"15";1546293658;1546293658;1546293657;"Tvty";2019;14;"de";"Ab in den Urlaub";"Mund zu! Es stimmt.";"Kabel 1";NA;NA;NA
"16";1547362301;1547362301;1547362294;"Tvty";2019;14;"de";"Ab in den Urlaub";"Mund zu! Es stimmt.";"Sat1";NA;NA;NA
"17";1547577868;1547577868;1547577863;"Tvty";2019;0;"de";"Ab in den Urlaub";"Mund zu! Es stimmt.";"Kabel 1";NA;NA;NA
"18";1547586118;1547586118;1547586113;"Tvty";2019;0;"de";"Ab in den Urlaub";"Mund zu! Es stimmt.";"Sat1";NA;NA;NA
"19";1547621361;1547621361;1547621357;"Tvty";2019;0;"de";"Ab in den Urlaub";"Mund zu! Es stimmt.";"Kabel 1";NA;NA;NA
"20";1547655670;1547655670;1547655664;"Tvty";2019;0;"de";"Ab in den Urlaub";"Mund zu! Es stimmt.";"Kabel 1";NA;NA;NA
"21";1547914889;1547914889;1547914883;"Tvty";2019;0;"de";"Ab in den Urlaub";"Mund zu! Es stimmt.";"Sat1";NA;NA;NA
"22";1548056274;1548056274;1548056269;"Tvty";2019;0;"de";"Ab in den Urlaub";"Mund zu! Es stimmt.";"ProSieben";NA;NA;NA
"23";1546495971;1546495971;1546495969;"Tvty";2019;14;"de";"Ab in den Urlaub";"Mund zu! Es stimmt.";"ProSieben";NA;NA;NA
"24";1546766722;1546766722;1546766722;"Tvty";2019;14;"de";"Ab in den Urlaub";"Mund zu! Es stimmt.";"Sat1";NA;NA;NA
"25";1546783434;1546783434;1546783433;"Tvty";2019;14;"de";"Ab in den Urlaub";"Mund zu! Es stimmt.";"Kabel 1";NA;NA;NA
"26";1547384976;1547384976;1547384965;"Tvty";2019;14;"de";"Ab in den Urlaub";"Mund zu! Es stimmt.";"Sat1";NA;NA;NA
"27";1547446723;1547446723;1547446716;"Tvty";2019;14;"de";"Ab in den Urlaub";"Mund zu! Es stimmt.";"ProSieben";NA;NA;NA
"28";1547538018;1547538018;1547538010;"Tvty";2019;14;"de";"Ab in den Urlaub";"Mund zu! Es stimmt.";"ProSieben";NA;NA;NA
"29";1547703606;1547703606;1547703601;"Tvty";2019;0;"de";"Ab in den Urlaub";"Mund zu! Es stimmt.";"Sat1";NA;NA;NA
"30";1547923902;1547923902;1547923899;"Tvty";2019;0;"de";"Ab in den Urlaub";"Mund zu! Es stimmt.";"Kabel 1";NA;NA;NA
"31";1547926929;1547926929;1547926924;"Tvty";2019;0;"de";"Ab in den Urlaub";"Mund zu! Es stimmt.";"Sat1";NA;NA;NA
"32";1548005252;1548005252;1548005248;"Tvty";2019;0;"de";"Ab in den Urlaub";"Mund zu! Es stimmt.";"Kabel 1";NA;NA;NA
"33";1546179087;1546179087;1546179086;"Tvty";2019;14;"de";"Ab in den Urlaub";"Mund zu! Es stimmt.";"ProSieben";NA;NA;NA
"34";1546811028;1546811028;1546811027;"Tvty";2019;14;"de";"Ab in den Urlaub";"Mund zu! Es stimmt.";"Kabel 1";NA;NA;NA
"35";1547189269;1547189269;1547189268;"Tvty";2019;14;"de";"Ab in den Urlaub";"Mund zu! Es stimmt.";"Kabel 1";NA;NA;NA
"36";1547485769;1547485769;1547485760;"Tvty";2019;9;"de";"Ab in den Urlaub";"Mund zu! Es stimmt.";"ProSieben";NA;NA;NA
"37";1547934078;1547934078;1547934073;"Tvty";2019;0;"de";"Ab in den Urlaub";"Mund zu! Es stimmt.";"Kabel 1";NA;NA;NA
"38";1547994705;1547994705;1547994702;"Tvty";2019;0;"de";"Ab in den Urlaub";"Mund zu! Es stimmt.";"Sat1";NA;NA;NA
"39";1546501747;1546501747;1546501746;"Tvty";2019;14;"de";"Ab in den Urlaub";"Mund zu! Es stimmt.";"Sat1";NA;NA;NA
"40";1546693385;1546693385;1546693384;"Tvty";2019;14;"de";"Ab in den Urlaub";"Mund zu! Es stimmt.";"Sat1";NA;NA;NA
"41";1546965772;1546965772;1546965771;"Tvty";2019;14;"de";"Ab in den Urlaub";"Mund zu! Es stimmt.";"Kabel 1";NA;NA;NA
"42";1547659261;1547659261;1547659256;"Tvty";2019;0;"de";"Ab in den Urlaub";"Mund zu! Es stimmt.";"Sat1";NA;NA;NA
"43";1547707242;1547707242;1547707237;"Tvty";2019;0;"de";"Ab in den Urlaub";"Mund zu! Es stimmt.";"Sat1";NA;NA;NA
"44";1547792366;1547792366;1547792363;"Tvty";2019;0;"de";"Ab in den Urlaub";"Mund zu! Es stimmt.";"ProSieben";NA;NA;NA
"45";1548177566;1548177566;1548177562;"Tvty";2019;0;"de";"Ab in den Urlaub";"Mund zu! Es stimmt.";"Kabel 1";NA;NA;NA
"46";1546242197;1546242197;1546242196;"Tvty";2019;14;"de";"Ab in den Urlaub";"Mund zu! Es stimmt.";"Kabel 1";NA;NA;NA
"47";1546324245;1546324245;1546324243;"Tvty";2019;14;"de";"Ab in den Urlaub";"Mund zu! Es stimmt.";"ProSieben";NA;NA;NA
"48";1546361471;1546361471;1546361470;"Tvty";2019;14;"de";"Ab in den Urlaub";"Mund zu! Es stimmt.";"Kabel 1";NA;NA;NA
"49";1547573021;1547573021;1547573018;"Tvty";2019;0;"de";"Ab in den Urlaub";"Mund zu! Es stimmt.";"Sat1";NA;NA;NA
"50";1547616617;1547616617;1547616612;"Tvty";2019;0;"de";"Ab in den Urlaub";"Mund zu! Es stimmt.";"ProSieben";NA;NA;NA
"51";1547747172;1547747172;1547747169;"Tvty";2019;0;"de";"Ab in den Urlaub";"Mund zu! Es stimmt.";"Kabel 1";NA;NA;NA
"52";1547828304;1547828304;1547828300;"Tvty";2019;0;"de";"Ab in den Urlaub";"Mund zu! Es stimmt.";"Sat1";NA;NA;NA
"53";1547907394;1547907394;1547907391;"Tvty";2019;0;"de";"Ab in den Urlaub";"Mund zu! Es stimmt.";"Sat1";NA;NA;NA
"54";1547916815;1547916815;1547916810;"Tvty";2019;0;"de";"Ab in den Urlaub";"Mund zu! Es stimmt.";"ProSieben";NA;NA;NA
"55";1548181626;1548181626;1548181622;"Tvty";2019;0;"de";"Ab in den Urlaub";"Mund zu! Es stimmt.";"Sat1";NA;NA;NA
"56";1546689397;1546689397;1546689395;"Tvty";2019;14;"de";"Ab in den Urlaub";"Mund zu! Es stimmt.";"Sat1";NA;NA;NA
"57";1546844000;1546844000;1546843999;"Tvty";2019;14;"de";"Ab in den Urlaub";"Mund zu! Es stimmt.";"Kabel 1";NA;NA;NA
"58";1547302741;1547302741;1547302734;"Tvty";2019;14;"de";"Ab in den Urlaub";"Mund zu! Es stimmt.";"Sat1";NA;NA;NA
"59";1547750672;1547750672;1547750668;"Tvty";2019;0;"de";"Ab in den Urlaub";"Mund zu! Es stimmt.";"Kabel 1";NA;NA;NA
"60";1547895466;1547895466;1547895462;"Tvty";2019;0;"de";"Ab in den Urlaub";"Mund zu! Es stimmt.";"ProSieben";NA;NA;NA
"61";1546417185;1546417185;1546417184;"Tvty";2019;14;"de";"Ab in den Urlaub";"Mund zu! Es stimmt.";"Kabel 1";NA;NA;NA
"62";1547323863;1547323863;1547323855;"Tvty";2019;14;"de";"Ab in den Urlaub";"Mund zu! Es stimmt.";"Sat1";NA;NA;NA
"63";1547711191;1547711191;1547711186;"Tvty";2019;0;"de";"Ab in den Urlaub";"Mund zu! Es stimmt.";"Sat1";NA;NA;NA
"64";1547745629;1547745629;1547745626;"Tvty";2019;0;"de";"Ab in den Urlaub";"Mund zu! Es stimmt.";"Sat1";NA;NA;NA
"65";1547789171;1547789171;1547789167;"Tvty";2019;0;"de";"Ab in den Urlaub";"Mund zu! Es stimmt.";"Kabel 1";NA;NA;NA
"66";1547902185;1547902185;1547902181;"Tvty";2019;0;"de";"Ab in den Urlaub";"Mund zu! Es stimmt.";"Kabel 1";NA;NA;NA
"67";1547919890;1547919890;1547919885;"Tvty";2019;0;"de";"Ab in den Urlaub";"Mund zu! Es stimmt.";"Sat1";NA;NA;NA
"68";1546552166;1546552166;1546552165;"Tvty";2019;14;"de";"Ab in den Urlaub";"Mund zu! Es stimmt.";"Kabel 1";NA;NA;NA
"69";1547016398;1547016398;1547016378;"Tvty";2019;14;"de";"Ab in den Urlaub";"Mund zu! Es stimmt.";"Kabel 1";NA;NA;NA
"70";1547380264;1547380264;1547380256;"Tvty";2019;14;"de";"Ab in den Urlaub";"Mund zu! Es stimmt.";"Kabel 1";NA;NA;NA
"71";1547536152;1547536152;1547536147;"Tvty";2019;9;"de";"Ab in den Urlaub";"Mund zu! Es stimmt.";"Kabel 1";NA;NA;NA
"72";1547708782;1547708782;1547708778;"Tvty";2019;0;"de";"Ab in den Urlaub";"Mund zu! Es stimmt.";"Kabel 1";NA;NA;NA
"73";1548094600;1548094600;1548094597;"Tvty";2019;0;"de";"Ab in den Urlaub";"Mund zu! Es stimmt.";"Kabel 1";NA;NA;NA
"74";1546541561;1546541561;1546541560;"Tvty";2019;14;"de";"Ab in den Urlaub";"Mund zu! Es stimmt.";"ProSieben";NA;NA;NA
"75";1547231287;1547231287;1547231279;"Tvty";2019;14;"de";"Ab in den Urlaub";"Mund zu! Es stimmt.";"Sat1";NA;NA;NA
"76";1547750158;1547750158;1547750153;"Tvty";2019;0;"de";"Ab in den Urlaub";"Mund zu! Es stimmt.";"ProSieben";NA;NA;NA
"77";1548097950;1548097950;1548097944;"Tvty";2019;0;"de";"Ab in den Urlaub";"Mund zu! Es stimmt.";"ProSieben";NA;NA;NA
"78";1548174081;1548174081;1548174076;"Tvty";2019;0;"de";"Ab in den Urlaub";"Mund zu! Es stimmt.";"Sat1";NA;NA;NA
"79";1548177246;1548177246;1548177242;"Tvty";2019;0;"de";"Ab in den Urlaub";"Mund zu! Es stimmt.";"ProSieben";NA;NA;NA
"80";1546034123;1546034123;1546034122;"Tvty";2019;14;"de";"Ab in den Urlaub";"Mund zu! Es stimmt.";"Kabel 1";NA;NA;NA
"81";1546925594;1546925594;1546925593;"Tvty";2019;14;"de";"Ab in den Urlaub";"Mund zu! Es stimmt.";"ProSieben";NA;NA;NA
"82";1546928242;1546928242;1546928241;"Tvty";2019;14;"de";"Ab in den Urlaub";"Mund zu! Es stimmt.";"Kabel 1";NA;NA;NA
"83";1547992980;1547992980;1547992977;"Tvty";2019;0;"de";"Ab in den Urlaub";"Mund zu! Es stimmt.";"Sat1";NA;NA;NA
"84";1548004240;1548004240;1548004236;"Tvty";2019;0;"de";"Ab in den Urlaub";"Mund zu! Es stimmt.";"Sat1";NA;NA;NA
"85";1548182698;1548182698;1548182694;"Tvty";2019;0;"de";"Ab in den Urlaub";"Mund zu! Es stimmt.";"Sat1";NA;NA;NA
"86";1546541165;1546541165;1546541164;"Tvty";2019;14;"de";"Ab in den Urlaub";"Mund zu! Es stimmt.";"Kabel 1";NA;NA;NA
"87";1546753003;1546753003;1546753002;"Tvty";2019;14;"de";"Ab in den Urlaub";"Mund zu! Es stimmt.";"Sat1";NA;NA;NA
"88";1546967540;1546967540;1546967539;"Tvty";2019;14;"de";"Ab in den Urlaub";"Mund zu! Es stimmt.";"ProSieben";NA;NA;NA
"89";1547924016;1547924016;1547924012;"Tvty";2019;0;"de";"Ab in den Urlaub";"Mund zu! Es stimmt.";"ProSieben";NA;NA;NA
"90";1546028161;1546028161;1546028160;"Tvty";2019;14;"de";"Ab in den Urlaub";"Mund zu! Es stimmt.";"Sat1";NA;NA;NA
"91";1546207271;1546207271;1546207270;"Tvty";2019;14;"de";"Ab in den Urlaub";"Mund zu! Es stimmt.";"Kabel 1";NA;NA;NA
"92";1546690648;1546690648;1546690647;"Tvty";2019;14;"de";"Ab in den Urlaub";"Mund zu! Es stimmt.";"Kabel 1";NA;NA;NA
"93";1546725670;1546725670;1546725669;"Tvty";2019;14;"de";"Ab in den Urlaub";"Mund zu! Es stimmt.";"Kabel 1";NA;NA;NA
"94";1547923684;1547923684;1547923679;"Tvty";2019;0;"de";"Ab in den Urlaub";"Mund zu! Es stimmt.";"Sat1";NA;NA;NA
"95";1547973250;1547973250;1547973244;"Tvty";2019;0;"de";"Ab in den Urlaub";"Mund zu! Es stimmt.";"Sat1";NA;NA;NA
"96";1548139507;1548139507;1548139504;"Tvty";2019;0;"de";"Ab in den Urlaub";"Mund zu! Es stimmt.";"Sat1";NA;NA;NA
"97";1548187417;1548187417;1548187412;"Tvty";2019;0;"de";"Ab in den Urlaub";"Mund zu! Es stimmt.";"Sat1";NA;NA;NA
"98";1547619689;1547619689;1547619683;"Tvty";2019;0;"de";"Ab in den Urlaub";"Mund zu! Es stimmt.";"ProSieben";NA;NA;NA
"99";1547674357;1547674357;1547674354;"Tvty";2019;0;"de";"Ab in den Urlaub";"Mund zu! Es stimmt.";"Kabel 1";NA;NA;NA
"100";1547893264;1547893264;1547893258;"Tvty";2019;0;"de";"Ab in den Urlaub";"Mund zu! Es stimmt.";"Sat1";NA;NA;NA
"101";1546173688;1546173688;1546173687;"Tvty";2019;14;"de";"Ab in den Urlaub";"Mund zu! Es stimmt.";"Kabel 1";NA;NA;NA
"102";1546406246;1546406246;1546406245;"Tvty";2019;14;"de";"Ab in den Urlaub";"Mund zu! Es stimmt.";"Sat1";NA;NA;NA
"103";1546699641;1546699641;1546699639;"Tvty";2019;14;"de";"Ab in den Urlaub";"Mund zu! Es stimmt.";"Sat1";NA;NA;NA
"104";1546713214;1546713214;1546713213;"Tvty";2019;14;"de";"Ab in den Urlaub";"Mund zu! Es stimmt.";"Kabel 1";NA;NA;NA
"105";1546792984;1546792984;1546792983;"Tvty";2019;14;"de";"Ab in den Urlaub";"Mund zu! Es stimmt.";"Kabel 1";NA;NA;NA
"106";1547149832;1547149832;1547149831;"Tvty";2019;14;"de";"Ab in den Urlaub";"Mund zu! Es stimmt.";"Kabel 1";NA;NA;NA
"107";1547796985;1547796985;1547796979;"Tvty";2019;0;"de";"Ab in den Urlaub";"Mund zu! Es stimmt.";"ProSieben";NA;NA;NA
"108";1547919119;1547919119;1547919116;"Tvty";2019;0;"de";"Ab in den Urlaub";"Mund zu! Es stimmt.";"Kabel 1";NA;NA;NA
"109";1547445106;1547445106;1547445099;"Tvty";2019;14;"de";"Ab in den Urlaub";"Mund zu! Es stimmt.";"Kabel 1";NA;NA;NA
"110";1547754097;1547754097;1547754094;"Tvty";2019;0;"de";"Ab in den Urlaub";"Mund zu! Es stimmt.";"Sat1";NA;NA;NA
"111";1548187196;1548187196;1548187192;"Tvty";2019;0;"de";"Ab in den Urlaub";"Mund zu! Es stimmt.";"Kabel 1";NA;NA;NA
"112";1546841976;1546841976;1546841975;"Tvty";2019;14;"de";"Ab in den Urlaub";"Mund zu! Es stimmt.";"ProSieben";NA;NA;NA
"113";1546973407;1546973407;1546973405;"Tvty";2019;14;"de";"Ab in den Urlaub";"Mund zu! Es stimmt.";"Sat1";NA;NA;NA
"114";1547018573;1547018573;1547018571;"Tvty";2019;14;"de";"Ab in den Urlaub";"Mund zu! Es stimmt.";"ProSieben";NA;NA;NA
"115";1547050682;1547050682;1547050681;"Tvty";2019;14;"de";"Ab in den Urlaub";"Mund zu! Es stimmt.";"Sat1";NA;NA;NA
"116";1547055933;1547055933;1547055932;"Tvty";2019;14;"de";"Ab in den Urlaub";"Mund zu! Es stimmt.";"Sat1";NA;NA;NA
"117";1547410326;1547410326;1547410319;"Tvty";2019;14;"de";"Ab in den Urlaub";"Mund zu! Es stimmt.";"Sat1";NA;NA;NA
"118";1547534900;1547534900;1547534893;"Tvty";2019;14;"de";"Ab in den Urlaub";"Mund zu! Es stimmt.";"Kabel 1";NA;NA;NA
"119";1547762458;1547762458;1547762452;"Tvty";2019;0;"de";"Ab in den Urlaub";"Mund zu! Es stimmt.";"Sat1";NA;NA;NA
"120";1548064355;1548064355;1548064351;"Tvty";2019;0;"de";"Ab in den Urlaub";"Mund zu! Es stimmt.";"Sat1";NA;NA;NA
"121";1546195976;1546195976;1546195975;"Tvty";2019;14;"de";"Ab in den Urlaub";"Mund zu! Es stimmt.";"ProSieben";NA;NA;NA
"122";1546667205;1546667205;1546667204;"Tvty";2019;14;"de";"Ab in den Urlaub";"Mund zu! Es stimmt.";"Sat1";NA;NA;NA
"123";1547365896;1547365896;1547365889;"Tvty";2019;14;"de";"Ab in den Urlaub";"Mund zu! Es stimmt.";"Sat1";NA;NA;NA
"124";1547401048;1547401048;1547401039;"Tvty";2019;14;"de";"Ab in den Urlaub";"Mund zu! Es stimmt.";"Sat1";NA;NA;NA
"125";1547502085;1547502085;1547502082;"Tvty";2019;9;"de";"Ab in den Urlaub";"Mund zu! Es stimmt.";"Sat1";NA;NA;NA
"126";1547710674;1547710674;1547710669;"Tvty";2019;0;"de";"Ab in den Urlaub";"Mund zu! Es stimmt.";"ProSieben";NA;NA;NA
"127";1547903299;1547903299;1547903296;"Tvty";2019;0;"de";"Ab in den Urlaub";"Mund zu! Es stimmt.";"Sat1";NA;NA;NA
"128";1546327494;1546327494;1546327494;"Tvty";2019;14;"de";"Ab in den Urlaub";"Mund zu! Es stimmt.";"Kabel 1";NA;NA;NA
"129";1547304565;1547304565;1547304557;"Tvty";2019;14;"de";"Ab in den Urlaub";"Mund zu! Es stimmt.";"ProSieben";NA;NA;NA
"130";1547676034;1547676034;1547676030;"Tvty";2019;0;"de";"Ab in den Urlaub";"Mund zu! Es stimmt.";"Sat1";NA;NA;NA
"131";1547752357;1547752357;1547752351;"Tvty";2019;0;"de";"Ab in den Urlaub";"Mund zu! Es stimmt.";"Kabel 1";NA;NA;NA
"132";1547828640;1547828640;1547828636;"Tvty";2019;0;"de";"Ab in den Urlaub";"Mund zu! Es stimmt.";"Kabel 1";NA;NA;NA
"133";1548005871;1548005871;1548005867;"Tvty";2019;0;"de";"Ab in den Urlaub";"Mund zu! Es stimmt.";"Sat1";NA;NA;NA
"134";1546982153;1546982153;1546982152;"Tvty";2019;14;"de";"Ab in den Urlaub";"Mund zu! Es stimmt.";"Kabel 1";NA;NA;NA
"135";1547140321;1547140321;1547140320;"Tvty";2019;14;"de";"Ab in den Urlaub";"Mund zu! Es stimmt.";"ProSieben";NA;NA;NA
"136";1547529381;1547529381;1547529375;"Tvty";2019;9;"de";"Ab in den Urlaub";"Mund zu! Es stimmt.";"Sat1";NA;NA;NA
"137";1547531900;1547531900;1547531892;"Tvty";2019;14;"de";"Ab in den Urlaub";"Mund zu! Es stimmt.";"ProSieben";NA;NA;NA
"138";1547667445;1547667445;1547667440;"Tvty";2019;0;"de";"Ab in den Urlaub";"Mund zu! Es stimmt.";"Sat1";NA;NA;NA
"139";1547670070;1547670070;1547670067;"Tvty";2019;0;"de";"Ab in den Urlaub";"Mund zu! Es stimmt.";"Kabel 1";NA;NA;NA
"140";1548014059;1548014059;1548014054;"Tvty";2019;0;"de";"Ab in den Urlaub";"Mund zu! Es stimmt.";"Sat1";NA;NA;NA
"141";1548184401;1548184401;1548184396;"Tvty";2019;0;"de";"Ab in den Urlaub";"Mund zu! Es stimmt.";"ProSieben";NA;NA;NA
"142";1546717493;1546717493;1546717493;"Tvty";2019;14;"de";"Ab in den Urlaub";"Mund zu! Es stimmt.";"Kabel 1";NA;NA;NA
"143";1546811974;1546811974;1546811973;"Tvty";2019;14;"de";"Ab in den Urlaub";"Mund zu! Es stimmt.";"Kabel 1";NA;NA;NA
"144";1546885695;1546885695;1546885694;"Tvty";2019;14;"de";"Ab in den Urlaub";"Mund zu! Es stimmt.";"Sat1";NA;NA;NA
"145";1546969688;1546969688;1546969687;"Tvty";2019;14;"de";"Ab in den Urlaub";"Mund zu! Es stimmt.";"Sat1";NA;NA;NA
"146";1547388643;1547388643;1547388636;"Tvty";2019;14;"de";"Ab in den Urlaub";"Mund zu! Es stimmt.";"Sat1";NA;NA;NA
"147";1547896444;1547896444;1547896440;"Tvty";2019;0;"de";"Ab in den Urlaub";"Mund zu! Es stimmt.";"Sat1";NA;NA;NA
"148";1548182744;1548182744;1548182741;"Tvty";2019;0;"de";"Ab in den Urlaub";"Mund zu! Es stimmt.";"Kabel 1";NA;NA;NA
"149";1546445861;1546445861;1546445860;"Tvty";2019;14;"de";"Ab in den Urlaub";"Mund zu! Es stimmt.";"Sat1";NA;NA;NA
"150";1546670635;1546670635;1546670634;"Tvty";2019;14;"de";"Ab in den Urlaub";"Mund zu! Es stimmt.";"Sat1";NA;NA;NA
"151";1546787096;1546787096;1546787095;"Tvty";2019;14;"de";"Ab in den Urlaub";"Mund zu! Es stimmt.";"Sat1";NA;NA;NA
"152";1548070320;1548070320;1548070317;"Tvty";2019;0;"de";"Ab in den Urlaub";"Mund zu! Es stimmt.";"Sat1";NA;NA;NA
"153";1548106898;1548106898;1548106895;"Tvty";2019;0;"de";"Ab in den Urlaub";"Mund zu! Es stimmt.";"Sat1";NA;NA;NA
"154";1548108230;1548108230;1548108225;"Tvty";2019;0;"de";"Ab in den Urlaub";"Mund zu! Es stimmt.";"Sat1";NA;NA;NA
"155";1546674167;1546674167;1546674166;"Tvty";2019;14;"de";"Ab in den Urlaub";"Mund zu! Es stimmt.";"Sat1";NA;NA;NA
"156";1547900200;1547900200;1547900196;"Tvty";2019;0;"de";"Ab in den Urlaub";"Mund zu! Es stimmt.";"Sat1";NA;NA;NA
"157";1548020241;1548020241;1548020236;"Tvty";2019;0;"de";"Ab in den Urlaub";"Mund zu! Es stimmt.";"ProSieben";NA;NA;NA
"158";1546186317;1546186317;1546186316;"Tvty";2019;14;"de";"Ab in den Urlaub";"Mund zu! Es stimmt.";"ProSieben";NA;NA;NA
"159";1546723815;1546723815;1546723814;"Tvty";2019;14;"de";"Ab in den Urlaub";"Mund zu! Es stimmt.";"Sat1";NA;NA;NA
"160";1546847504;1546847504;1546847503;"Tvty";2019;14;"de";"Ab in den Urlaub";"Mund zu! Es stimmt.";"Kabel 1";NA;NA;NA
"161";1547297594;1547297594;1547297586;"Tvty";2019;14;"de";"Ab in den Urlaub";"Mund zu! Es stimmt.";"Kabel 1";NA;NA;NA
"162";1547443137;1547443137;1547443129;"Tvty";2019;14;"de";"Ab in den Urlaub";"Mund zu! Es stimmt.";"ProSieben";NA;NA;NA
"163";1547499865;1547499865;1547499859;"Tvty";2019;9;"de";"Ab in den Urlaub";"Mund zu! Es stimmt.";"Sat1";NA;NA;NA
"164";1547917744;1547917744;1547917740;"Tvty";2019;0;"de";"Ab in den Urlaub";"Mund zu! Es stimmt.";"Kabel 1";NA;NA;NA
"165";1548047794;1548047794;1548047789;"Tvty";2019;0;"de";"Ab in den Urlaub";"Mund zu! Es stimmt.";"Sat1";NA;NA;NA
"166";1548088668;1548088668;1548088665;"Tvty";2019;0;"de";"Ab in den Urlaub";"Mund zu! Es stimmt.";"Kabel 1";NA;NA;NA
"167";1548097967;1548097967;1548097964;"Tvty";2019;0;"de";"Ab in den Urlaub";"Mund zu! Es stimmt.";"Sat1";NA;NA;NA
"168";1548139485;1548139485;1548139481;"Tvty";2019;0;"de";"Ab in den Urlaub";"Mund zu! Es stimmt.";"ProSieben";NA;NA;NA
"169";1546466558;1546466558;1546466557;"Tvty";2019;14;"de";"Ab in den Urlaub";"Mund zu! Es stimmt.";"ProSieben";NA;NA;NA
"170";1546582547;1546582547;1546582546;"Tvty";2019;14;"de";"Ab in den Urlaub";"Mund zu! Es stimmt.";"ProSieben";NA;NA;NA
"171";1546714003;1546714003;1546714002;"Tvty";2019;14;"de";"Ab in den Urlaub";"Mund zu! Es stimmt.";"Sat1";NA;NA;NA
"172";1546877982;1546877982;1546877982;"Tvty";2019;14;"de";"Ab in den Urlaub";"Mund zu! Es stimmt.";"Sat1";NA;NA;NA
"173";1547192042;1547192042;1547192041;"Tvty";2019;14;"de";"Ab in den Urlaub";"Mund zu! Es stimmt.";"ProSieben";NA;NA;NA
"174";1547192741;1547192741;1547192739;"Tvty";2019;14;"de";"Ab in den Urlaub";"Mund zu! Es stimmt.";"Kabel 1";NA;NA;NA
"175";1547918664;1547918664;1547918661;"Tvty";2019;0;"de";"Ab in den Urlaub";"Mund zu! Es stimmt.";"Sat1";NA;NA;NA
"176";1547928343;1547928343;1547928338;"Tvty";2019;0;"de";"Ab in den Urlaub";"Mund zu! Es stimmt.";"Kabel 1";NA;NA;NA
"177";1548048190;1548048190;1548048185;"Tvty";2019;0;"de";"Ab in den Urlaub";"Mund zu! Es stimmt.";"Kabel 1";NA;NA;NA
"178";1548184339;1548184339;1548184333;"Tvty";2019;0;"de";"Ab in den Urlaub";"Mund zu! Es stimmt.";"Kabel 1";NA;NA;NA
"179";1546290217;1546290217;1546290216;"Tvty";2019;14;"de";"Ab in den Urlaub";"Mund zu! Es stimmt.";"Sat1";NA;NA;NA
"180";1546790698;1546790698;1546790697;"Tvty";2019;14;"de";"Ab in den Urlaub";"Mund zu! Es stimmt.";"ProSieben";NA;NA;NA
"181";1547054527;1547054527;1547054526;"Tvty";2019;14;"de";"Ab in den Urlaub";"Mund zu! Es stimmt.";"Sat1";NA;NA;NA
"182";1546579285;1546579285;1546579284;"Tvty";2019;14;"de";"Ab in den Urlaub";"Mund zu! Es stimmt.";"Kabel 1";NA;NA;NA
"183";1547789252;1547789252;1547789248;"Tvty";2019;0;"de";"Ab in den Urlaub";"Mund zu! Es stimmt.";"ProSieben";NA;NA;NA
"184";1547846220;1547846220;1547846217;"Tvty";2019;0;"de";"Ab in den Urlaub";"Mund zu! Es stimmt.";"Sat1";NA;NA;NA
"185";1547920286;1547920286;1547920283;"Tvty";2019;0;"de";"Ab in den Urlaub";"Mund zu! Es stimmt.";"Kabel 1";NA;NA;NA
"186";1548013752;1548013752;1548013747;"Tvty";2019;0;"de";"Ab in den Urlaub";"Mund zu! Es stimmt.";"Kabel 1";NA;NA;NA
"187";1548143279;1548143279;1548143276;"Tvty";2019;0;"de";"Ab in den Urlaub";"Mund zu! Es stimmt.";"Sat1";NA;NA;NA
"188";1548174173;1548174173;1548174170;"Tvty";2019;0;"de";"Ab in den Urlaub";"Mund zu! Es stimmt.";"Kabel 1";NA;NA;NA
"189";1546368116;1546368116;1546368115;"Tvty";2019;14;"de";"Ab in den Urlaub";"Mund zu! Es stimmt.";"ProSieben";NA;NA;NA
"190";1547097600;1547097600;1547097599;"Tvty";2019;14;"de";"Ab in den Urlaub";"Mund zu! Es stimmt.";"ProSieben";NA;NA;NA
"191";1547185437;1547185437;1547185436;"Tvty";2019;14;"de";"Ab in den Urlaub";"Mund zu! Es stimmt.";"Sat1";NA;NA;NA
"192";1547532826;1547532826;1547532821;"Tvty";2019;9;"de";"Ab in den Urlaub";"Mund zu! Es stimmt.";"Kabel 1";NA;NA;NA
"193";1547756344;1547756344;1547756338;"Tvty";2019;0;"de";"Ab in den Urlaub";"Mund zu! Es stimmt.";"Kabel 1";NA;NA;NA
"194";1547832207;1547832207;1547832202;"Tvty";2019;0;"de";"Ab in den Urlaub";"Mund zu! Es stimmt.";"Kabel 1";NA;NA;NA
"195";1548002828;1548002828;1548002823;"Tvty";2019;0;"de";"Ab in den Urlaub";"Mund zu! Es stimmt.";"Kabel 1";NA;NA;NA
"196";1548087622;1548087622;1548087619;"Tvty";2019;0;"de";"Ab in den Urlaub";"Mund zu! Es stimmt.";"Kabel 1";NA;NA;NA
"197";1546801998;1546801998;1546801997;"Tvty";2019;14;"de";"Ab in den Urlaub";"Mund zu! Es stimmt.";"Kabel 1";NA;NA;NA
"198";1546811873;1546811873;1546811872;"Tvty";2019;14;"de";"Ab in den Urlaub";"Mund zu! Es stimmt.";"Sat1";NA;NA;NA
"199";1547797668;1547797668;1547797663;"Tvty";2019;0;"de";"Ab in den Urlaub";"Mund zu! Es stimmt.";"Kabel 1";NA;NA;NA
"200";1547152777;1547152777;1547152775;"Tvty";2019;14;"de";"Ab in den Urlaub";"Mund zu! Es stimmt.";"Sat1";NA;NA;NA
"201";1546984818;1546984818;1546984817;"Tvty";2019;14;"de";"Ab in den Urlaub";"Mund zu! Es stimmt.";"ProSieben";NA;NA;NA
"202";1547136653;1547136653;1547136652;"Tvty";2019;14;"de";"Ab in den Urlaub";"Mund zu! Es stimmt.";"Sat1";NA;NA;NA
"203";1547327122;1547327122;1547327115;"Tvty";2019;14;"de";"Ab in den Urlaub";"Mund zu! Es stimmt.";"Kabel 1";NA;NA;NA
"204";1547912691;1547912691;1547912688;"Tvty";2019;0;"de";"Ab in den Urlaub";"Mund zu! Es stimmt.";"Sat1";NA;NA;NA
"205";1547922702;1547922702;1547922698;"Tvty";2019;0;"de";"Ab in den Urlaub";"Mund zu! Es stimmt.";"Sat1";NA;NA;NA
"206";1548096157;1548096157;1548096154;"Tvty";2019;0;"de";"Ab in den Urlaub";"Mund zu! Es stimmt.";"Kabel 1";NA;NA;NA
"207";1547375788;1547375788;1547375780;"Tvty";2019;14;"de";"Ab in den Urlaub";"Mund zu! Es stimmt.";"ProSieben";NA;NA;NA
"208";1547582759;1547582759;1547582756;"Tvty";2019;0;"de";"Ab in den Urlaub";"Mund zu! Es stimmt.";"Kabel 1";NA;NA;NA
"209";1548101160;1548101160;1548101156;"Tvty";2019;0;"de";"Ab in den Urlaub";"Mund zu! Es stimmt.";"Sat1";NA;NA;NA
"210";1546679515;1546679515;1546679514;"Tvty";2019;14;"de";"Ab in den Urlaub";"Mund zu! Es stimmt.";"Sat1";NA;NA;NA
"211";1547075026;1547075026;1547075024;"Tvty";2019;14;"de";"Ab in den Urlaub";"Mund zu! Es stimmt.";"Sat1";NA;NA;NA
"212";1547530853;1547530853;1547530846;"Tvty";2019;14;"de";"Ab in den Urlaub";"Mund zu! Es stimmt.";"Sat1";NA;NA;NA
"213";1548022611;1548022611;1548022608;"Tvty";2019;0;"de";"Ab in den Urlaub";"Mund zu! Es stimmt.";"Sat1";NA;NA;NA
"214";1546622467;1546622467;1546622466;"Tvty";2019;14;"de";"Ab in den Urlaub";"Mund zu! Es stimmt.";"Sat1";NA;NA;NA
"215";1546781436;1546781436;1546781435;"Tvty";2019;14;"de";"Ab in den Urlaub";"Mund zu! Es stimmt.";"Kabel 1";NA;NA;NA
"216";1547409106;1547409106;1547409098;"Tvty";2019;14;"de";"Ab in den Urlaub";"Mund zu! Es stimmt.";"Kabel 1";NA;NA;NA
"217";1547624233;1547624233;1547624229;"Tvty";2019;0;"de";"Ab in den Urlaub";"Mund zu! Es stimmt.";"ProSieben";NA;NA;NA
"218";1547702330;1547702330;1547702327;"Tvty";2019;0;"de";"Ab in den Urlaub";"Mund zu! Es stimmt.";"Kabel 1";NA;NA;NA
"219";1547795679;1547795679;1547795676;"Tvty";2019;0;"de";"Ab in den Urlaub";"Mund zu! Es stimmt.";"Kabel 1";NA;NA;NA
"220";1547986989;1547986989;1547986985;"Tvty";2019;0;"de";"Ab in den Urlaub";"Mund zu! Es stimmt.";"Kabel 1";NA;NA;NA
"221";1546320886;1546320886;1546320885;"Tvty";2019;14;"de";"Ab in den Urlaub";"Mund zu! Es stimmt.";"Kabel 1";NA;NA;NA
"222";1547071392;1547071392;1547071391;"Tvty";2019;14;"de";"Ab in den Urlaub";"Mund zu! Es stimmt.";"ProSieben";NA;NA;NA
"223";1548006449;1548006449;1548006444;"Tvty";2019;0;"de";"Ab in den Urlaub";"Mund zu! Es stimmt.";"Kabel 1";NA;NA;NA
"224";1546774289;1546774289;1546774289;"Tvty";2019;14;"de";"Ab in den Urlaub";"Mund zu! Es stimmt.";"Kabel 1";NA;NA;NA
"225";1546798151;1546798151;1546798150;"Tvty";2019;14;"de";"Ab in den Urlaub";"Mund zu! Es stimmt.";"Sat1";NA;NA;NA
"226";1546801963;1546801963;1546801961;"Tvty";2019;14;"de";"Ab in den Urlaub";"Mund zu! Es stimmt.";"ProSieben";NA;NA;NA
"227";1547330424;1547330424;1547330416;"Tvty";2019;14;"de";"Ab in den Urlaub";"Mund zu! Es stimmt.";"Sat1";NA;NA;NA
"228";1547376723;1547376723;1547376716;"Tvty";2019;14;"de";"Ab in den Urlaub";"Mund zu! Es stimmt.";"Sat1";NA;NA;NA
"229";1547711976;1547711976;1547711971;"Tvty";2019;0;"de";"Ab in den Urlaub";"Mund zu! Es stimmt.";"ProSieben";NA;NA;NA
"230";1547996533;1547996533;1547996530;"Tvty";2019;0;"de";"Ab in den Urlaub";"Mund zu! Es stimmt.";"ProSieben";NA;NA;NA
"231";1547999212;1547999212;1547999207;"Tvty";2019;0;"de";"Ab in den Urlaub";"Mund zu! Es stimmt.";"Kabel 1";NA;NA;NA
"232";1547449163;1547449163;1547449155;"Tvty";2019;14;"de";"Ab in den Urlaub";"Mund zu! Es stimmt.";"ProSieben";NA;NA;NA
"233";1547623044;1547623044;1547623038;"Tvty";2019;0;"de";"Ab in den Urlaub";"Mund zu! Es stimmt.";"Sat1";NA;NA;NA
"234";1548054851;1548054851;1548054845;"Tvty";2019;0;"de";"Ab in den Urlaub";"Mund zu! Es stimmt.";"Kabel 1";NA;NA;NA
"235";1548194368;1548194368;1548194363;"Tvty";2019;0;"de";"Ab in den Urlaub";"Mund zu! Es stimmt.";"Sat1";NA;NA;NA
"236";1546277139;1546277139;1546277137;"Tvty";2019;14;"de";"Ab in den Urlaub";"Mund zu! Es stimmt.";"Kabel 1";NA;NA;NA
"237";1546928856;1546928856;1546928855;"Tvty";2019;14;"de";"Ab in den Urlaub";"Mund zu! Es stimmt.";"ProSieben";NA;NA;NA
"238";1547185500;1547185500;1547185499;"Tvty";2019;14;"de";"Ab in den Urlaub";"Mund zu! Es stimmt.";"Kabel 1";NA;NA;NA
"239";1547498604;1547498604;1547498597;"Tvty";2019;14;"de";"Ab in den Urlaub";"Mund zu! Es stimmt.";"Sat1";NA;NA;NA
"240";1547702098;1547702098;1547702095;"Tvty";2019;0;"de";"Ab in den Urlaub";"Mund zu! Es stimmt.";"Sat1";NA;NA;NA
"241";1547707453;1547707453;1547707448;"Tvty";2019;0;"de";"Ab in den Urlaub";"Mund zu! Es stimmt.";"ProSieben";NA;NA;NA
"242";1547817263;1547817263;1547817258;"Tvty";2019;0;"de";"Ab in den Urlaub";"Mund zu! Es stimmt.";"Kabel 1";NA;NA;NA
"243";1547894793;1547894793;1547894789;"Tvty";2019;0;"de";"Ab in den Urlaub";"Mund zu! Es stimmt.";"Sat1";NA;NA;NA
"244";1547909739;1547909739;1547909734;"Tvty";2019;0;"de";"Ab in den Urlaub";"Mund zu! Es stimmt.";"ProSieben";NA;NA;NA
"245";1547936952;1547936952;1547936949;"Tvty";2019;0;"de";"Ab in den Urlaub";"Mund zu! Es stimmt.";"Sat1";NA;NA;NA
"246";1548182260;1548182260;1548182256;"Tvty";2019;0;"de";"Ab in den Urlaub";"Mund zu! Es stimmt.";"ProSieben";NA;NA;NA
"247";1546637620;1546637620;1546637619;"Tvty";2019;14;"de";"Ab in den Urlaub";"Mund zu! Es stimmt.";"ProSieben";NA;NA;NA
"248";1546878902;1546878902;1546878901;"Tvty";2019;14;"de";"Ab in den Urlaub";"Mund zu! Es stimmt.";"ProSieben";NA;NA;NA
"249";1547360506;1547360506;1547360498;"Tvty";2019;14;"de";"Ab in den Urlaub";"Mund zu! Es stimmt.";"Sat1";NA;NA;NA
"250";1547412032;1547412032;1547412025;"Tvty";2019;14;"de";"Ab in den Urlaub";"Mund zu! Es stimmt.";"Kabel 1";NA;NA;NA
"251";1548137990;1548137990;1548137985;"Tvty";2019;0;"de";"Ab in den Urlaub";"Mund zu! Es stimmt.";"Sat1";NA;NA;NA
"252";1546784292;1546784292;1546784291;"Tvty";2019;14;"de";"Ab in den Urlaub";"Mund zu! Es stimmt.";"Sat1";NA;NA;NA
"253";1547052160;1547052160;1547052159;"Tvty";2019;14;"de";"Ab in den Urlaub";"Mund zu! Es stimmt.";"Kabel 1";NA;NA;NA
"254";1547156595;1547156595;1547156594;"Tvty";2019;14;"de";"Ab in den Urlaub";"Mund zu! Es stimmt.";"Kabel 1";NA;NA;NA
"255";1547241317;1547241317;1547241309;"Tvty";2019;14;"de";"Ab in den Urlaub";"Mund zu! Es stimmt.";"ProSieben";NA;NA;NA
"256";1547570060;1547570060;1547570055;"Tvty";2019;0;"de";"Ab in den Urlaub";"Mund zu! Es stimmt.";"ProSieben";NA;NA;NA
"257";1547660418;1547660418;1547660412;"Tvty";2019;0;"de";"Ab in den Urlaub";"Mund zu! Es stimmt.";"ProSieben";NA;NA;NA
"258";1547706097;1547706097;1547706094;"Tvty";2019;0;"de";"Ab in den Urlaub";"Mund zu! Es stimmt.";"Kabel 1";NA;NA;NA
"259";1547737772;1547737772;1547737763;"Tvty";2019;0;"de";"Ab in den Urlaub";"Mund zu! Es stimmt.";"Kabel 1";NA;NA;NA
"260";1546973615;1546973615;1546973615;"Tvty";2019;14;"de";"Ab in den Urlaub";"Mund zu! Es stimmt.";"ProSieben";NA;NA;NA
"261";1547101230;1547101230;1547101229;"Tvty";2019;14;"de";"Ab in den Urlaub";"Mund zu! Es stimmt.";"Sat1";NA;NA;NA
"262";1547127500;1547127500;1547127499;"Tvty";2019;14;"de";"Ab in den Urlaub";"Mund zu! Es stimmt.";"Sat1";NA;NA;NA
"263";1547318036;1547318036;1547318028;"Tvty";2019;14;"de";"Ab in den Urlaub";"Mund zu! Es stimmt.";"Sat1";NA;NA;NA
"264";1547319092;1547319092;1547319085;"Tvty";2019;14;"de";"Ab in den Urlaub";"Mund zu! Es stimmt.";"Kabel 1";NA;NA;NA
"265";1547327266;1547327266;1547327258;"Tvty";2019;14;"de";"Ab in den Urlaub";"Mund zu! Es stimmt.";"Sat1";NA;NA;NA
"266";1547656351;1547656351;1547656348;"Tvty";2019;0;"de";"Ab in den Urlaub";"Mund zu! Es stimmt.";"ProSieben";NA;NA;NA
"267";1547759327;1547759327;1547759322;"Tvty";2019;0;"de";"Ab in den Urlaub";"Mund zu! Es stimmt.";"Kabel 1";NA;NA;NA
"268";1548091132;1548091132;1548091128;"Tvty";2019;0;"de";"Ab in den Urlaub";"Mund zu! Es stimmt.";"Kabel 1";NA;NA;NA
"269";1548194587;1548194587;1548194584;"Tvty";2019;0;"de";"Ab in den Urlaub";"Mund zu! Es stimmt.";"ProSieben";NA;NA;NA
"270";1546085011;1546085011;1546085010;"Tvty";2019;14;"de";"Ab in den Urlaub";"Mund zu! Es stimmt.";"Sat1";NA;NA;NA
"271";1546453134;1546453134;1546453133;"Tvty";2019;14;"de";"Ab in den Urlaub";"Mund zu! Es stimmt.";"Kabel 1";NA;NA;NA
"272";1547288083;1547288083;1547288076;"Tvty";2019;14;"de";"Ab in den Urlaub";"Mund zu! Es stimmt.";"Sat1";NA;NA;NA
"273";1547495248;1547495248;1547495240;"Tvty";2019;14;"de";"Ab in den Urlaub";"Mund zu! Es stimmt.";"Sat1";NA;NA;NA
"274";1547569383;1547569383;1547569378;"Tvty";2019;0;"de";"Ab in den Urlaub";"Mund zu! Es stimmt.";"Kabel 1";NA;NA;NA
"275";1547747349;1547747349;1547747344;"Tvty";2019;0;"de";"Ab in den Urlaub";"Mund zu! Es stimmt.";"Sat1";NA;NA;NA
"276";1547971701;1547971701;1547971696;"Tvty";2019;0;"de";"Ab in den Urlaub";"Mund zu! Es stimmt.";"Sat1";NA;NA;NA
"277";1547981733;1547981733;1547981728;"Tvty";2019;0;"de";"Ab in den Urlaub";"Mund zu! Es stimmt.";"ProSieben";NA;NA;NA
"278";1548076336;1548076336;1548076333;"Tvty";2019;0;"de";"Ab in den Urlaub";"Mund zu! Es stimmt.";"Sat1";NA;NA;NA
"279";1548187863;1548187863;1548187859;"Tvty";2019;0;"de";"Ab in den Urlaub";"Mund zu! Es stimmt.";"ProSieben";NA;NA;NA
"280";1546582397;1546582397;1546582396;"Tvty";2019;14;"de";"Ab in den Urlaub";"Mund zu! Es stimmt.";"Kabel 1";NA;NA;NA
"281";1546777679;1546777679;1546777678;"Tvty";2019;14;"de";"Ab in den Urlaub";"Mund zu! Es stimmt.";"ProSieben";NA;NA;NA
"282";1547192864;1547192864;1547192863;"Tvty";2019;14;"de";"Ab in den Urlaub";"Mund zu! Es stimmt.";"Sat1";NA;NA;NA
"283";1547570511;1547570511;1547570508;"Tvty";2019;0;"de";"Ab in den Urlaub";"Mund zu! Es stimmt.";"Kabel 1";NA;NA;NA
"284";1547908540;1547908540;1547908535;"Tvty";2019;0;"de";"Ab in den Urlaub";"Mund zu! Es stimmt.";"Sat1";NA;NA;NA
"285";1547918690;1547918690;1547918686;"Tvty";2019;0;"de";"Ab in den Urlaub";"Mund zu! Es stimmt.";"ProSieben";NA;NA;NA
"286";1548178802;1548178802;1548178797;"Tvty";2019;0;"de";"Ab in den Urlaub";"Mund zu! Es stimmt.";"ProSieben";NA;NA;NA
"287";1547012171;1547012171;1547012170;"Tvty";2019;14;"de";"Ab in den Urlaub";"Mund zu! Es stimmt.";"ProSieben";NA;NA;NA
"288";1547106516;1547106516;1547106515;"Tvty";2019;14;"de";"Ab in den Urlaub";"Mund zu! Es stimmt.";"Kabel 1";NA;NA;NA
"289";1547367621;1547367621;1547367613;"Tvty";2019;14;"de";"Ab in den Urlaub";"Mund zu! Es stimmt.";"Sat1";NA;NA;NA
"290";1547496380;1547496380;1547496376;"Tvty";2019;9;"de";"Ab in den Urlaub";"Mund zu! Es stimmt.";"Sat1";NA;NA;NA
"291";1547889614;1547889614;1547889609;"Tvty";2019;0;"de";"Ab in den Urlaub";"Mund zu! Es stimmt.";"Sat1";NA;NA;NA
"292";1547899075;1547899075;1547899072;"Tvty";2019;0;"de";"Ab in den Urlaub";"Mund zu! Es stimmt.";"ProSieben";NA;NA;NA
"293";1547925163;1547925163;1547925160;"Tvty";2019;0;"de";"Ab in den Urlaub";"Mund zu! Es stimmt.";"Sat1";NA;NA;NA
"294";1547933660;1547933660;1547933656;"Tvty";2019;0;"de";"Ab in den Urlaub";"Mund zu! Es stimmt.";"Sat1";NA;NA;NA
"295";1547996574;1547996574;1547996569;"Tvty";2019;0;"de";"Ab in den Urlaub";"Mund zu! Es stimmt.";"Sat1";NA;NA;NA
"296";1546239236;1546239236;1546239235;"Tvty";2019;14;"de";"Ab in den Urlaub";"Mund zu! Es stimmt.";"Sat1";NA;NA;NA
"297";1546240707;1546240707;1546240706;"Tvty";2019;14;"de";"Ab in den Urlaub";"Mund zu! Es stimmt.";"ProSieben";NA;NA;NA
"298";1547495311;1547495311;1547495308;"Tvty";2019;9;"de";"Ab in den Urlaub";"Mund zu! Es stimmt.";"Kabel 1";NA;NA;NA
"299";1547538315;1547538315;1547538308;"Tvty";2019;14;"de";"Ab in den Urlaub";"Mund zu! Es stimmt.";"Kabel 1";NA;NA;NA
"300";1547589791;1547589791;1547589786;"Tvty";2019;0;"de";"Ab in den Urlaub";"Mund zu! Es stimmt.";"ProSieben";NA;NA;NA
"301";1547664238;1547664238;1547664235;"Tvty";2019;0;"de";"Ab in den Urlaub";"Mund zu! Es stimmt.";"Kabel 1";NA;NA;NA
"302";1547757271;1547757271;1547757268;"Tvty";2019;0;"de";"Ab in den Urlaub";"Mund zu! Es stimmt.";"ProSieben";NA;NA;NA
"303";1547792170;1547792170;1547792167;"Tvty";2019;0;"de";"Ab in den Urlaub";"Mund zu! Es stimmt.";"Kabel 1";NA;NA;NA
"304";1547833528;1547833528;1547833524;"Tvty";2019;0;"de";"Ab in den Urlaub";"Mund zu! Es stimmt.";"Sat1";NA;NA;NA
"305";1546013945;1546013945;1546013944;"Tvty";2019;14;"de";"Ab in den Urlaub";"Mund zu! Es stimmt.";"Kabel 1";NA;NA;NA
"306";1546730789;1546730789;1546730788;"Tvty";2019;14;"de";"Ab in den Urlaub";"Mund zu! Es stimmt.";"Sat1";NA;NA;NA
"307";1547901423;1547901423;1547901420;"Tvty";2019;0;"de";"Ab in den Urlaub";"Mund zu! Es stimmt.";"Sat1";NA;NA;NA
"308";1547902616;1547902616;1547902613;"Tvty";2019;0;"de";"Ab in den Urlaub";"Mund zu! Es stimmt.";"ProSieben";NA;NA;NA
"309";1548088380;1548088380;1548088377;"Tvty";2019;0;"de";"Ab in den Urlaub";"Mund zu! Es stimmt.";"ProSieben";NA;NA;NA
"310";1546092233;1546092233;1546092232;"Tvty";2019;14;"de";"Ab in den Urlaub";"Mund zu! Es stimmt.";"ProSieben";NA;NA;NA
"311";1546365711;1546365711;1546365710;"Tvty";2019;14;"de";"Ab in den Urlaub";"Mund zu! Es stimmt.";"Sat1";NA;NA;NA
"312";1547144873;1547144873;1547144872;"Tvty";2019;14;"de";"Ab in den Urlaub";"Mund zu! Es stimmt.";"Sat1";NA;NA;NA
"313";1547393653;1547393653;1547393645;"Tvty";2019;14;"de";"Ab in den Urlaub";"Mund zu! Es stimmt.";"Kabel 1";NA;NA;NA
"314";1547794232;1547794232;1547794227;"Tvty";2019;0;"de";"Ab in den Urlaub";"Mund zu! Es stimmt.";"Kabel 1";NA;NA;NA
"315";1547983702;1547983702;1547983696;"Tvty";2019;0;"de";"Ab in den Urlaub";"Mund zu! Es stimmt.";"ProSieben";NA;NA;NA
"316";1548141389;1548141389;1548141384;"Tvty";2019;0;"de";"Ab in den Urlaub";"Mund zu! Es stimmt.";"Sat1";NA;NA;NA
"317";1546373661;1546373661;1546373661;"Tvty";2019;14;"de";"Ab in den Urlaub";"Mund zu! Es stimmt.";"Kabel 1";NA;NA;NA
"318";1546682519;1546682519;1546682518;"Tvty";2019;14;"de";"Ab in den Urlaub";"Mund zu! Es stimmt.";"Sat1";NA;NA;NA
"319";1547448455;1547448455;1547448448;"Tvty";2019;14;"de";"Ab in den Urlaub";"Mund zu! Es stimmt.";"Kabel 1";NA;NA;NA
"320";1547582666;1547582666;1547582660;"Tvty";2019;0;"de";"Ab in den Urlaub";"Mund zu! Es stimmt.";"Sat1";NA;NA;NA
"321";1547622679;1547622679;1547622674;"Tvty";2019;0;"de";"Ab in den Urlaub";"Mund zu! Es stimmt.";"Kabel 1";NA;NA;NA
"322";1547662750;1547662750;1547662744;"Tvty";2019;0;"de";"Ab in den Urlaub";"Mund zu! Es stimmt.";"Kabel 1";NA;NA;NA
"323";1547674835;1547674835;1547674831;"Tvty";2019;0;"de";"Ab in den Urlaub";"Mund zu! Es stimmt.";"Sat1";NA;NA;NA
"324";1546198964;1546198964;1546198963;"Tvty";2019;14;"de";"Ab in den Urlaub";"Mund zu! Es stimmt.";"Sat1";NA;NA;NA
"325";1546242412;1546242412;1546242411;"Tvty";2019;14;"de";"Ab in den Urlaub";"Mund zu! Es stimmt.";"Sat1";NA;NA;NA
"326";1546672559;1546672559;1546672558;"Tvty";2019;14;"de";"Ab in den Urlaub";"Mund zu! Es stimmt.";"Sat1";NA;NA;NA
"327";1547069939;1547069939;1547069938;"Tvty";2019;14;"de";"Ab in den Urlaub";"Mund zu! Es stimmt.";"Sat1";NA;NA;NA
"328";1547327231;1547327231;1547327223;"Tvty";2019;14;"de";"Ab in den Urlaub";"Mund zu! Es stimmt.";"ProSieben";NA;NA;NA
"329";1547451997;1547451997;1547451989;"Tvty";2019;14;"de";"Ab in den Urlaub";"Mund zu! Es stimmt.";"Kabel 1";NA;NA;NA
"330";1547578632;1547578632;1547578627;"Tvty";2019;0;"de";"Ab in den Urlaub";"Mund zu! Es stimmt.";"ProSieben";NA;NA;NA
"331";1547998365;1547998365;1547998361;"Tvty";2019;0;"de";"Ab in den Urlaub";"Mund zu! Es stimmt.";"Sat1";NA;NA;NA
"332";1548001651;1548001651;1548001646;"Tvty";2019;0;"de";"Ab in den Urlaub";"Mund zu! Es stimmt.";"Sat1";NA;NA;NA
"333";1548015525;1548015525;1548015521;"Tvty";2019;0;"de";"Ab in den Urlaub";"Mund zu! Es stimmt.";"Kabel 1";NA;NA;NA
"334";1546705063;1546705063;1546705062;"Tvty";2019;14;"de";"Ab in den Urlaub";"Mund zu! Es stimmt.";"Sat1";NA;NA;NA
"335";1546843228;1546843228;1546843226;"Tvty";2019;14;"de";"Ab in den Urlaub";"Mund zu! Es stimmt.";"Sat1";NA;NA;NA
"336";1547016380;1547016380;1547016378;"Tvty";2019;14;"de";"Ab in den Urlaub";"Mund zu! Es stimmt.";"Kabel 1";NA;NA;NA
"338";1547016380;1547016380;1547016379;"Tvty";2019;14;"de";"Ab in den Urlaub";"Mund zu! Es stimmt.";"Sat1";NA;NA;NA
"339";1547568337;1547568337;1547568334;"Tvty";2019;0;"de";"Ab in den Urlaub";"Mund zu! Es stimmt.";"Sat1";NA;NA;NA
"340";1547668057;1547668057;1547668054;"Tvty";2019;0;"de";"Ab in den Urlaub";"Mund zu! Es stimmt.";"ProSieben";NA;NA;NA
"341";1547975666;1547975666;1547975661;"Tvty";2019;0;"de";"Ab in den Urlaub";"Mund zu! Es stimmt.";"Sat1";NA;NA;NA
"342";1548194188;1548194188;1548194185;"Tvty";2019;0;"de";"Ab in den Urlaub";"Mund zu! Es stimmt.";"Kabel 1";NA;NA;NA
"343";1546380182;1546380182;1546380181;"Tvty";2019;14;"de";"Ab in den Urlaub";"Mund zu! Es stimmt.";"Sat1";NA;NA;NA
"344";1546802000;1546802000;1546801997;"Tvty";2019;14;"de";"Ab in den Urlaub";"Mund zu! Es stimmt.";"Kabel 1";NA;NA;NA
"345";1546802000;1546802000;1546801999;"Tvty";2019;14;"de";"Ab in den Urlaub";"Mund zu! Es stimmt.";"Sat1";NA;NA;NA
"346";1547104901;1547104901;1547104900;"Tvty";2019;14;"de";"Ab in den Urlaub";"Mund zu! Es stimmt.";"Sat1";NA;NA;NA
"347";1547314963;1547314963;1547314955;"Tvty";2019;14;"de";"Ab in den Urlaub";"Mund zu! Es stimmt.";"Sat1";NA;NA;NA
"348";1547588261;1547588261;1547588256;"Tvty";2019;0;"de";"Ab in den Urlaub";"Mund zu! Es stimmt.";"Sat1";NA;NA;NA
"349";1547746817;1547746817;1547746813;"Tvty";2019;0;"de";"Ab in den Urlaub";"Mund zu! Es stimmt.";"ProSieben";NA;NA;NA
"350";1547980448;1547980448;1547980443;"Tvty";2019;0;"de";"Ab in den Urlaub";"Mund zu! Es stimmt.";"Sat1";NA;NA;NA
"351";1548091348;1548091348;1548091342;"Tvty";2019;0;"de";"Ab in den Urlaub";"Mund zu! Es stimmt.";"Sat1";NA;NA;NA
"352";1548139578;1548139578;1548139573;"Tvty";2019;0;"de";"Ab in den Urlaub";"Mund zu! Es stimmt.";"Kabel 1";NA;NA;NA
"353";1546285050;1546285050;1546285050;"Tvty";2019;14;"de";"Ab in den Urlaub";"Mund zu! Es stimmt.";"ProSieben";NA;NA;NA
"354";1546328777;1546328777;1546328776;"Tvty";2019;14;"de";"Ab in den Urlaub";"Mund zu! Es stimmt.";"Sat1";NA;NA;NA
"355";1546693103;1546693103;1546693102;"Tvty";2019;14;"de";"Ab in den Urlaub";"Mund zu! Es stimmt.";"ProSieben";NA;NA;NA
"356";1547380453;1547380453;1547380445;"Tvty";2019;14;"de";"Ab in den Urlaub";"Mund zu! Es stimmt.";"Sat1";NA;NA;NA
"357";1547541236;1547541236;1547541229;"Tvty";2019;14;"de";"Ab in den Urlaub";"Mund zu! Es stimmt.";"ProSieben";NA;NA;NA
"358";1547752420;1547752420;1547752416;"Tvty";2019;0;"de";"Ab in den Urlaub";"Mund zu! Es stimmt.";"Sat1";NA;NA;NA
"359";1547993542;1547993542;1547993539;"Tvty";2019;0;"de";"Ab in den Urlaub";"Mund zu! Es stimmt.";"Kabel 1";NA;NA;NA
"360";1548010294;1548010294;1548010289;"Tvty";2019;0;"de";"Ab in den Urlaub";"Mund zu! Es stimmt.";"ProSieben";NA;NA;NA
"361";1548023566;1548023566;1548023561;"Tvty";2019;0;"de";"Ab in den Urlaub";"Mund zu! Es stimmt.";"Sat1";NA;NA;NA
"362";1546365041;1546365041;1546365040;"Tvty";2019;14;"de";"Ab in den Urlaub";"Mund zu! Es stimmt.";"Kabel 1";NA;NA;NA
"363";1546756289;1546756289;1546756288;"Tvty";2019;14;"de";"Ab in den Urlaub";"Mund zu! Es stimmt.";"Sat1";NA;NA;NA
"364";1546778896;1546778896;1546778895;"Tvty";2019;14;"de";"Ab in den Urlaub";"Mund zu! Es stimmt.";"ProSieben";NA;NA;NA
"365";1546845275;1546845275;1546845274;"Tvty";2019;14;"de";"Ab in den Urlaub";"Mund zu! Es stimmt.";"ProSieben";NA;NA;NA
"366";1546931750;1546931750;1546931749;"Tvty";2019;14;"de";"Ab in den Urlaub";"Mund zu! Es stimmt.";"Sat1";NA;NA;NA
"367";1546409536;1546409536;1546409535;"Tvty";2019;14;"de";"Ab in den Urlaub";"Mund zu! Es stimmt.";"ProSieben";NA;NA;NA
"368";1546771566;1546771566;1546771565;"Tvty";2019;14;"de";"Ab in den Urlaub";"Mund zu! Es stimmt.";"Sat1";NA;NA;NA
"369";1546932216;1546932216;1546932215;"Tvty";2019;14;"de";"Ab in den Urlaub";"Mund zu! Es stimmt.";"ProSieben";NA;NA;NA
"370";1547969613;1547969613;1547969607;"Tvty";2019;0;"de";"Ab in den Urlaub";"Mund zu! Es stimmt.";"Sat1";NA;NA;NA
"371";1546494857;1546494857;1546494856;"Tvty";2019;14;"de";"Ab in den Urlaub";"Mund zu! Es stimmt.";"Kabel 1";NA;NA;NA
"372";1546538537;1546538537;1546538536;"Tvty";2019;14;"de";"Ab in den Urlaub";"Mund zu! Es stimmt.";"Sat1";NA;NA;NA
"373";1547244237;1547244237;1547244228;"Tvty";2019;14;"de";"Ab in den Urlaub";"Mund zu! Es stimmt.";"Kabel 1";NA;NA;NA
"374";1547298906;1547298906;1547298899;"Tvty";2019;14;"de";"Ab in den Urlaub";"Mund zu! Es stimmt.";"Sat1";NA;NA;NA
"375";1547401718;1547401718;1547401711;"Tvty";2019;14;"de";"Ab in den Urlaub";"Mund zu! Es stimmt.";"Kabel 1";NA;NA;NA
"376";1547536702;1547536702;1547536697;"Tvty";2019;9;"de";"Ab in den Urlaub";"Mund zu! Es stimmt.";"Sat1";NA;NA;NA
"377";1547829221;1547829221;1547829218;"Tvty";2019;0;"de";"Ab in den Urlaub";"Mund zu! Es stimmt.";"ProSieben";NA;NA;NA
"378";1546235872;1546235872;1546235871;"Tvty";2019;14;"de";"Ab in den Urlaub";"Mund zu! Es stimmt.";"Kabel 1";NA;NA;NA
"379";1546883230;1546883230;1546883229;"Tvty";2019;14;"de";"Ab in den Urlaub";"Mund zu! Es stimmt.";"Kabel 1";NA;NA;NA
"380";1547578120;1547578120;1547578117;"Tvty";2019;0;"de";"Ab in den Urlaub";"Mund zu! Es stimmt.";"Sat1";NA;NA;NA
"381";1546925082;1546925082;1546925081;"Tvty";2019;14;"de";"Ab in den Urlaub";"Mund zu! Es stimmt.";"Kabel 1";NA;NA;NA
"382";1547311893;1547311893;1547311885;"Tvty";2019;14;"de";"Ab in den Urlaub";"Mund zu! Es stimmt.";"Sat1";NA;NA;NA
"383";1547571130;1547571130;1547571125;"Tvty";2019;0;"de";"Ab in den Urlaub";"Mund zu! Es stimmt.";"Sat1";NA;NA;NA
"384";1546106319;1546106319;1546106318;"Tvty";2019;14;"de";"Ab in den Urlaub";"Mund zu! Es stimmt.";"Kabel 1";NA;NA;NA
"385";1546447657;1546447657;1546447656;"Tvty";2019;14;"de";"Ab in den Urlaub";"Mund zu! Es stimmt.";"ProSieben";NA;NA;NA
"386";1547015560;1547015560;1547015558;"Tvty";2019;14;"de";"Ab in den Urlaub";"Mund zu! Es stimmt.";"ProSieben";NA;NA;NA
"387";1547188666;1547188666;1547188665;"Tvty";2019;14;"de";"Ab in den Urlaub";"Mund zu! Es stimmt.";"ProSieben";NA;NA;NA
"388";1547244169;1547244169;1547244162;"Tvty";2019;14;"de";"Ab in den Urlaub";"Mund zu! Es stimmt.";"Sat1";NA;NA;NA
"389";1547929218;1547929218;1547929214;"Tvty";2019;0;"de";"Ab in den Urlaub";"Mund zu! Es stimmt.";"ProSieben";NA;NA;NA
"390";1548134167;1548134167;1548134162;"Tvty";2019;0;"de";"Ab in den Urlaub";"Mund zu! Es stimmt.";"Sat1";NA;NA;NA
"391";1546726268;1546726268;1546726267;"Tvty";2019;14;"de";"Ab in den Urlaub";"Mund zu! Es stimmt.";"ProSieben";NA;NA;NA
"392";1547885577;1547885577;1547885572;"Tvty";2019;0;"de";"Ab in den Urlaub";"Mund zu! Es stimmt.";"Sat1";NA;NA;NA
"393";1547906825;1547906825;1547906818;"Tvty";2019;0;"de";"Ab in den Urlaub";"Mund zu! Es stimmt.";"Kabel 1";NA;NA;NA
"394";1548141117;1548141117;1548141112;"Tvty";2019;0;"de";"Ab in den Urlaub";"Mund zu! Es stimmt.";"ProSieben";NA;NA;NA
"395";1548175960;1548175960;1548175955;"Tvty";2019;0;"de";"Ab in den Urlaub";"Mund zu! Es stimmt.";"ProSieben";NA;NA;NA
"396";1546729211;1546729211;1546729210;"Tvty";2019;14;"de";"Ab in den Urlaub";"Mund zu! Es stimmt.";"Sat1";NA;NA;NA
"397";1547295180;1547295180;1547295173;"Tvty";2019;14;"de";"Ab in den Urlaub";"Mund zu! Es stimmt.";"Sat1";NA;NA;NA
"398";1547618091;1547618091;1547618088;"Tvty";2019;0;"de";"Ab in den Urlaub";"Mund zu! Es stimmt.";"ProSieben";NA;NA;NA
"399";1547898039;1547898039;1547898036;"Tvty";2019;0;"de";"Ab in den Urlaub";"Mund zu! Es stimmt.";"Sat1";NA;NA;NA
"400";1548090697;1548090697;1548090692;"Tvty";2019;0;"de";"Ab in den Urlaub";"Mund zu! Es stimmt.";"ProSieben";NA;NA;NA
"401";1546892926;1546892926;1546892925;"Tvty";2019;14;"de";"Ab in den Urlaub";"Mund zu! Es stimmt.";"Kabel 1";NA;NA;NA
"402";1547487990;1547487990;1547487985;"Tvty";2019;9;"de";"Ab in den Urlaub";"Mund zu! Es stimmt.";"Kabel 1";NA;NA;NA
"403";1547619511;1547619511;1547619506;"Tvty";2019;0;"de";"Ab in den Urlaub";"Mund zu! Es stimmt.";"Kabel 1";NA;NA;NA
"404";1546325921;1546325921;1546325919;"Tvty";2019;14;"de";"Ab in den Urlaub";"Mund zu! Es stimmt.";"Kabel 1";NA;NA;NA
"405";1546381911;1546381911;1546381910;"Tvty";2019;14;"de";"Ab in den Urlaub";"Mund zu! Es stimmt.";"ProSieben";NA;NA;NA
"406";1546419303;1546419303;1546419302;"Tvty";2019;14;"de";"Ab in den Urlaub";"Mund zu! Es stimmt.";"Kabel 1";NA;NA;NA
"407";1546802015;1546802015;1546801997;"Tvty";2019;14;"de";"Ab in den Urlaub";"Mund zu! Es stimmt.";"Kabel 1";NA;NA;NA
"408";1546969336;1546969336;1546969335;"Tvty";2019;14;"de";"Ab in den Urlaub";"Mund zu! Es stimmt.";"ProSieben";NA;NA;NA
"409";1547185746;1547185746;1547185745;"Tvty";2019;14;"de";"Ab in den Urlaub";"Mund zu! Es stimmt.";"ProSieben";NA;NA;NA
"410";1547390672;1547390672;1547390665;"Tvty";2019;14;"de";"Ab in den Urlaub";"Mund zu! Es stimmt.";"Kabel 1";NA;NA;NA
"411";1547534888;1547534888;1547534880;"Tvty";2019;14;"de";"Ab in den Urlaub";"Mund zu! Es stimmt.";"ProSieben";NA;NA;NA
"412";1547574452;1547574452;1547574447;"Tvty";2019;0;"de";"Ab in den Urlaub";"Mund zu! Es stimmt.";"Sat1";NA;NA;NA
"413";1547586480;1547586480;1547586476;"Tvty";2019;0;"de";"Ab in den Urlaub";"Mund zu! Es stimmt.";"ProSieben";NA;NA;NA
"414";1547587246;1547587246;1547587241;"Tvty";2019;0;"de";"Ab in den Urlaub";"Mund zu! Es stimmt.";"Kabel 1";NA;NA;NA
"415";1547742605;1547742605;1547742600;"Tvty";2019;0;"de";"Ab in den Urlaub";"Mund zu! Es stimmt.";"ProSieben";NA;NA;NA
"416";1547931852;1547931852;1547931846;"Tvty";2019;0;"de";"Ab in den Urlaub";"Mund zu! Es stimmt.";"Kabel 1";NA;NA;NA
"417";1547935357;1547935357;1547935352;"Tvty";2019;0;"de";"Ab in den Urlaub";"Mund zu! Es stimmt.";"Sat1";NA;NA;NA
"418";1547983410;1547983410;1547983406;"Tvty";2019;0;"de";"Ab in den Urlaub";"Mund zu! Es stimmt.";"Kabel 1";NA;NA;NA
"419";1548015847;1548015847;1548015844;"Tvty";2019;0;"de";"Ab in den Urlaub";"Mund zu! Es stimmt.";"ProSieben";NA;NA;NA
"420";1548027482;1548027482;1548027478;"Tvty";2019;0;"de";"Ab in den Urlaub";"Mund zu! Es stimmt.";"Kabel 1";NA;NA;NA
"421";1546272349;1546272349;1546272347;"Tvty";2019;14;"de";"Ab in den Urlaub";"Mund zu! Es stimmt.";"Sat1";NA;NA;NA
"422";1546410105;1546410105;1546410104;"Tvty";2019;14;"de";"Ab in den Urlaub";"Mund zu! Es stimmt.";"Sat1";NA;NA;NA
"423";1547984767;1547984767;1547984761;"Tvty";2019;0;"de";"Ab in den Urlaub";"Mund zu! Es stimmt.";"Kabel 1";NA;NA;NA
"424";1548055073;1548055073;1548055068;"Tvty";2019;0;"de";"Ab in den Urlaub";"Mund zu! Es stimmt.";"Sat1";NA;NA;NA
"425";1548092479;1548092479;1548092476;"Tvty";2019;0;"de";"Ab in den Urlaub";"Mund zu! Es stimmt.";"ProSieben";NA;NA;NA
"426";1546235600;1546235600;1546235599;"Tvty";2019;14;"de";"Ab in den Urlaub";"Mund zu! Es stimmt.";"Sat1";NA;NA;NA
"427";1546928215;1546928215;1546928214;"Tvty";2019;14;"de";"Ab in den Urlaub";"Mund zu! Es stimmt.";"Sat1";NA;NA;NA
"428";1547146544;1547146544;1547146544;"Tvty";2019;14;"de";"Ab in den Urlaub";"Mund zu! Es stimmt.";"ProSieben";NA;NA;NA
"429";1547383717;1547383717;1547383710;"Tvty";2019;14;"de";"Ab in den Urlaub";"Mund zu! Es stimmt.";"Kabel 1";NA;NA;NA
"430";1547927344;1547927344;1547927341;"Tvty";2019;0;"de";"Ab in den Urlaub";"Mund zu! Es stimmt.";"Kabel 1";NA;NA;NA
"431";1548005059;1548005059;1548005055;"Tvty";2019;0;"de";"Ab in den Urlaub";"Mund zu! Es stimmt.";"ProSieben";NA;NA;NA
"432";1546275481;1546275481;1546275480;"Tvty";2019;14;"de";"Ab in den Urlaub";"Mund zu! Es stimmt.";"ProSieben";NA;NA;NA
"433";1547104186;1547104186;1547104181;"Tvty";2019;14;"de";"Ab in den Urlaub";"Mund zu! Es stimmt.";"ProSieben";NA;NA;NA
"434";1547311993;1547311993;1547311986;"Tvty";2019;14;"de";"Ab in den Urlaub";"Mund zu! Es stimmt.";"ProSieben";NA;NA;NA
"435";1547364455;1547364455;1547364447;"Tvty";2019;14;"de";"Ab in den Urlaub";"Mund zu! Es stimmt.";"Sat1";NA;NA;NA
"436";1547369092;1547369092;1547369084;"Tvty";2019;14;"de";"Ab in den Urlaub";"Mund zu! Es stimmt.";"Sat1";NA;NA;NA
"437";1547500027;1547500027;1547500023;"Tvty";2019;9;"de";"Ab in den Urlaub";"Mund zu! Es stimmt.";"ProSieben";NA;NA;NA
"438";1547617317;1547617317;1547617313;"Tvty";2019;0;"de";"Ab in den Urlaub";"Mund zu! Es stimmt.";"Sat1";NA;NA;NA
"439";1548143244;1548143244;1548143239;"Tvty";2019;0;"de";"Ab in den Urlaub";"Mund zu! Es stimmt.";"Kabel 1";NA;NA;NA
"440";1546361936;1546361936;1546361935;"Tvty";2019;14;"de";"Ab in den Urlaub";"Mund zu! Es stimmt.";"Sat1";NA;NA;NA
"441";1546625816;1546625816;1546625816;"Tvty";2019;14;"de";"Ab in den Urlaub";"Mund zu! Es stimmt.";"Kabel 1";NA;NA;NA
"442";1547837613;1547837613;1547837609;"Tvty";2019;0;"de";"Ab in den Urlaub";"Mund zu! Es stimmt.";"ProSieben";NA;NA;NA
"443";1548181284;1548181284;1548181281;"Tvty";2019;0;"de";"Ab in den Urlaub";"Mund zu! Es stimmt.";"Kabel 1";NA;NA;NA
"444";1546494346;1546494346;1546494345;"Tvty";2019;14;"de";"Ab in den Urlaub";"Mund zu! Es stimmt.";"ProSieben";NA;NA;NA
"445";1546966128;1546966128;1546966126;"Tvty";2019;14;"de";"Ab in den Urlaub";"Mund zu! Es stimmt.";"Sat1";NA;NA;NA
"446";1547012635;1547012635;1547012634;"Tvty";2019;14;"de";"Ab in den Urlaub";"Mund zu! Es stimmt.";"Sat1";NA;NA;NA
"447";1547387453;1547387453;1547387446;"Tvty";2019;14;"de";"Ab in den Urlaub";"Mund zu! Es stimmt.";"Kabel 1";NA;NA;NA
"448";1547483586;1547483586;1547483582;"Tvty";2019;9;"de";"Ab in den Urlaub";"Mund zu! Es stimmt.";"ProSieben";NA;NA;NA
"449";1547657259;1547657259;1547657253;"Tvty";2019;0;"de";"Ab in den Urlaub";"Mund zu! Es stimmt.";"ProSieben";NA;NA;NA
"450";1547795877;1547795877;1547795873;"Tvty";2019;0;"de";"Ab in den Urlaub";"Mund zu! Es stimmt.";"Sat1";NA;NA;NA
"451";1547927663;1547927663;1547927659;"Tvty";2019;0;"de";"Ab in den Urlaub";"Mund zu! Es stimmt.";"ProSieben";NA;NA;NA
"452";1546326983;1546326983;1546326982;"Tvty";2019;14;"de";"Ab in den Urlaub";"Mund zu! Es stimmt.";"Sat1";NA;NA;NA
"453";1546551249;1546551249;1546551248;"Tvty";2019;14;"de";"Ab in den Urlaub";"Mund zu! Es stimmt.";"Sat1";NA;NA;NA
"454";1546681456;1546681456;1546681455;"Tvty";2019;14;"de";"Ab in den Urlaub";"Mund zu! Es stimmt.";"Sat1";NA;NA;NA
"455";1547421990;1547421990;1547421982;"Tvty";2019;14;"de";"Ab in den Urlaub";"Mund zu! Es stimmt.";"Sat1";NA;NA;NA
"456";1547501167;1547501167;1547501162;"Tvty";2019;9;"de";"Ab in den Urlaub";"Mund zu! Es stimmt.";"Kabel 1";NA;NA;NA
"457";1547583365;1547583365;1547583362;"Tvty";2019;0;"de";"Ab in den Urlaub";"Mund zu! Es stimmt.";"ProSieben";NA;NA;NA
"458";1547624455;1547624455;1547624452;"Tvty";2019;0;"de";"Ab in den Urlaub";"Mund zu! Es stimmt.";"Kabel 1";NA;NA;NA
"459";1547842011;1547842011;1547842008;"Tvty";2019;0;"de";"Ab in den Urlaub";"Mund zu! Es stimmt.";"Kabel 1";NA;NA;NA
"460";1547935312;1547935312;1547935308;"Tvty";2019;0;"de";"Ab in den Urlaub";"Mund zu! Es stimmt.";"Kabel 1";NA;NA;NA
"461";1547988327;1547988327;1547988322;"Tvty";2019;0;"de";"Ab in den Urlaub";"Mund zu! Es stimmt.";"Kabel 1";NA;NA;NA
"462";1547989406;1547989406;1547989402;"Tvty";2019;0;"de";"Ab in den Urlaub";"Mund zu! Es stimmt.";"Sat1";NA;NA;NA
"463";1548014163;1548014163;1548014158;"Tvty";2019;0;"de";"Ab in den Urlaub";"Mund zu! Es stimmt.";"ProSieben";NA;NA;NA
"464";1546494026;1546494026;1546494025;"Tvty";2019;14;"de";"Ab in den Urlaub";"Mund zu! Es stimmt.";"Sat1";NA;NA;NA
"465";1546619040;1546619040;1546619039;"Tvty";2019;14;"de";"Ab in den Urlaub";"Mund zu! Es stimmt.";"Kabel 1";NA;NA;NA
"466";1547664797;1547664797;1547664792;"Tvty";2019;0;"de";"Ab in den Urlaub";"Mund zu! Es stimmt.";"ProSieben";NA;NA;NA
"467";1546245054;1546245054;1546245053;"Tvty";2019;14;"de";"Ab in den Urlaub";"Mund zu! Es stimmt.";"Kabel 1";NA;NA;NA
"468";1546585890;1546585890;1546585889;"Tvty";2019;14;"de";"Ab in den Urlaub";"Mund zu! Es stimmt.";"ProSieben";NA;NA;NA
"469";1546678162;1546678162;1546678161;"Tvty";2019;14;"de";"Ab in den Urlaub";"Mund zu! Es stimmt.";"Sat1";NA;NA;NA
"470";1546784843;1546784843;1546784842;"Tvty";2019;14;"de";"Ab in den Urlaub";"Mund zu! Es stimmt.";"Kabel 1";NA;NA;NA
"471";1547531327;1547531327;1547531319;"Tvty";2019;14;"de";"Ab in den Urlaub";"Mund zu! Es stimmt.";"Kabel 1";NA;NA;NA
"472";1547571056;1547571056;1547571053;"Tvty";2019;0;"de";"Ab in den Urlaub";"Mund zu! Es stimmt.";"ProSieben";NA;NA;NA
"473";1547908914;1547908914;1547908910;"Tvty";2019;0;"de";"Ab in den Urlaub";"Mund zu! Es stimmt.";"Kabel 1";NA;NA;NA
"474";1547931120;1547931120;1547931115;"Tvty";2019;0;"de";"Ab in den Urlaub";"Mund zu! Es stimmt.";"ProSieben";NA;NA;NA
"475";1547932346;1547932346;1547932343;"Tvty";2019;0;"de";"Ab in den Urlaub";"Mund zu! Es stimmt.";"ProSieben";NA;NA;NA
"476";1546772589;1546772589;1546772588;"Tvty";2019;14;"de";"Ab in den Urlaub";"Mund zu! Es stimmt.";"Kabel 1";NA;NA;NA
"477";1547621175;1547621175;1547621171;"Tvty";2019;0;"de";"Ab in den Urlaub";"Mund zu! Es stimmt.";"ProSieben";NA;NA;NA
"478";1547704028;1547704028;1547704023;"Tvty";2019;0;"de";"Ab in den Urlaub";"Mund zu! Es stimmt.";"Kabel 1";NA;NA;NA
"479";1547705756;1547705756;1547705752;"Tvty";2019;0;"de";"Ab in den Urlaub";"Mund zu! Es stimmt.";"Sat1";NA;NA;NA
"480";1547967502;1547967502;1547967497;"Tvty";2019;0;"de";"Ab in den Urlaub";"Mund zu! Es stimmt.";"Sat1";NA;NA;NA
"481";1547987779;1547987779;1547987775;"Tvty";2019;0;"de";"Ab in den Urlaub";"Mund zu! Es stimmt.";"Sat1";NA;NA;NA
"482";1548183299;1548183299;1548183296;"Tvty";2019;0;"de";"Ab in den Urlaub";"Mund zu! Es stimmt.";"ProSieben";NA;NA;NA
"483";1546200898;1546200898;1546200897;"Tvty";2019;14;"de";"Ab in den Urlaub";"Mund zu! Es stimmt.";"Kabel 1";NA;NA;NA
"484";1546805786;1546805786;1546805784;"Tvty";2019;14;"de";"Ab in den Urlaub";"Mund zu! Es stimmt.";"Kabel 1";NA;NA;NA
"485";1546815802;1546815802;1546815801;"Tvty";2019;14;"de";"Ab in den Urlaub";"Mund zu! Es stimmt.";"Sat1";NA;NA;NA
"486";1546888324;1546888324;1546888323;"Tvty";2019;14;"de";"Ab in den Urlaub";"Mund zu! Es stimmt.";"ProSieben";NA;NA;NA
"487";1547137690;1547137690;1547137689;"Tvty";2019;14;"de";"Ab in den Urlaub";"Mund zu! Es stimmt.";"ProSieben";NA;NA;NA
"488";1547922502;1547922502;1547922497;"Tvty";2019;0;"de";"Ab in den Urlaub";"Mund zu! Es stimmt.";"Kabel 1";NA;NA;NA
"489";1548092611;1548092611;1548092606;"Tvty";2019;0;"de";"Ab in den Urlaub";"Mund zu! Es stimmt.";"Sat1";NA;NA;NA
"490";1548105408;1548105408;1548105404;"Tvty";2019;0;"de";"Ab in den Urlaub";"Mund zu! Es stimmt.";"Kabel 1";NA;NA;NA
"491";1546551715;1546551715;1546551714;"Tvty";2019;14;"de";"Ab in den Urlaub";"Mund zu! Es stimmt.";"ProSieben";NA;NA;NA
"492";1547307035;1547307035;1547307027;"Tvty";2019;14;"de";"Ab in den Urlaub";"Mund zu! Es stimmt.";"Sat1";NA;NA;NA
"493";1547415299;1547415299;1547415291;"Tvty";2019;14;"de";"Ab in den Urlaub";"Mund zu! Es stimmt.";"Sat1";NA;NA;NA
"494";1547572868;1547572868;1547572863;"Tvty";2019;0;"de";"Ab in den Urlaub";"Mund zu! Es stimmt.";"Kabel 1";NA;NA;NA
"495";1547898769;1547898769;1547898766;"Tvty";2019;0;"de";"Ab in den Urlaub";"Mund zu! Es stimmt.";"Kabel 1";NA;NA;NA
"496";1548009735;1548009735;1548009731;"Tvty";2019;0;"de";"Ab in den Urlaub";"Mund zu! Es stimmt.";"Kabel 1";NA;NA;NA
"497";1548019100;1548019100;1548019095;"Tvty";2019;0;"de";"Ab in den Urlaub";"Mund zu! Es stimmt.";"Sat1";NA;NA;NA
"498";1548189327;1548189327;1548189324;"Tvty";2019;0;"de";"Ab in den Urlaub";"Mund zu! Es stimmt.";"Sat1";NA;NA;NA
"499";1546497897;1546497897;1546497896;"Tvty";2019;14;"de";"Ab in den Urlaub";"Mund zu! Es stimmt.";"Sat1";NA;NA;NA
"500";1546723027;1546723027;1546723026;"Tvty";2019;14;"de";"Ab in den Urlaub";"Mund zu! Es stimmt.";"ProSieben";NA;NA;NA
"501";1546764659;1546764659;1546764658;"Tvty";2019;14;"de";"Ab in den Urlaub";"Mund zu! Es stimmt.";"Sat1";NA;NA;NA
"502";1547141112;1547141112;1547141112;"Tvty";2019;14;"de";"Ab in den Urlaub";"Mund zu! Es stimmt.";"Sat1";NA;NA;NA
"503";1547389525;1547389525;1547389517;"Tvty";2019;14;"de";"Ab in den Urlaub";"Mund zu! Es stimmt.";"ProSieben";NA;NA;NA
"504";1547670647;1547670647;1547670644;"Tvty";2019;0;"de";"Ab in den Urlaub";"Mund zu! Es stimmt.";"Sat1";NA;NA;NA
"505";1547793982;1547793982;1547793976;"Tvty";2019;0;"de";"Ab in den Urlaub";"Mund zu! Es stimmt.";"ProSieben";NA;NA;NA
"506";1547318898;1547318898;1547318891;"Tvty";2019;14;"de";"Ab in den Urlaub";"Mund zu! Es stimmt.";"Sat1";NA;NA;NA
"507";1547619433;1547619433;1547619428;"Tvty";2019;0;"de";"Ab in den Urlaub";"Mund zu! Es stimmt.";"Sat1";NA;NA;NA
"508";1547707594;1547707594;1547707589;"Tvty";2019;0;"de";"Ab in den Urlaub";"Mund zu! Es stimmt.";"Kabel 1";NA;NA;NA
"509";1547790927;1547790927;1547790922;"Tvty";2019;0;"de";"Ab in den Urlaub";"Mund zu! Es stimmt.";"Kabel 1";NA;NA;NA
"510";1547915586;1547915586;1547915581;"Tvty";2019;0;"de";"Ab in den Urlaub";"Mund zu! Es stimmt.";"ProSieben";NA;NA;NA
"511";1548051469;1548051469;1548051463;"Tvty";2019;0;"de";"Ab in den Urlaub";"Mund zu! Es stimmt.";"Kabel 1";NA;NA;NA
"512";1548175237;1548175237;1548175231;"Tvty";2019;0;"de";"Ab in den Urlaub";"Mund zu! Es stimmt.";"Kabel 1";NA;NA;NA
"513";1546773918;1546773918;1546773917;"Tvty";2019;14;"de";"Ab in den Urlaub";"Mund zu! Es stimmt.";"ProSieben";NA;NA;NA
"514";1547395847;1547395847;1547395840;"Tvty";2019;14;"de";"Ab in den Urlaub";"Mund zu! Es stimmt.";"ProSieben";NA;NA;NA
"515";1547625430;1547625430;1547625425;"Tvty";2019;0;"de";"Ab in den Urlaub";"Mund zu! Es stimmt.";"ProSieben";NA;NA;NA
"516";1548000343;1548000343;1548000338;"Tvty";2019;0;"de";"Ab in den Urlaub";"Mund zu! Es stimmt.";"ProSieben";NA;NA;NA
"517";1548054978;1548054978;1548054975;"Tvty";2019;0;"de";"Ab in den Urlaub";"Mund zu! Es stimmt.";"ProSieben";NA;NA;NA
"518";1548179244;1548179244;1548179239;"Tvty";2019;0;"de";"Ab in den Urlaub";"Mund zu! Es stimmt.";"Sat1";NA;NA;NA
"519";1546691114;1546691114;1546691113;"Tvty";2019;14;"de";"Ab in den Urlaub";"Mund zu! Es stimmt.";"Sat1";NA;NA;NA
"520";1546883334;1546883334;1546883333;"Tvty";2019;14;"de";"Ab in den Urlaub";"Mund zu! Es stimmt.";"Sat1";NA;NA;NA
"521";1547499007;1547499007;1547498999;"Tvty";2019;14;"de";"Ab in den Urlaub";"Mund zu! Es stimmt.";"Kabel 1";NA;NA;NA
"522";1547795412;1547795412;1547795409;"Tvty";2019;0;"de";"Ab in den Urlaub";"Mund zu! Es stimmt.";"ProSieben";NA;NA;NA
"523";1547831569;1547831569;1547831565;"Tvty";2019;0;"de";"Ab in den Urlaub";"Mund zu! Es stimmt.";"ProSieben";NA;NA;NA
"524";1547922956;1547922956;1547922951;"Tvty";2019;0;"de";"Ab in den Urlaub";"Mund zu! Es stimmt.";"ProSieben";NA;NA;NA
"525";1548018383;1548018383;1548018379;"Tvty";2019;0;"de";"Ab in den Urlaub";"Mund zu! Es stimmt.";"Kabel 1";NA;NA;NA
"526";1548137670;1548137670;1548137667;"Tvty";2019;0;"de";"Ab in den Urlaub";"Mund zu! Es stimmt.";"Kabel 1";NA;NA;NA
"527";1548196646;1548196646;1548196642;"Tvty";2019;0;"de";"Ab in den Urlaub";"Mund zu! Es stimmt.";"Sat1";NA;NA;NA
"528";1546713109;1546713109;1546713108;"Tvty";2019;14;"de";"Ab in den Urlaub";"Mund zu! Es stimmt.";"Sat1";NA;NA;NA
"529";1547012997;1547012997;1547012995;"Tvty";2019;14;"de";"Ab in den Urlaub";"Mund zu! Es stimmt.";"Kabel 1";NA;NA;NA
"530";1547292433;1547292433;1547292425;"Tvty";2019;14;"de";"Ab in den Urlaub";"Mund zu! Es stimmt.";"Kabel 1";NA;NA;NA
"531";1547743628;1547743628;1547743625;"Tvty";2019;0;"de";"Ab in den Urlaub";"Mund zu! Es stimmt.";"ProSieben";NA;NA;NA
"532";1547935069;1547935069;1547935064;"Tvty";2019;0;"de";"Ab in den Urlaub";"Mund zu! Es stimmt.";"ProSieben";NA;NA;NA
"533";1548141094;1548141094;1548141091;"Tvty";2019;0;"de";"Ab in den Urlaub";"Mund zu! Es stimmt.";"Kabel 1";NA;NA;NA
"534";1546116266;1546116266;1546116265;"Tvty";2019;14;"de";"Ab in den Urlaub";"Mund zu! Es stimmt.";"Sat1";NA;NA;NA
"535";1546182085;1546182085;1546182084;"Tvty";2019;14;"de";"Ab in den Urlaub";"Mund zu! Es stimmt.";"ProSieben";NA;NA;NA
"536";1546206204;1546206204;1546206203;"Tvty";2019;14;"de";"Ab in den Urlaub";"Mund zu! Es stimmt.";"Sat1";NA;NA;NA
"537";1546285521;1546285521;1546285520;"Tvty";2019;14;"de";"Ab in den Urlaub";"Mund zu! Es stimmt.";"Kabel 1";NA;NA;NA
"538";1546286866;1546286866;1546286864;"Tvty";2019;14;"de";"Ab in den Urlaub";"Mund zu! Es stimmt.";"Kabel 1";NA;NA;NA
"539";1546684479;1546684479;1546684478;"Tvty";2019;14;"de";"Ab in den Urlaub";"Mund zu! Es stimmt.";"Sat1";NA;NA;NA
"540";1546719225;1546719225;1546719225;"Tvty";2019;14;"de";"Ab in den Urlaub";"Mund zu! Es stimmt.";"ProSieben";NA;NA;NA
"541";1547533119;1547533119;1547533116;"Tvty";2019;9;"de";"Ab in den Urlaub";"Mund zu! Es stimmt.";"Sat1";NA;NA;NA
"542";1547572177;1547572177;1547572166;"Tvty";2019;10;"de";"Ab in den Urlaub";"Mund zu! Es stimmt.";"ProSieben";NA;NA;NA
"543";1547758947;1547758947;1547758942;"Tvty";2019;0;"de";"Ab in den Urlaub";"Mund zu! Es stimmt.";"Sat1";NA;NA;NA
"544";1547887869;1547887869;1547887864;"Tvty";2019;0;"de";"Ab in den Urlaub";"Mund zu! Es stimmt.";"Sat1";NA;NA;NA
"545";1547982264;1547982264;1547982258;"Tvty";2019;0;"de";"Ab in den Urlaub";"Mund zu! Es stimmt.";"Sat1";NA;NA;NA
"546";1546584355;1546584355;1546584354;"Tvty";2019;14;"de";"Ab in den Urlaub";"Mund zu! Es stimmt.";"Sat1";NA;NA;NA
"547";1546974796;1546974796;1546974795;"Tvty";2019;14;"de";"Ab in den Urlaub";"Mund zu! Es stimmt.";"Kabel 1";NA;NA;NA
"548";1547052573;1547052573;1547052572;"Tvty";2019;14;"de";"Ab in den Urlaub";"Mund zu! Es stimmt.";"ProSieben";NA;NA;NA
"549";1547581178;1547581178;1547581175;"Tvty";2019;0;"de";"Ab in den Urlaub";"Mund zu! Es stimmt.";"Sat1";NA;NA;NA
"550";1547673083;1547673083;1547673078;"Tvty";2019;0;"de";"Ab in den Urlaub";"Mund zu! Es stimmt.";"Sat1";NA;NA;NA
"551";1547793927;1547793927;1547793922;"Tvty";2019;0;"de";"Ab in den Urlaub";"Mund zu! Es stimmt.";"Sat1";NA;NA;NA
"552";1547994626;1547994626;1547994621;"Tvty";2019;0;"de";"Ab in den Urlaub";"Mund zu! Es stimmt.";"ProSieben";NA;NA;NA
"553";1548017228;1548017228;1548017225;"Tvty";2019;0;"de";"Ab in den Urlaub";"Mund zu! Es stimmt.";"ProSieben";NA;NA;NA
"554";1546184039;1546184039;1546184037;"Tvty";2019;14;"de";"Ab in den Urlaub";"Mund zu! Es stimmt.";"Sat1";NA;NA;NA
"555";1547270704;1547270704;1547270696;"Tvty";2019;14;"de";"Ab in den Urlaub";"Mund zu! Es stimmt.";"Kabel 1";NA;NA;NA
"556";1547397355;1547397355;1547397348;"Tvty";2019;14;"de";"Ab in den Urlaub";"Mund zu! Es stimmt.";"Sat1";NA;NA;NA
"557";1547843689;1547843689;1547843686;"Tvty";2019;0;"de";"Ab in den Urlaub";"Mund zu! Es stimmt.";"Sat1";NA;NA;NA
"558";1548052917;1548052917;1548052914;"Tvty";2019;0;"de";"Ab in den Urlaub";"Mund zu! Es stimmt.";"Sat1";NA;NA;NA
"559";1546180869;1546180869;1546180868;"Tvty";2019;14;"de";"Ab in den Urlaub";"Mund zu! Es stimmt.";"Sat1";NA;NA;NA
"560";1546415334;1546415334;1546415333;"Tvty";2019;14;"de";"Ab in den Urlaub";"Mund zu! Es stimmt.";"Sat1";NA;NA;NA
"561";1546501793;1546501793;1546501792;"Tvty";2019;14;"de";"Ab in den Urlaub";"Mund zu! Es stimmt.";"Kabel 1";NA;NA;NA
"562";1546581284;1546581284;1546581283;"Tvty";2019;14;"de";"Ab in den Urlaub";"Mund zu! Es stimmt.";"Kabel 1";NA;NA;NA
"563";1547576363;1547576363;1547576357;"Tvty";2019;0;"de";"Ab in den Urlaub";"Mund zu! Es stimmt.";"Kabel 1";NA;NA;NA
"564";1547842318;1547842318;1547842313;"Tvty";2019;0;"de";"Ab in den Urlaub";"Mund zu! Es stimmt.";"Sat1";NA;NA;NA
"565";1548196275;1548196275;1548196272;"Tvty";2019;0;"de";"Ab in den Urlaub";"Mund zu! Es stimmt.";"ProSieben";NA;NA;NA
"566";1546686326;1546686326;1546686324;"Tvty";2019;14;"de";"Ab in den Urlaub";"Mund zu! Es stimmt.";"Sat1";NA;NA;NA
"567";1547319162;1547319162;1547319155;"Tvty";2019;14;"de";"Ab in den Urlaub";"Mund zu! Es stimmt.";"ProSieben";NA;NA;NA
"568";1547400396;1547400396;1547400388;"Tvty";2019;14;"de";"Ab in den Urlaub";"Mund zu! Es stimmt.";"ProSieben";NA;NA;NA
"569";1546283586;1546283586;1546283585;"Tvty";2019;14;"de";"Ab in den Urlaub";"Mund zu! Es stimmt.";"ProSieben";NA;NA;NA
"570";1546378715;1546378715;1546378714;"Tvty";2019;14;"de";"Ab in den Urlaub";"Mund zu! Es stimmt.";"Sat1";NA;NA;NA
"571";1546692717;1546692717;1546692716;"Tvty";2019;14;"de";"Ab in den Urlaub";"Mund zu! Es stimmt.";"Kabel 1";NA;NA;NA
"572";1546931777;1546931777;1546931775;"Tvty";2019;14;"de";"Ab in den Urlaub";"Mund zu! Es stimmt.";"Kabel 1";NA;NA;NA
"573";1547274428;1547274428;1547274421;"Tvty";2019;14;"de";"Ab in den Urlaub";"Mund zu! Es stimmt.";"Kabel 1";NA;NA;NA
"574";1547315542;1547315542;1547315534;"Tvty";2019;14;"de";"Ab in den Urlaub";"Mund zu! Es stimmt.";"ProSieben";NA;NA;NA
"575";1547400724;1547400724;1547400717;"Tvty";2019;14;"de";"Ab in den Urlaub";"Mund zu! Es stimmt.";"Kabel 1";NA;NA;NA
"576";1547618097;1547618097;1547618091;"Tvty";2019;0;"de";"Ab in den Urlaub";"Mund zu! Es stimmt.";"Kabel 1";NA;NA;NA
"577";1547618097;1547618097;1547618088;"Tvty";2019;0;"de";"Ab in den Urlaub";"Mund zu! Es stimmt.";"ProSieben";NA;NA;NA
"578";1547749765;1547749765;1547749762;"Tvty";2019;0;"de";"Ab in den Urlaub";"Mund zu! Es stimmt.";"Sat1";NA;NA;NA
"579";1547904298;1547904298;1547904292;"Tvty";2019;0;"de";"Ab in den Urlaub";"Mund zu! Es stimmt.";"ProSieben";NA;NA;NA
"580";1547905150;1547905150;1547905144;"Tvty";2019;0;"de";"Ab in den Urlaub";"Mund zu! Es stimmt.";"Sat1";NA;NA;NA
"581";1548185889;1548185889;1548185885;"Tvty";2019;0;"de";"Ab in den Urlaub";"Mund zu! Es stimmt.";"Sat1";NA;NA;NA
"582";1546368670;1546368670;1546368669;"Tvty";2019;14;"de";"Ab in den Urlaub";"Mund zu! Es stimmt.";"Kabel 1";NA;NA;NA
"583";1546413671;1546413671;1546413670;"Tvty";2019;14;"de";"Ab in den Urlaub";"Mund zu! Es stimmt.";"Kabel 1";NA;NA;NA
"584";1546462590;1546462590;1546462589;"Tvty";2019;14;"de";"Ab in den Urlaub";"Mund zu! Es stimmt.";"Sat1";NA;NA;NA
"585";1547019987;1547019987;1547019985;"Tvty";2019;14;"de";"Ab in den Urlaub";"Mund zu! Es stimmt.";"Kabel 1";NA;NA;NA
"586";1547530063;1547530063;1547530058;"Tvty";2019;9;"de";"Ab in den Urlaub";"Mund zu! Es stimmt.";"ProSieben";NA;NA;NA
"587";1547584684;1547584684;1547584681;"Tvty";2019;0;"de";"Ab in den Urlaub";"Mund zu! Es stimmt.";"Sat1";NA;NA;NA
"588";1547615987;1547615987;1547615982;"Tvty";2019;0;"de";"Ab in den Urlaub";"Mund zu! Es stimmt.";"Kabel 1";NA;NA;NA
"589";1547883777;1547883777;1547883772;"Tvty";2019;0;"de";"Ab in den Urlaub";"Mund zu! Es stimmt.";"Sat1";NA;NA;NA
"590";1547916349;1547916349;1547916346;"Tvty";2019;0;"de";"Ab in den Urlaub";"Mund zu! Es stimmt.";"Kabel 1";NA;NA;NA
"591";1548016293;1548016293;1548016288;"Tvty";2019;0;"de";"Ab in den Urlaub";"Mund zu! Es stimmt.";"Sat1";NA;NA;NA
"592";1548092791;1548092791;1548092787;"Tvty";2019;0;"de";"Ab in den Urlaub";"Mund zu! Es stimmt.";"Kabel 1";NA;NA;NA
"593";1546279906;1546279906;1546279905;"Tvty";2019;14;"de";"Ab in den Urlaub";"Mund zu! Es stimmt.";"Sat1";NA;NA;NA
"594";1546781352;1546781352;1546781352;"Tvty";2019;14;"de";"Ab in den Urlaub";"Mund zu! Es stimmt.";"ProSieben";NA;NA;NA
"595";1547382968;1547382968;1547382960;"Tvty";2019;14;"de";"Ab in den Urlaub";"Mund zu! Es stimmt.";"ProSieben";NA;NA;NA
"596";1548049990;1548049990;1548049986;"Tvty";2019;0;"de";"Ab in den Urlaub";"Mund zu! Es stimmt.";"Kabel 1";NA;NA;NA
"597";1546805936;1546805936;1546805935;"Tvty";2019;14;"de";"Ab in den Urlaub";"Mund zu! Es stimmt.";"Sat1";NA;NA;NA
"598";1547073484;1547073484;1547073483;"Tvty";2019;14;"de";"Ab in den Urlaub";"Mund zu! Es stimmt.";"Kabel 1";NA;NA;NA
"599";1547584253;1547584253;1547584249;"Tvty";2019;0;"de";"Ab in den Urlaub";"Mund zu! Es stimmt.";"Kabel 1";NA;NA;NA
"600";1547620952;1547620952;1547620948;"Tvty";2019;0;"de";"Ab in den Urlaub";"Mund zu! Es stimmt.";"Sat1";NA;NA;NA
"601";1547702696;1547702696;1547702693;"Tvty";2019;0;"de";"Ab in den Urlaub";"Mund zu! Es stimmt.";"ProSieben";NA;NA;NA
"602";1547704575;1547704575;1547704570;"Tvty";2019;0;"de";"Ab in den Urlaub";"Mund zu! Es stimmt.";"ProSieben";NA;NA;NA
"603";1547709421;1547709421;1547709418;"Tvty";2019;0;"de";"Ab in den Urlaub";"Mund zu! Es stimmt.";"Sat1";NA;NA;NA
"604";1547745101;1547745101;1547745096;"Tvty";2019;0;"de";"Ab in den Urlaub";"Mund zu! Es stimmt.";"ProSieben";NA;NA;NA
"605";1547848990;1547848990;1547848984;"Tvty";2019;0;"de";"Ab in den Urlaub";"Mund zu! Es stimmt.";"Kabel 1";NA;NA;NA
"606";1548053513;1548053513;1548053509;"Tvty";2019;0;"de";"Ab in den Urlaub";"Mund zu! Es stimmt.";"Kabel 1";NA;NA;NA
"607";1548135627;1548135627;1548135623;"Tvty";2019;0;"de";"Ab in den Urlaub";"Mund zu! Es stimmt.";"Sat1";NA;NA;NA
"608";1546369959;1546369959;1546369958;"Tvty";2019;14;"de";"Ab in den Urlaub";"Mund zu! Es stimmt.";"ProSieben";NA;NA;NA
"609";1547235588;1547235588;1547235581;"Tvty";2019;14;"de";"Ab in den Urlaub";"Mund zu! Es stimmt.";"ProSieben";NA;NA;NA
"610";1547533345;1547533345;1547533342;"Tvty";2019;9;"de";"Ab in den Urlaub";"Mund zu! Es stimmt.";"ProSieben";NA;NA;NA
"611";1547986032;1547986032;1547986026;"Tvty";2019;0;"de";"Ab in den Urlaub";"Mund zu! Es stimmt.";"Sat1";NA;NA;NA
"612";1547992072;1547992072;1547992067;"Tvty";2019;0;"de";"Ab in den Urlaub";"Mund zu! Es stimmt.";"ProSieben";NA;NA;NA
"613";1548198040;1548198040;1548198036;"Tvty";2019;0;"de";"Ab in den Urlaub";"Mund zu! Es stimmt.";"Kabel 1";NA;NA;NA
"614";1546026092;1546026092;1546026091;"Tvty";2019;14;"de";"Ab in den Urlaub";"Mund zu! Es stimmt.";"ProSieben";NA;NA;NA
"615";1546544370;1546544370;1546544368;"Tvty";2019;14;"de";"Ab in den Urlaub";"Mund zu! Es stimmt.";"Sat1";NA;NA;NA
"616";1547622782;1547622782;1547622777;"Tvty";2019;0;"de";"Ab in den Urlaub";"Mund zu! Es stimmt.";"ProSieben";NA;NA;NA
"617";1547750916;1547750916;1547750913;"Tvty";2019;0;"de";"Ab in den Urlaub";"Mund zu! Es stimmt.";"Sat1";NA;NA;NA
"618";1547916231;1547916231;1547916227;"Tvty";2019;0;"de";"Ab in den Urlaub";"Mund zu! Es stimmt.";"Sat1";NA;NA;NA
"619";1548048408;1548048408;1548048405;"Tvty";2019;0;"de";"Ab in den Urlaub";"Mund zu! Es stimmt.";"ProSieben";NA;NA;NA
"620";1548136388;1548136388;1548136383;"Tvty";2019;0;"de";"Ab in den Urlaub";"Mund zu! Es stimmt.";"Kabel 1";NA;NA;NA
"621";1546280231;1546280231;1546280229;"Tvty";2019;14;"de";"Ab in den Urlaub";"Mund zu! Es stimmt.";"Kabel 1";NA;NA;NA
"622";1546407986;1546407986;1546407985;"Tvty";2019;14;"de";"Ab in den Urlaub";"Mund zu! Es stimmt.";"ProSieben";NA;NA;NA
"623";1546466470;1546466470;1546466468;"Tvty";2019;14;"de";"Ab in den Urlaub";"Mund zu! Es stimmt.";"Kabel 1";NA;NA;NA
"624";1546721153;1546721153;1546721151;"Tvty";2019;14;"de";"Ab in den Urlaub";"Mund zu! Es stimmt.";"Kabel 1";NA;NA;NA
"625";1547292091;1547292091;1547292083;"Tvty";2019;14;"de";"Ab in den Urlaub";"Mund zu! Es stimmt.";"Sat1";NA;NA;NA
"626";1547330507;1547330507;1547330500;"Tvty";2019;14;"de";"Ab in den Urlaub";"Mund zu! Es stimmt.";"Kabel 1";NA;NA;NA
"627";1547912702;1547912702;1547912698;"Tvty";2019;0;"de";"Ab in den Urlaub";"Mund zu! Es stimmt.";"ProSieben";NA;NA;NA
"628";1547995162;1547995162;1547995157;"Tvty";2019;0;"de";"Ab in den Urlaub";"Mund zu! Es stimmt.";"Kabel 1";NA;NA;NA
"629";1547797496;1547797496;1547797491;"Tvty";2019;0;"de";"Ab in den Urlaub";"Mund zu! Es stimmt.";"Sat1";NA;NA;NA
"630";1548008140;1548008140;1548008136;"Tvty";2019;0;"de";"Ab in den Urlaub";"Mund zu! Es stimmt.";"Sat1";NA;NA;NA
"631";1548016747;1548016747;1548016742;"Tvty";2019;0;"de";"Ab in den Urlaub";"Mund zu! Es stimmt.";"Kabel 1";NA;NA;NA
"632";1547418365;1547418365;1547418357;"Tvty";2019;14;"de";"Ab in den Urlaub";"Mund zu! Es stimmt.";"Sat1";NA;NA;NA
"633";1547659404;1547659404;1547659399;"Tvty";2019;0;"de";"Ab in den Urlaub";"Mund zu! Es stimmt.";"Kabel 1";NA;NA;NA
"634";1547832145;1547832145;1547832140;"Tvty";2019;0;"de";"Ab in den Urlaub";"Mund zu! Es stimmt.";"Sat1";NA;NA;NA
"635";1547998065;1547998065;1547998062;"Tvty";2019;0;"de";"Ab in den Urlaub";"Mund zu! Es stimmt.";"Kabel 1";NA;NA;NA
"636";1548008090;1548008090;1548008087;"Tvty";2019;0;"de";"Ab in den Urlaub";"Mund zu! Es stimmt.";"Kabel 1";NA;NA;NA
"637";1548142706;1548142706;1548142702;"Tvty";2019;0;"de";"Ab in den Urlaub";"Mund zu! Es stimmt.";"ProSieben";NA;NA;NA
"638";1546696568;1546696568;1546696567;"Tvty";2019;14;"de";"Ab in den Urlaub";"Mund zu! Es stimmt.";"ProSieben";NA;NA;NA
"639";1546725479;1546725479;1546725478;"Tvty";2019;14;"de";"Ab in den Urlaub";"Mund zu! Es stimmt.";"Sat1";NA;NA;NA
"640";1546898426;1546898426;1546898425;"Tvty";2019;14;"de";"Ab in den Urlaub";"Mund zu! Es stimmt.";"Sat1";NA;NA;NA
"641";1548020700;1548020700;1548020695;"Tvty";2019;0;"de";"Ab in den Urlaub";"Mund zu! Es stimmt.";"Kabel 1";NA;NA;NA
"642";1548103908;1548103908;1548103903;"Tvty";2019;0;"de";"Ab in den Urlaub";"Mund zu! Es stimmt.";"Kabel 1";NA;NA;NA
"643";1546013913;1546013913;1546013912;"Tvty";2019;14;"de";"Ab in den Urlaub";"Mund zu! Es stimmt.";"Sat1";NA;NA;NA
"644";1546114303;1546114303;1546114302;"Tvty";2019;14;"de";"Ab in den Urlaub";"Mund zu! Es stimmt.";"ProSieben";NA;NA;NA
"645";1547101006;1547101006;1547101005;"Tvty";2019;14;"de";"Ab in den Urlaub";"Mund zu! Es stimmt.";"ProSieben";NA;NA;NA
"646";1547292869;1547292869;1547292860;"Tvty";2019;14;"de";"Ab in den Urlaub";"Mund zu! Es stimmt.";"ProSieben";NA;NA;NA
"647";1547405217;1547405217;1547405209;"Tvty";2019;14;"de";"Ab in den Urlaub";"Mund zu! Es stimmt.";"Kabel 1";NA;NA;NA
"648";1547593247;1547593247;1547593244;"Tvty";2019;0;"de";"Ab in den Urlaub";"Mund zu! Es stimmt.";"Sat1";NA;NA;NA
"649";1547708347;1547708347;1547708344;"Tvty";2019;0;"de";"Ab in den Urlaub";"Mund zu! Es stimmt.";"ProSieben";NA;NA;NA
"650";1547742186;1547742186;1547742183;"Tvty";2019;0;"de";"Ab in den Urlaub";"Mund zu! Es stimmt.";"Kabel 1";NA;NA;NA
"651";1548010033;1548010033;1548010029;"Tvty";2019;0;"de";"Ab in den Urlaub";"Mund zu! Es stimmt.";"Sat1";NA;NA;NA
"652";1548192898;1548192898;1548192894;"Tvty";2019;0;"de";"Ab in den Urlaub";"Mund zu! Es stimmt.";"Sat1";NA;NA;NA
"653";1546085302;1546085302;1546085301;"Tvty";2019;14;"de";"Ab in den Urlaub";"Mund zu! Es stimmt.";"Kabel 1";NA;NA;NA
"654";1546715555;1546715555;1546715554;"Tvty";2019;14;"de";"Ab in den Urlaub";"Mund zu! Es stimmt.";"ProSieben";NA;NA;NA
"655";1546782532;1546782532;1546782530;"Tvty";2019;14;"de";"Ab in den Urlaub";"Mund zu! Es stimmt.";"Sat1";NA;NA;NA
"656";1546977887;1546977887;1546977885;"Tvty";2019;14;"de";"Ab in den Urlaub";"Mund zu! Es stimmt.";"Sat1";NA;NA;NA
"657";1547410081;1547410081;1547410072;"Tvty";2019;14;"de";"Ab in den Urlaub";"Mund zu! Es stimmt.";"ProSieben";NA;NA;NA
"658";1547741266;1547741266;1547741262;"Tvty";2019;0;"de";"Ab in den Urlaub";"Mund zu! Es stimmt.";"Sat1";NA;NA;NA
"659";1547745725;1547745725;1547745722;"Tvty";2019;0;"de";"Ab in den Urlaub";"Mund zu! Es stimmt.";"Kabel 1";NA;NA;NA
"660";1547987044;1547987044;1547987040;"Tvty";2019;0;"de";"Ab in den Urlaub";"Mund zu! Es stimmt.";"ProSieben";NA;NA;NA
"661";1548011604;1548011604;1548011600;"Tvty";2019;0;"de";"Ab in den Urlaub";"Mund zu! Es stimmt.";"Sat1";NA;NA;NA
"662";1548018412;1548018412;1548018407;"Tvty";2019;0;"de";"Ab in den Urlaub";"Mund zu! Es stimmt.";"ProSieben";NA;NA;NA
"663";1548095341;1548095341;1548095337;"Tvty";2019;0;"de";"Ab in den Urlaub";"Mund zu! Es stimmt.";"Sat1";NA;NA;NA
"664";1546805596;1546805596;1546805594;"Tvty";2019;14;"de";"Ab in den Urlaub";"Mund zu! Es stimmt.";"ProSieben";NA;NA;NA
"665";1547061194;1547061194;1547061193;"Tvty";2019;14;"de";"Ab in den Urlaub";"Mund zu! Es stimmt.";"Sat1";NA;NA;NA
"666";1547498042;1547498042;1547498034;"Tvty";2019;14;"de";"Ab in den Urlaub";"Mund zu! Es stimmt.";"ProSieben";NA;NA;NA
"667";1547579629;1547579629;1547579626;"Tvty";2019;0;"de";"Ab in den Urlaub";"Mund zu! Es stimmt.";"Kabel 1";NA;NA;NA
"668";1547792222;1547792222;1547792219;"Tvty";2019;0;"de";"Ab in den Urlaub";"Mund zu! Es stimmt.";"Sat1";NA;NA;NA
"669";1548053377;1548053377;1548053372;"Tvty";2019;0;"de";"Ab in den Urlaub";"Mund zu! Es stimmt.";"ProSieben";NA;NA;NA
"670";1546784610;1546784610;1546784609;"Tvty";2019;14;"de";"Ab in den Urlaub";"Mund zu! Es stimmt.";"ProSieben";NA;NA;NA
"671";1547497502;1547497502;1547497494;"Tvty";2019;14;"de";"Ab in den Urlaub";"Mund zu! Es stimmt.";"Kabel 1";NA;NA;NA
"672";1547910335;1547910335;1547910330;"Tvty";2019;0;"de";"Ab in den Urlaub";"Mund zu! Es stimmt.";"Kabel 1";NA;NA;NA
"673";1547983802;1547983802;1547983797;"Tvty";2019;0;"de";"Ab in den Urlaub";"Mund zu! Es stimmt.";"Sat1";NA;NA;NA
"674";1546094383;1546094383;1546094383;"Tvty";2019;14;"de";"Ab in den Urlaub";"Mund zu! Es stimmt.";"Sat1";NA;NA;NA
"675";1546326202;1546326202;1546326201;"Tvty";2019;14;"de";"Ab in den Urlaub";"Mund zu! Es stimmt.";"ProSieben";NA;NA;NA
"676";1547454687;1547454687;1547454680;"Tvty";2019;14;"de";"Ab in den Urlaub";"Mund zu! Es stimmt.";"ProSieben";NA;NA;NA
"677";1547536313;1547536313;1547536308;"Tvty";2019;9;"de";"Ab in den Urlaub";"Mund zu! Es stimmt.";"ProSieben";NA;NA;NA
"678";1547705975;1547705975;1547705971;"Tvty";2019;0;"de";"Ab in den Urlaub";"Mund zu! Es stimmt.";"ProSieben";NA;NA;NA
"679";1547847258;1547847258;1547847252;"Tvty";2019;0;"de";"Ab in den Urlaub";"Mund zu! Es stimmt.";"ProSieben";NA;NA;NA
"680";1547891382;1547891382;1547891377;"Tvty";2019;0;"de";"Ab in den Urlaub";"Mund zu! Es stimmt.";"Sat1";NA;NA;NA
"681";1547928605;1547928605;1547928598;"Tvty";2019;0;"de";"Ab in den Urlaub";"Mund zu! Es stimmt.";"Sat1";NA;NA;NA
"682";1548107949;1548107949;1548107945;"Tvty";2019;0;"de";"Ab in den Urlaub";"Mund zu! Es stimmt.";"ProSieben";NA;NA;NA
"683";1546537495;1546537495;1546537494;"Tvty";2019;14;"de";"Ab in den Urlaub";"Mund zu! Es stimmt.";"Kabel 1";NA;NA;NA
"684";1546924484;1546924484;1546924483;"Tvty";2019;14;"de";"Ab in den Urlaub";"Mund zu! Es stimmt.";"Sat1";NA;NA;NA
"685";1547099213;1547099213;1547099212;"Tvty";2019;14;"de";"Ab in den Urlaub";"Mund zu! Es stimmt.";"Kabel 1";NA;NA;NA
"686";1547392947;1547392947;1547392939;"Tvty";2019;14;"de";"Ab in den Urlaub";"Mund zu! Es stimmt.";"Sat1";NA;NA;NA
"687";1547625697;1547625697;1547625692;"Tvty";2019;0;"de";"Ab in den Urlaub";"Mund zu! Es stimmt.";"Kabel 1";NA;NA;NA
"688";1547990377;1547990377;1547990373;"Tvty";2019;0;"de";"Ab in den Urlaub";"Mund zu! Es stimmt.";"Kabel 1";NA;NA;NA
"689";1548021830;1548021830;1548021826;"Tvty";2019;0;"de";"Ab in den Urlaub";"Mund zu! Es stimmt.";"Kabel 1";NA;NA;NA
"690";1548051375;1548051375;1548051371;"Tvty";2019;0;"de";"Ab in den Urlaub";"Mund zu! Es stimmt.";"ProSieben";NA;NA;NA
"691";1546984760;1546984760;1546984759;"Tvty";2019;14;"de";"Ab in den Urlaub";"Mund zu! Es stimmt.";"Sat1";NA;NA;NA
"692";1547297796;1547297796;1547297788;"Tvty";2019;14;"de";"Ab in den Urlaub";"Mund zu! Es stimmt.";"ProSieben";NA;NA;NA
"693";1547404677;1547404677;1547404670;"Tvty";2019;14;"de";"Ab in den Urlaub";"Mund zu! Es stimmt.";"ProSieben";NA;NA;NA
"694";1547529753;1547529753;1547529749;"Tvty";2019;9;"de";"Ab in den Urlaub";"Mund zu! Es stimmt.";"Kabel 1";NA;NA;NA
"695";1547534699;1547534699;1547534691;"Tvty";2019;14;"de";"Ab in den Urlaub";"Mund zu! Es stimmt.";"Sat1";NA;NA;NA
"696";1547573898;1547573898;1547573894;"Tvty";2019;0;"de";"Ab in den Urlaub";"Mund zu! Es stimmt.";"ProSieben";NA;NA;NA
"697";1547755488;1547755488;1547755485;"Tvty";2019;0;"de";"Ab in den Urlaub";"Mund zu! Es stimmt.";"Sat1";NA;NA;NA
"698";1547911719;1547911719;1547911714;"Tvty";2019;0;"de";"Ab in den Urlaub";"Mund zu! Es stimmt.";"Sat1";NA;NA;NA
"699";1547930263;1547930263;1547930258;"Tvty";2019;0;"de";"Ab in den Urlaub";"Mund zu! Es stimmt.";"Sat1";NA;NA;NA
"700";1547932082;1547932082;1547932077;"Tvty";2019;0;"de";"Ab in den Urlaub";"Mund zu! Es stimmt.";"Sat1";NA;NA;NA
"701";1547938891;1547938891;1547938887;"Tvty";2019;0;"de";"Ab in den Urlaub";"Mund zu! Es stimmt.";"Sat1";NA;NA;NA
